symbol,exchange,company_name,display_name,en_company_name,watchlist_sector_l1,watchlist_sector_l2,watchlist_sector_l3,vietstock_sector_l1,vietstock_sector_l2,vietstock_sector_l3,website_group,financial_model,website_group_order,matched_keyword,mapping_confidence,suggestion_source,source_url,status,needs_review
AST,HOSE,CTCP Dịch vụ Hàng không Taseco,Dịch vụ Hàng không Taseco,Taseco Air Services JSC,Công nghiệp,Vận tải,Vận tải và logistics hàng không,Công nghiệp,Vận tải,Hạ tầng giao thông,Cảng & Logistics,NORMAL,14,logistics,WATCHLIST_FALLBACK,WATCHLIST,https://finance.vietstock.vn/AST/ho-so-doanh-nghiep.htm,OK,YES
AVC,UPCOM,CTCP Thủy điện A Vương,Thủy điện A Vương,A Vuong Hydropower JSC,Tiện ích,Tiện ích,Phát điện độc lập và điện tái tạo,Tiện ích,Phát điện độc lập và điện tái tạo,,Khác / cần duyệt,NORMAL,99,,REVIEW,,https://finance.vietstock.vn/AVC/ho-so-doanh-nghiep.htm,OK,YES
BCG,HOSE,CTCP Tập đoàn Bamboo Capital,Bamboo Capital,Bamboo Capital Group Joint Stock Company,Công nghiệp,Hàng hóa công nghiệp,Tập đoàn đa ngành,Công nghiệp,Hàng hóa công nghiệp,Tập đoàn đa ngành,Khác / cần duyệt,NORMAL,99,,REVIEW,,https://finance.vietstock.vn/BCG/ho-so-doanh-nghiep.htm,OK,YES
BCR,UPCOM,CTCP BCG Land,BCG Land,BCG Land Joint Stock Company,Bất động sản,Bất động sản,Quản lý và phát triển bất động sản,Bất động sản,Quản lý và phát triển bất động sản,,Khác / cần duyệt,NORMAL,99,,REVIEW,,https://finance.vietstock.vn/BCR/ho-so-doanh-nghiep.htm,OK,YES
BGE,UPCOM,CTCP BCG Energy,BCG Energy,BCG Energy Joint Stock Company,Tiện ích,Tiện ích,Phát điện độc lập và điện tái tạo,Tiện ích,Phát điện độc lập và điện tái tạo,,Khác / cần duyệt,NORMAL,99,,REVIEW,,https://finance.vietstock.vn/BGE/ho-so-doanh-nghiep.htm,OK,YES
BHA,UPCOM,CTCP Thủy điện Bắc Hà,Thủy điện Bắc Hà,Bac Ha Hydropower JSC,Tiện ích,Tiện ích,Phát điện độc lập và điện tái tạo,Tiện ích,Phát điện độc lập và điện tái tạo,,Khác / cần duyệt,NORMAL,99,,REVIEW,,https://finance.vietstock.vn/BHA/ho-so-doanh-nghiep.htm,OK,YES
BII,UPCOM,CTCP Louis Land,Louis Land,Louis Land JSC,Bất động sản,Bất động sản,Quản lý và phát triển bất động sản,Bất động sản,Quản lý và phát triển bất động sản,,Khác / cần duyệt,NORMAL,99,,REVIEW,,https://finance.vietstock.vn/BII/ho-so-doanh-nghiep.htm,OK,YES
BNW,UPCOM,CTCP Nước sạch Bắc Ninh,Nước sạch Bắc Ninh,Bac Ninh Clean Water Joint Stock Company,Tiện ích,Tiện ích,Nước,Tiện ích,Nước,,Khác / cần duyệt,NORMAL,99,,REVIEW,,https://finance.vietstock.vn/BNW/ho-so-doanh-nghiep.htm,OK,YES
BOT,UPCOM,CTCP BOT Cầu Thái Hà,BOT Cầu Thái Hà,Thai Ha Bridge BOT Joint Stock Company,Công nghiệp,Vận tải,Hạ tầng giao thông,Công nghiệp,Vận tải,Hạ tầng giao thông,Khác / cần duyệt,NORMAL,99,,REVIEW,,https://finance.vietstock.vn/BOT/ho-so-doanh-nghiep.htm,OK,YES
BSA,UPCOM,CTCP Thủy điện Buôn Đôn,Thủy điện Buôn Đôn,Buon Don Hydropower JSC,Tiện ích,Tiện ích,Phát điện độc lập và điện tái tạo,Tiện ích,Phát điện độc lập và điện tái tạo,,Khác / cần duyệt,NORMAL,99,,REVIEW,,https://finance.vietstock.vn/BSA/ho-so-doanh-nghiep.htm,OK,YES
BSG,UPCOM,CTCP Xe khách Sài Gòn,Xe khách Sài Gòn,Saigon Passenger Transport JSC,Công nghiệp,Vận tải,Vận tải mặt đất,Công nghiệp,Vận tải,Vận tải mặt đất,Khác / cần duyệt,NORMAL,99,,REVIEW,,https://finance.vietstock.vn/BSG/ho-so-doanh-nghiep.htm,OK,YES
BTH,UPCOM,CTCP Chế tạo Biến thế và Vật liệu Điện Hà Nội,Chế tạo Biến thế và Vật liệu Điện Hà Nội,Ha Noi Transformer Manufacturing And Electric Material Joint Stock Company,Công nghiệp,Hàng hóa công nghiệp,Thiết bị điện,Công nghiệp,Hàng hóa công nghiệp,Thiết bị điện,Khác / cần duyệt,NORMAL,99,,REVIEW,,https://finance.vietstock.vn/BTH/ho-so-doanh-nghiep.htm,OK,YES
BTP,HOSE,CTCP Nhiệt điện Bà Rịa,Nhiệt điện Bà Rịa,BaRia Thermal Power Joint Stock Company,Tiện ích,Tiện ích,Điện,Tiện ích,Điện,,Khác / cần duyệt,NORMAL,99,,REVIEW,,https://finance.vietstock.vn/BTP/ho-so-doanh-nghiep.htm,OK,YES
BVL,UPCOM,CTCP BV Land,BV Land,BV Land JSC,Công nghiệp,Hàng hóa công nghiệp,Tập đoàn đa ngành,Bất động sản,Quản lý và phát triển bất động sản,,Khác / cần duyệt,NORMAL,99,,REVIEW,,https://finance.vietstock.vn/BVL/ho-so-doanh-nghiep.htm,OK,YES
BWS,UPCOM,CTCP Cấp nước Bà Rịa - Vũng Tàu,Cấp nước Bà Rịa - Vũng Tàu,Ba Ria - Vung Tau Water Supply Joint Stock Company,Tiện ích,Tiện ích,Nước,Tiện ích,Nước,,Khác / cần duyệt,NORMAL,99,,REVIEW,,https://finance.vietstock.vn/BWS/ho-so-doanh-nghiep.htm,OK,YES
CCL,HOSE,CTCP Đầu tư và Phát triển Đô thị Dầu khí Cửu Long,Đầu tư và Phát triển Đô thị Dầu khí Cửu Long,Cuu Long Petro Urban Development & Investment Corporation,Bất động sản,Bất động sản,Quản lý và phát triển bất động sản,Bất động sản,Quản lý và phát triển bất động sản,,Khác / cần duyệt,NORMAL,99,,REVIEW,,https://finance.vietstock.vn/CCL/ho-so-doanh-nghiep.htm,OK,YES
CCR,HNX,CTCP Cảng Cam Ranh,Cảng Cam Ranh,Cam Ranh Port Joint Stock Company,Công nghiệp,Vận tải,Hạ tầng giao thông,Công nghiệp,Vận tải,Hạ tầng giao thông,Khác / cần duyệt,NORMAL,99,,REVIEW,,https://finance.vietstock.vn/CCR/ho-so-doanh-nghiep.htm,OK,YES
CCT,UPCOM,CTCP Cảng Cần Thơ,Cảng Cần Thơ,CanTho Port Joint Stock Company,Công nghiệp,Vận tải,Hạ tầng giao thông,Công nghiệp,Vận tải,Hạ tầng giao thông,Khác / cần duyệt,NORMAL,99,,REVIEW,,https://finance.vietstock.vn/CCT/ho-so-doanh-nghiep.htm,OK,YES
CDN,HNX,CTCP Cảng Đà Nẵng,Cảng Đà Nẵng,Danang Port Joint Stock Company,Công nghiệp,Vận tải,Hạ tầng giao thông,Công nghiệp,Vận tải,Hạ tầng giao thông,Khác / cần duyệt,NORMAL,99,,REVIEW,,https://finance.vietstock.vn/CDN/ho-so-doanh-nghiep.htm,OK,YES
CHP,HOSE,CTCP Thủy điện Miền Trung,Thủy điện Miền Trung,Central Hydropower Joint Stock Company,Tiện ích,Tiện ích,Phát điện độc lập và điện tái tạo,Tiện ích,Phát điện độc lập và điện tái tạo,,Khác / cần duyệt,NORMAL,99,,REVIEW,,https://finance.vietstock.vn/CHP/ho-so-doanh-nghiep.htm,OK,YES
CKG,HOSE,CTCP Tập đoàn CIC,CIC,CIC Group Joint Stock Company,Bất động sản,Bất động sản,Quản lý và phát triển bất động sản,Bất động sản,Quản lý và phát triển bất động sản,,Khác / cần duyệt,NORMAL,99,,REVIEW,,https://finance.vietstock.vn/CKG/ho-so-doanh-nghiep.htm,OK,YES
CLG,UPCOM,CTCP Đầu tư và Phát triển Nhà đất COTEC,Đầu tư và Phát triển Nhà đất COTEC,Cotec Invesment & Land-House Development JSC,Công nghiệp,Hàng hóa công nghiệp,Kỹ thuật xây dựng,Bất động sản,Bất động sản đa dạng,,Xây dựng,NORMAL,15,ky thuat xay dung,WATCHLIST_FALLBACK,WATCHLIST,https://finance.vietstock.vn/CLG/ho-so-doanh-nghiep.htm,OK,YES
CLL,HOSE,CTCP Cảng Cát Lái,Cảng Cát Lái,Cat Lai Port Joint Stock Company,Công nghiệp,Vận tải,Hạ tầng giao thông,Công nghiệp,Vận tải,Hạ tầng giao thông,Khác / cần duyệt,NORMAL,99,,REVIEW,,https://finance.vietstock.vn/CLL/ho-so-doanh-nghiep.htm,OK,YES
CLX,UPCOM,CTCP Xuất nhập khẩu và Đầu tư Chợ Lớn (CHOLIMEX),Xuất nhập khẩu và Đầu tư Chợ Lớn (CHOLIMEX),Cho Lon Investment And Import Export Corporation (CHOLIMEX),Tiêu dùng thiết yếu,Thương mại hàng thiết yếu,Thương mại hàng thiết yếu,Tiêu dùng thiết yếu,Thương mại hàng thiết yếu,,Khác / cần duyệt,NORMAL,99,,REVIEW,,https://finance.vietstock.vn/CLX/ho-so-doanh-nghiep.htm,OK,YES
CMP,UPCOM,CTCP Cảng Chân Mây,Cảng Chân Mây,Chanmay Port Joint Stock Company,Công nghiệp,Vận tải,Hạ tầng giao thông,Công nghiệp,Vận tải,Hạ tầng giao thông,Khác / cần duyệt,NORMAL,99,,REVIEW,,https://finance.vietstock.vn/CMP/ho-so-doanh-nghiep.htm,OK,YES
CNG,HOSE,CTCP CNG Việt Nam,CNG Việt Nam,CNG Viet Nam Joint Stock Company,Tiện ích,Tiện ích,Gas sinh hoạt,Tiện ích,Gas sinh hoạt,,Khác / cần duyệt,NORMAL,99,,REVIEW,,https://finance.vietstock.vn/CNG/ho-so-doanh-nghiep.htm,OK,YES
CNT,UPCOM,CTCP Tập đoàn CNT,CNT,CNT Group Corporation,Bất động sản,Bất động sản,Quản lý và phát triển bất động sản,Bất động sản,Quản lý và phát triển bất động sản,,Khác / cần duyệt,NORMAL,99,,REVIEW,,https://finance.vietstock.vn/CNT/ho-so-doanh-nghiep.htm,OK,YES
CPI,UPCOM,CTCP Đầu tư Cảng Cái Lân,Đầu tư Cảng Cái Lân,Cailan Port Investment Joint Stock Company,Công nghiệp,Vận tải,Hạ tầng giao thông,Công nghiệp,Vận tải,Hạ tầng giao thông,Khác / cần duyệt,NORMAL,99,,REVIEW,,https://finance.vietstock.vn/CPI/ho-so-doanh-nghiep.htm,OK,YES
CQN,UPCOM,CTCP Cảng Quảng Ninh,Cảng Quảng Ninh,QUANG NINH PORT JSC,Công nghiệp,Vận tải,Hạ tầng giao thông,Công nghiệp,Vận tải,Hạ tầng giao thông,Khác / cần duyệt,NORMAL,99,,REVIEW,,https://finance.vietstock.vn/CQN/ho-so-doanh-nghiep.htm,OK,YES
CSC,HNX,CTCP Tập đoàn COTANA,COTANA,COTANA Group JSC,Bất động sản,Bất động sản,Quản lý và phát triển bất động sản,Bất động sản,Quản lý và phát triển bất động sản,,Khác / cần duyệt,NORMAL,99,,REVIEW,,https://finance.vietstock.vn/CSC/ho-so-doanh-nghiep.htm,OK,YES
CTW,UPCOM,CTCP Cấp thoát nước Cần Thơ,Cấp thoát nước Cần Thơ,Can Tho Water Supply - Sewerage JSC,Tiện ích,Tiện ích,Nước,Tiện ích,Nước,,Khác / cần duyệt,NORMAL,99,,REVIEW,,https://finance.vietstock.vn/CTW/ho-so-doanh-nghiep.htm,OK,YES
CTX,UPCOM,Tổng Công ty cổ phần Đầu tư Xây dựng và Thương mại Việt Nam,Đầu tư Xây dựng và Thương mại Việt Nam,Vietnam Investment Construction and Trading Joint Stock Corporation,Bất động sản,Bất động sản,Bất động sản đa dạng,Bất động sản,Quản lý và phát triển bất động sản,,Khác / cần duyệt,NORMAL,99,,REVIEW,,https://finance.vietstock.vn/CTX/ho-so-doanh-nghiep.htm,OK,YES
D2D,HOSE,CTCP Phát triển Đô thị Công nghiệp số 2,Phát triển Đô thị Công nghiệp số 2,Industrial Urban Development JSC No. 2,Bất động sản,Bất động sản,Quản lý và phát triển bất động sản,Bất động sản,Quản lý và phát triển bất động sản,,Khác / cần duyệt,NORMAL,99,,REVIEW,,https://finance.vietstock.vn/D2D/ho-so-doanh-nghiep.htm,OK,YES
DL1,HNX,CTCP Tập đoàn Alpha Seven,Alpha Seven,Alpha Seven Group JSC,Tiện ích,Tiện ích,Phát điện độc lập và điện tái tạo,Tiện ích,Phát điện độc lập và điện tái tạo,,Khác / cần duyệt,NORMAL,99,,REVIEW,,https://finance.vietstock.vn/DL1/ho-so-doanh-nghiep.htm,OK,YES
DNA,UPCOM,CTCP Điện Nước An Giang,Điện Nước An Giang,An Giang Power And Water Supply Joint Stock Company,Tiện ích,Tiện ích,Điện,Tiện ích,Điện,,Khác / cần duyệt,NORMAL,99,,REVIEW,,https://finance.vietstock.vn/DNA/ho-so-doanh-nghiep.htm,OK,YES
DNH,UPCOM,CTCP Thủy điện Đa Nhim - Hàm Thuận - Đa Mi,Thủy điện Đa Nhim - Hàm Thuận - Đa Mi,Da Nhim - Ham Thuan - Da Mi Hydro Power Joint Stock Company,Tiện ích,Tiện ích,Phát điện độc lập và điện tái tạo,Tiện ích,Phát điện độc lập và điện tái tạo,,Khác / cần duyệt,NORMAL,99,,REVIEW,,https://finance.vietstock.vn/DNH/ho-so-doanh-nghiep.htm,OK,YES
DNN,UPCOM,CTCP Cấp nước Đà Nẵng,Cấp nước Đà Nẵng,Da Nang Water Supply Joint Stock Company,Tiện ích,Tiện ích,Nước,Tiện ích,Nước,,Khác / cần duyệt,NORMAL,99,,REVIEW,,https://finance.vietstock.vn/DNN/ho-so-doanh-nghiep.htm,OK,YES
DNW,UPCOM,CTCP Cấp nước Đồng Nai,Cấp nước Đồng Nai,Dong Nai Water Joint Stock Company,Tiện ích,Tiện ích,Nước,Tiện ích,Nước,,Khác / cần duyệt,NORMAL,99,,REVIEW,,https://finance.vietstock.vn/DNW/ho-so-doanh-nghiep.htm,OK,YES
DQC,HOSE,CTCP Tập đoàn Điện Quang,Điện Quang,Dien Quang Group Joint Stock Company,Công nghiệp,Hàng hóa công nghiệp,Thiết bị điện,Công nghiệp,Hàng hóa công nghiệp,Thiết bị điện,Khác / cần duyệt,NORMAL,99,,REVIEW,,https://finance.vietstock.vn/DQC/ho-so-doanh-nghiep.htm,OK,YES
DTE,UPCOM,CTCP Đầu tư Năng lượng Đại Trường Thành Holdings,Đầu tư Năng lượng Đại Trường Thành Holdings,Dai Truong Thanh Holdings Energy Investment JSC,Tiện ích,Tiện ích,Phát điện độc lập và điện tái tạo,Tiện ích,Phát điện độc lập và điện tái tạo,,Khác / cần duyệt,NORMAL,99,,REVIEW,,https://finance.vietstock.vn/DTE/ho-so-doanh-nghiep.htm,OK,YES
DTK,HNX,Tổng Công ty Điện lực TKV - CTCP,Điện lực TKV - CTCP,Vinacomin - Power Holding Corporation,Tiện ích,Tiện ích,Điện,Tiện ích,Điện,,Khác / cần duyệt,NORMAL,99,,REVIEW,,https://finance.vietstock.vn/DTK/ho-so-doanh-nghiep.htm,OK,YES
DVP,HOSE,CTCP Đầu tư và Phát triển Cảng Đình Vũ,Đầu tư và Phát triển Cảng Đình Vũ,Dinh Vu Port Investment and Development JSC,Công nghiệp,Vận tải,Hạ tầng giao thông,Công nghiệp,Vận tải,Hạ tầng giao thông,Khác / cần duyệt,NORMAL,99,,REVIEW,,https://finance.vietstock.vn/DVP/ho-so-doanh-nghiep.htm,OK,YES
DWS,UPCOM,CTCP Cấp nước và Môi trường đô thị Đồng Tháp,Cấp nước và Môi trường đô thị Đồng Tháp,Dong Thap Water Supply & Urban Environment Joint Stock Company,Tiện ích,Tiện ích,Nước,Tiện ích,Nước,,Khác / cần duyệt,NORMAL,99,,REVIEW,,https://finance.vietstock.vn/DWS/ho-so-doanh-nghiep.htm,OK,YES
FCS,UPCOM,CTCP Lương thực Thành phố Hồ Chí Minh,Lương thực Thành phố Hồ Chí Minh,Ho Chi Minh City Food JSC,Tiêu dùng thiết yếu,"Thực phẩm, đồ uống và thuốc lá",Thực phẩm,Tiêu dùng thiết yếu,Thương mại hàng thiết yếu,,Thực phẩm & đồ uống,NORMAL,18,thuc pham,WATCHLIST_FALLBACK,WATCHLIST,https://finance.vietstock.vn/FCS/ho-so-doanh-nghiep.htm,OK,YES
FDC,HOSE,CTCP Ngoại thương và Phát triển Đầu tư Thành phố Hồ Chí Minh,Ngoại thương và Phát triển Đầu tư Thành phố Hồ Chí Minh,Foreign Trade Development & Investment Corporation of HCMC,Bất động sản,Bất động sản,Quản lý và phát triển bất động sản,Bất động sản,Quản lý và phát triển bất động sản,,Khác / cần duyệt,NORMAL,99,,REVIEW,,https://finance.vietstock.vn/FDC/ho-so-doanh-nghiep.htm,OK,YES
FIR,HOSE,CTCP Địa ốc First Real,Địa ốc First Real,First Real Joint Stock Company,Bất động sản,Bất động sản,Quản lý và phát triển bất động sản,Bất động sản,Quản lý và phát triển bất động sản,,Khác / cần duyệt,NORMAL,99,,REVIEW,,https://finance.vietstock.vn/FIR/ho-so-doanh-nghiep.htm,OK,YES
FLC,UPCOM,CTCP Tập đoàn FLC,FLC,FLC Group JSC,Nguyên vật liệu,Nguyên vật liệu,Vật liệu xây dựng,Bất động sản,Quản lý và phát triển bất động sản,,Vật liệu xây dựng,NORMAL,16,vat lieu xay dung,WATCHLIST_FALLBACK,WATCHLIST,https://finance.vietstock.vn/FLC/ho-so-doanh-nghiep.htm,OK,YES
GGG,UPCOM,CTCP Ô tô Giải Phóng,Ô tô Giải Phóng,Giai Phong Motor Joint Stock Company,Tiêu dùng không thiết yếu,Xe và linh kiện,Xe,Tiêu dùng không thiết yếu,Xe và linh kiện,Xe,Khác / cần duyệt,NORMAL,99,,REVIEW,,https://finance.vietstock.vn/GGG/ho-so-doanh-nghiep.htm,OK,YES
GHC,UPCOM,CTCP Thủy điện Gia Lai,Thủy điện Gia Lai,Gia Lai Hydropower JSC,Tiện ích,Tiện ích,Phát điện độc lập và điện tái tạo,Tiện ích,Phát điện độc lập và điện tái tạo,,Khác / cần duyệt,NORMAL,99,,REVIEW,,https://finance.vietstock.vn/GHC/ho-so-doanh-nghiep.htm,OK,YES
GSM,UPCOM,CTCP Thủy điện Hương Sơn,Thủy điện Hương Sơn,Huong Son Hydro Power Joint Stocks Company,Tiện ích,Tiện ích,Phát điện độc lập và điện tái tạo,Tiện ích,Phát điện độc lập và điện tái tạo,,Khác / cần duyệt,NORMAL,99,,REVIEW,,https://finance.vietstock.vn/GSM/ho-so-doanh-nghiep.htm,OK,YES
HAR,HOSE,CTCP Đầu tư Thương mại Bất động sản An Dương Thảo Điền,Đầu tư Thương mại Bất động sản An Dương Thảo Điền,An Duong Thao Dien JSC,Bất động sản,Bất động sản,Quản lý và phát triển bất động sản,Bất động sản,Quản lý và phát triển bất động sản,,Khác / cần duyệt,NORMAL,99,,REVIEW,,https://finance.vietstock.vn/HAR/ho-so-doanh-nghiep.htm,OK,YES
HDW,UPCOM,CTCP Kinh doanh Nước sạch Hải Dương,Kinh doanh Nước sạch Hải Dương,Hai Duong Water Joint Stock Company,Tiện ích,Tiện ích,Nước,Tiện ích,Nước,,Khác / cần duyệt,NORMAL,99,,REVIEW,,https://finance.vietstock.vn/HDW/ho-so-doanh-nghiep.htm,OK,YES
HHG,UPCOM,CTCP Hoàng Hà,Hoàng Hà,Hoang Ha Joint Stock Company,Công nghiệp,Vận tải,Vận tải mặt đất,Công nghiệp,Vận tải,Vận tải mặt đất,Khác / cần duyệt,NORMAL,99,,REVIEW,,https://finance.vietstock.vn/HHG/ho-so-doanh-nghiep.htm,OK,YES
HIO,UPCOM,CTCP Helio Energy,Helio Energy,Helio Energy Joint Stock Company,Tiện ích,Tiện ích,Phát điện độc lập và điện tái tạo,Tiện ích,Phát điện độc lập và điện tái tạo,,Khác / cần duyệt,NORMAL,99,,REVIEW,,https://finance.vietstock.vn/HIO/ho-so-doanh-nghiep.htm,OK,YES
HJS,HNX,CTCP Thủy điện Nậm Mu,Thủy điện Nậm Mu,Nam Mu Hydropower JSC,Tiện ích,Tiện ích,Phát điện độc lập và điện tái tạo,Tiện ích,Phát điện độc lập và điện tái tạo,,Khác / cần duyệt,NORMAL,99,,REVIEW,,https://finance.vietstock.vn/HJS/ho-so-doanh-nghiep.htm,OK,YES
HLD,HNX,CTCP Đầu tư và Phát triển Bất động sản Hudland,Đầu tư và Phát triển Bất động sản Hudland,Hudland Real Estate Investmnet and Development JSC,Bất động sản,Bất động sản,Quản lý và phát triển bất động sản,Bất động sản,Quản lý và phát triển bất động sản,,Khác / cần duyệt,NORMAL,99,,REVIEW,,https://finance.vietstock.vn/HLD/ho-so-doanh-nghiep.htm,OK,YES
HNA,HOSE,CTCP Thủy điện Hủa Na,Thủy điện Hủa Na,Hua Na Hydropower Joint Stock Company,Tiện ích,Tiện ích,Phát điện độc lập và điện tái tạo,Tiện ích,Phát điện độc lập và điện tái tạo,,Khác / cần duyệt,NORMAL,99,,REVIEW,,https://finance.vietstock.vn/HNA/ho-so-doanh-nghiep.htm,OK,YES
HND,UPCOM,CTCP Nhiệt điện Hải Phòng,Nhiệt điện Hải Phòng,Hai Phong Thermal Power Joint Stock Company,Tiện ích,Tiện ích,Điện,Tiện ích,Điện,,Khác / cần duyệt,NORMAL,99,,REVIEW,,https://finance.vietstock.vn/HND/ho-so-doanh-nghiep.htm,OK,YES
HPI,UPCOM,CTCP Khu công nghiệp Hiệp Phước,Khu công nghiệp Hiệp Phước,Hiep Phuoc Industrial Park Joint Stock Company,Bất động sản,Bất động sản,Quản lý và phát triển bất động sản,Tiện ích,Nước,,Khác / cần duyệt,NORMAL,99,,REVIEW,,https://finance.vietstock.vn/HPI/ho-so-doanh-nghiep.htm,OK,YES
HPW,UPCOM,CTCP Cấp nước Hải Phòng,Cấp nước Hải Phòng,Hai Phong Water JSC,Tiện ích,Tiện ích,Nước,Tiện ích,Nước,,Khác / cần duyệt,NORMAL,99,,REVIEW,,https://finance.vietstock.vn/HPW/ho-so-doanh-nghiep.htm,OK,YES
HTE,UPCOM,CTCP Đầu tư Kinh doanh Điện lực Thành phố Hồ Chí Minh,Đầu tư Kinh doanh Điện lực Thành phố Hồ Chí Minh,Ho Chi Minh City Electric Power Trading Investment Corporation,Công nghiệp,Hàng hóa công nghiệp,Kỹ thuật xây dựng,Công nghiệp,Hàng hóa công nghiệp,Thiết bị điện,Xây dựng,NORMAL,15,ky thuat xay dung,WATCHLIST_FALLBACK,WATCHLIST,https://finance.vietstock.vn/HTE/ho-so-doanh-nghiep.htm,OK,YES
HTI,HOSE,CTCP Đầu tư Phát triển Hạ tầng IDICO,Đầu tư Phát triển Hạ tầng IDICO,IDICO Infrastructure Development Investment Joint Stock Company,Công nghiệp,Vận tải,Hạ tầng giao thông,Công nghiệp,Vận tải,Hạ tầng giao thông,Khác / cần duyệt,NORMAL,99,,REVIEW,,https://finance.vietstock.vn/HTI/ho-so-doanh-nghiep.htm,OK,YES
HTP,UPCOM,CTCP In Sách Giáo khoa Hòa Phát,In Sách Giáo khoa Hòa Phát,HTINVEST JSC,Công nghiệp,Dịch vụ thương mại và chuyên nghiệp,Dịch vụ và thiết bị thương mại,Công nghiệp,Dịch vụ thương mại và chuyên nghiệp,Dịch vụ và thiết bị thương mại,Khác / cần duyệt,NORMAL,99,,REVIEW,,https://finance.vietstock.vn/HTP/ho-so-doanh-nghiep.htm,OK,YES
HWS,UPCOM,CTCP Cấp nước Huế,Cấp nước Huế,Hue Water Supply Joint Stock Company,Tiện ích,Tiện ích,Nước,Tiện ích,Nước,,Khác / cần duyệt,NORMAL,99,,REVIEW,,https://finance.vietstock.vn/HWS/ho-so-doanh-nghiep.htm,OK,YES
IDV,HNX,CTCP Phát triển Hạ tầng Vĩnh Phúc,Phát triển Hạ tầng Vĩnh Phúc,Vinh Phuc Infrastructure Development JSC,Bất động sản,Bất động sản,Quản lý và phát triển bất động sản,Bất động sản,Quản lý và phát triển bất động sản,,Khác / cần duyệt,NORMAL,99,,REVIEW,,https://finance.vietstock.vn/IDV/ho-so-doanh-nghiep.htm,OK,YES
ILB,HOSE,CTCP ICD Tân Cảng - Long Bình,ICD Tân Cảng - Long Bình,ICD Tan Cang ? Long Binh JSC,Công nghiệp,Dịch vụ thương mại và chuyên nghiệp,Dịch vụ và thiết bị thương mại,Công nghiệp,Dịch vụ thương mại và chuyên nghiệp,Dịch vụ và thiết bị thương mại,Khác / cần duyệt,NORMAL,99,,REVIEW,,https://finance.vietstock.vn/ILB/ho-so-doanh-nghiep.htm,OK,YES
ILS,UPCOM,CTCP Đầu tư Thương mại và Dịch vụ Quốc tế,Đầu tư Thương mại và Dịch vụ Quốc tế,International Investment Trade and Service Group Company,Công nghiệp,Vận tải,Hạ tầng giao thông,Công nghiệp,Vận tải,Hạ tầng giao thông,Khác / cần duyệt,NORMAL,99,,REVIEW,,https://finance.vietstock.vn/ILS/ho-so-doanh-nghiep.htm,OK,YES
ING,UPCOM,CTCP Đầu tư và Phát triển Xây dựng,Đầu tư và Phát triển Xây dựng,The Investment & Construction Development Corporation,Bất động sản,Bất động sản,Quản lý và phát triển bất động sản,Bất động sản,Quản lý và phát triển bất động sản,,Khác / cần duyệt,NORMAL,99,,REVIEW,,https://finance.vietstock.vn/ING/ho-so-doanh-nghiep.htm,OK,YES
IPA,HNX,CTCP Tập đoàn Đầu tư I.P.A,Đầu tư I.P.A,I.P.A Investments Group Joint Stock Company,Công nghiệp,Hàng hóa công nghiệp,Tập đoàn đa ngành,Công nghiệp,Hàng hóa công nghiệp,Tập đoàn đa ngành,Khác / cần duyệt,NORMAL,99,,REVIEW,,https://finance.vietstock.vn/IPA/ho-so-doanh-nghiep.htm,OK,YES
ISH,UPCOM,CTCP Thủy điện Srok Phu Miêng IDICO,Thủy điện Srok Phu Miêng IDICO,Idico Scrok Phu Mieng Hydro Power Joint Stock Company,Tiện ích,Tiện ích,Phát điện độc lập và điện tái tạo,Tiện ích,Phát điện độc lập và điện tái tạo,,Khác / cần duyệt,NORMAL,99,,REVIEW,,https://finance.vietstock.vn/ISH/ho-so-doanh-nghiep.htm,OK,YES
ITA,UPCOM,CTCP Đầu tư và Công nghiệp Tân Tạo,Đầu tư và Công nghiệp Tân Tạo,Tan Tao Investment and Industry Corporation,Bất động sản,Bất động sản,Quản lý và phát triển bất động sản,Bất động sản,Quản lý và phát triển bất động sản,,Khác / cần duyệt,NORMAL,99,,REVIEW,,https://finance.vietstock.vn/ITA/ho-so-doanh-nghiep.htm,OK,YES
ITC,HOSE,CTCP Đầu tư và Kinh doanh Nhà,Đầu tư và Kinh doanh Nhà,Investment and Trading Of Real Estate JSC,Bất động sản,Bất động sản,Quản lý và phát triển bất động sản,Bất động sản,Quản lý và phát triển bất động sản,,Khác / cần duyệt,NORMAL,99,,REVIEW,,https://finance.vietstock.vn/ITC/ho-so-doanh-nghiep.htm,OK,YES
KHP,HOSE,CTCP Điện lực Khánh Hòa,Điện lực Khánh Hòa,Khanh Hoa Power Joint Stock Company,Tiện ích,Tiện ích,Điện,Tiện ích,Điện,,Khác / cần duyệt,NORMAL,99,,REVIEW,,https://finance.vietstock.vn/KHP/ho-so-doanh-nghiep.htm,OK,YES
KHW,UPCOM,CTCP Cấp thoát nước Khánh Hòa,Cấp thoát nước Khánh Hòa,Khanh Hoa Water Supply And Sewerage JSC,Tiện ích,Tiện ích,Nước,Tiện ích,Nước,,Khác / cần duyệt,NORMAL,99,,REVIEW,,https://finance.vietstock.vn/KHW/ho-so-doanh-nghiep.htm,OK,YES
KOS,HOSE,CTCP KOSY,KOSY,KOSY Joint Stock Company,Tiện ích,Tiện ích,Phát điện độc lập và điện tái tạo,Tiện ích,Phát điện độc lập và điện tái tạo,,Khác / cần duyệt,NORMAL,99,,REVIEW,,https://finance.vietstock.vn/KOS/ho-so-doanh-nghiep.htm,OK,YES
KPF,UPCOM,CTCP Đầu tư tài sản Koji,Đầu tư tài sản Koji,Koji Asset Investment Joint Stock Company,Bất động sản,Bất động sản,Quản lý và phát triển bất động sản,Bất động sản,Quản lý và phát triển bất động sản,,Khác / cần duyệt,NORMAL,99,,REVIEW,,https://finance.vietstock.vn/KPF/ho-so-doanh-nghiep.htm,OK,YES
LAI,UPCOM,CTCP Đầu Tư Xây dựng Long An IDICO,Đầu Tư Xây dựng Long An IDICO,IDICO Long An Investment Construction Joint Stock Company,Bất động sản,Bất động sản,Bất động sản đa dạng,Bất động sản,Bất động sản đa dạng,,Khác / cần duyệt,NORMAL,99,,REVIEW,,https://finance.vietstock.vn/LAI/ho-so-doanh-nghiep.htm,OK,YES
LDW,UPCOM,CTCP Cấp thoát nước Lâm Đồng,Cấp thoát nước Lâm Đồng,Lam Dong Water Supply And Sewerage JSC,Tiện ích,Tiện ích,Nước,Tiện ích,Nước,,Khác / cần duyệt,NORMAL,99,,REVIEW,,https://finance.vietstock.vn/LDW/ho-so-doanh-nghiep.htm,OK,YES
LGC,HOSE,CTCP Đầu tư Cầu đường CII,Đầu tư Cầu đường CII,CII Bridges & Roads Investment JSC,Công nghiệp,Vận tải,Hạ tầng giao thông,Công nghiệp,Vận tải,Hạ tầng giao thông,Khác / cần duyệt,NORMAL,99,,REVIEW,,https://finance.vietstock.vn/LGC/ho-so-doanh-nghiep.htm,OK,YES
LGL,HOSE,CTCP Đầu tư và Phát triển Đô thị Long Giang,Đầu tư và Phát triển Đô thị Long Giang,Long Giang Investment & Urban Development JSC,Bất động sản,Bất động sản,Bất động sản đa dạng,Bất động sản,Bất động sản đa dạng,,Khác / cần duyệt,NORMAL,99,,REVIEW,,https://finance.vietstock.vn/LGL/ho-so-doanh-nghiep.htm,OK,YES
LHG,HOSE,CTCP Long Hậu,Long Hậu,Long Hau Corporation,Bất động sản,Bất động sản,Quản lý và phát triển bất động sản,Bất động sản,Quản lý và phát triển bất động sản,,Khác / cần duyệt,NORMAL,99,,REVIEW,,https://finance.vietstock.vn/LHG/ho-so-doanh-nghiep.htm,OK,YES
LIX,HOSE,CTCP Bột Giặt Lix,Bột Giặt Lix,Lix Detergent Joint Stock Company,Tiêu dùng thiết yếu,Sản phẩm chăm sóc cá nhân và gia đình,Sản phẩm chăm sóc gia đình,Tiêu dùng thiết yếu,Sản phẩm chăm sóc cá nhân và gia đình,Sản phẩm chăm sóc gia đình,Khác / cần duyệt,NORMAL,99,,REVIEW,,https://finance.vietstock.vn/LIX/ho-so-doanh-nghiep.htm,OK,YES
LSG,UPCOM,CTCP Bất động sản Sài Gòn Vina,Bất động sản Sài Gòn Vina,Saigon Vina Land Joint Stock Company,Bất động sản,Bất động sản,Quản lý và phát triển bất động sản,Bất động sản,Quản lý và phát triển bất động sản,,Khác / cần duyệt,NORMAL,99,,REVIEW,,https://finance.vietstock.vn/LSG/ho-so-doanh-nghiep.htm,OK,YES
MAC,HNX,CTCP Tập đoàn Macstar,Macstar,Macstar Group Corporation,Công nghiệp,Vận tải,Hạ tầng giao thông,Công nghiệp,Vận tải,Hạ tầng giao thông,Khác / cần duyệt,NORMAL,99,,REVIEW,,https://finance.vietstock.vn/MAC/ho-so-doanh-nghiep.htm,OK,YES
MCG,UPCOM,CTCP Năng lượng và Bất động sản MCG,Năng lượng và Bất động sản MCG,MCG Energy and Real Estate JSC,Công nghiệp,Hàng hóa công nghiệp,Kỹ thuật xây dựng,Tiện ích,Phát điện độc lập và điện tái tạo,,Xây dựng,NORMAL,15,ky thuat xay dung,WATCHLIST_FALLBACK,WATCHLIST,https://finance.vietstock.vn/MCG/ho-so-doanh-nghiep.htm,OK,YES
MH3,UPCOM,CTCP Khu Công nghiệp Cao su Bình Long,Khu Công nghiệp Cao su Bình Long,Binh Long Rubber Industrial Park Corporation,Bất động sản,Bất động sản,Quản lý và phát triển bất động sản,Bất động sản,Quản lý và phát triển bất động sản,,Khác / cần duyệt,NORMAL,99,,REVIEW,,https://finance.vietstock.vn/MH3/ho-so-doanh-nghiep.htm,OK,YES
MTA,UPCOM,Tổng Công ty Khoáng sản và Thương mại Hà Tĩnh - CTCP,Khoáng sản và Thương mại Hà Tĩnh - CTCP,Ha Tinh Minerals and Trading Joint Stock Corporation,Nguyên vật liệu,Nguyên vật liệu,Vật liệu xây dựng,Công nghiệp,Hàng hóa công nghiệp,Tập đoàn đa ngành,Vật liệu xây dựng,NORMAL,16,vat lieu xay dung,WATCHLIST_FALLBACK,WATCHLIST,https://finance.vietstock.vn/MTA/ho-so-doanh-nghiep.htm,OK,YES
NAP,HNX,CTCP Cảng Nghệ Tĩnh,Cảng Nghệ Tĩnh,Nghetinh Port Holding Joint Stock Company,Công nghiệp,Vận tải,Hạ tầng giao thông,Công nghiệp,Vận tải,Hạ tầng giao thông,Khác / cần duyệt,NORMAL,99,,REVIEW,,https://finance.vietstock.vn/NAP/ho-so-doanh-nghiep.htm,OK,YES
NAW,UPCOM,CTCP Cấp nước Nghệ An,Cấp nước Nghệ An,Nghe An Water Supply Joint Stock Company,Tiện ích,Tiện ích,Nước,Tiện ích,Nước,,Khác / cần duyệt,NORMAL,99,,REVIEW,,https://finance.vietstock.vn/NAW/ho-so-doanh-nghiep.htm,OK,YES
NBB,HOSE,CTCP Đầu tư Năm Bảy Bảy,Đầu tư Năm Bảy Bảy,577 Investment Corporation,Bất động sản,Bất động sản,Quản lý và phát triển bất động sản,Bất động sản,Quản lý và phát triển bất động sản,,Khác / cần duyệt,NORMAL,99,,REVIEW,,https://finance.vietstock.vn/NBB/ho-so-doanh-nghiep.htm,OK,YES
NBT,UPCOM,CTCP Cấp thoát nước Bến Tre,Cấp thoát nước Bến Tre,Ben Tre Water Supply and Sewerage JSC,Tiện ích,Tiện ích,Nước,Tiện ích,Nước,,Khác / cần duyệt,NORMAL,99,,REVIEW,,https://finance.vietstock.vn/NBT/ho-so-doanh-nghiep.htm,OK,YES
NCT,HOSE,CTCP Dịch vụ Hàng hóa Nội Bài,Dịch vụ Hàng hóa Nội Bài,Noi Bai Cargo Terminal Service Joint Stock Company,Công nghiệp,Vận tải,Hạ tầng giao thông,Công nghiệp,Vận tải,Hạ tầng giao thông,Khác / cần duyệt,NORMAL,99,,REVIEW,,https://finance.vietstock.vn/NCT/ho-so-doanh-nghiep.htm,OK,YES
ND2,UPCOM,CTCP Đầu tư và Phát triển Điện Miền Bắc 2,Đầu tư và Phát triển Điện Miền Bắc 2,Northern Electricity Development & Investment JSC No.2,Tiện ích,Tiện ích,Phát điện độc lập và điện tái tạo,Tiện ích,Phát điện độc lập và điện tái tạo,,Khác / cần duyệt,NORMAL,99,,REVIEW,,https://finance.vietstock.vn/ND2/ho-so-doanh-nghiep.htm,OK,YES
NDW,UPCOM,CTCP Cấp nước Nam Định,Cấp nước Nam Định,Nam Dinh Water Supply Joint Stock Company,Tiện ích,Tiện ích,Nước,Tiện ích,Nước,,Khác / cần duyệt,NORMAL,99,,REVIEW,,https://finance.vietstock.vn/NDW/ho-so-doanh-nghiep.htm,OK,YES
NED,UPCOM,CTCP Đầu tư và Phát triển Điện Tây Bắc,Đầu tư và Phát triển Điện Tây Bắc,North - West Electric Investment and Development JSC,Tiện ích,Tiện ích,Phát điện độc lập và điện tái tạo,Tiện ích,Phát điện độc lập và điện tái tạo,,Khác / cần duyệt,NORMAL,99,,REVIEW,,https://finance.vietstock.vn/NED/ho-so-doanh-nghiep.htm,OK,YES
NET,HNX,CTCP Bột giặt NET,Bột giặt NET,NET Detergent Joint Stock Company,Tiêu dùng thiết yếu,Sản phẩm chăm sóc cá nhân và gia đình,Sản phẩm chăm sóc gia đình,Tiêu dùng thiết yếu,Sản phẩm chăm sóc cá nhân và gia đình,Sản phẩm chăm sóc gia đình,Khác / cần duyệt,NORMAL,99,,REVIEW,,https://finance.vietstock.vn/NET/ho-so-doanh-nghiep.htm,OK,YES
NHA,HOSE,Tổng Công ty Đầu tư Phát triển Nhà và Đô thị Nam Hà Nội,Đầu tư Phát triển Nhà và Đô thị Nam Hà Nội,Ha Noi South Housing and Urban Development Corporation,Bất động sản,Bất động sản,Quản lý và phát triển bất động sản,Bất động sản,Quản lý và phát triển bất động sản,,Khác / cần duyệt,NORMAL,99,,REVIEW,,https://finance.vietstock.vn/NHA/ho-so-doanh-nghiep.htm,OK,YES
NQN,UPCOM,CTCP Nước sạch Quảng Ninh,Nước sạch Quảng Ninh,Quang Ninh Clean Water JSC,Tiện ích,Tiện ích,Nước,Tiện ích,Nước,,Khác / cần duyệt,NORMAL,99,,REVIEW,,https://finance.vietstock.vn/NQN/ho-so-doanh-nghiep.htm,OK,YES
NS2,UPCOM,CTCP Nước sạch Số 2 Hà Nội,Nước sạch Số 2 Hà Nội,Ha Noi Water Supply Number 2 JSC,Tiện ích,Tiện ích,Nước,Tiện ích,Nước,,Khác / cần duyệt,NORMAL,99,,REVIEW,,https://finance.vietstock.vn/NS2/ho-so-doanh-nghiep.htm,OK,YES
NTB,UPCOM,CTCP Đầu tư Xây dựng và Khai thác Công trình Giao thông 584,Đầu tư Xây dựng và Khai thác Công trình Giao thông 584,Transport Engineering Construction & Business Investment JSC 584,Công nghiệp,Hàng hóa công nghiệp,Kỹ thuật xây dựng,Bất động sản,Quản lý và phát triển bất động sản,,Xây dựng,NORMAL,15,ky thuat xay dung,WATCHLIST_FALLBACK,WATCHLIST,https://finance.vietstock.vn/NTB/ho-so-doanh-nghiep.htm,OK,YES
NTC,UPCOM,CTCP Khu Công nghiệp Nam Tân Uyên,Khu Công nghiệp Nam Tân Uyên,Nam Tan Uyen Joint Stock Company,Bất động sản,Bất động sản,Quản lý và phát triển bất động sản,Bất động sản,Quản lý và phát triển bất động sản,,Khác / cần duyệt,NORMAL,99,,REVIEW,,https://finance.vietstock.vn/NTC/ho-so-doanh-nghiep.htm,OK,YES
PAP,UPCOM,CTCP Dầu khí Đầu tư Khai thác Cảng Phước An,Dầu khí Đầu tư Khai thác Cảng Phước An,PetroVietnam Phuoc An Port Investment And Operation Joint Stock Company,Công nghiệp,Vận tải,Hạ tầng giao thông,Công nghiệp,Vận tải,Hạ tầng giao thông,Khác / cần duyệt,NORMAL,99,,REVIEW,,https://finance.vietstock.vn/PAP/ho-so-doanh-nghiep.htm,OK,YES
PDN,HOSE,CTCP Cảng Đồng Nai,Cảng Đồng Nai,Dong Nai Port JSC,Công nghiệp,Vận tải,Hạ tầng giao thông,Công nghiệp,Vận tải,Hạ tầng giao thông,Khác / cần duyệt,NORMAL,99,,REVIEW,,https://finance.vietstock.vn/PDN/ho-so-doanh-nghiep.htm,OK,YES
PEG,UPCOM,Tổng Công ty Thương mại Kỹ thuật và Đầu tư - CTCP,Thương mại Kỹ thuật và Đầu tư - CTCP,Petec Trading and Investment Corporation,Tiêu dùng không thiết yếu,Thương mại hàng không thiết yếu,Nhà phân phối,Năng lượng,Thiết bị và dịch vụ năng lượng,,Hàng không,NORMAL,17,hang khong,WATCHLIST_FALLBACK,WATCHLIST,https://finance.vietstock.vn/PEG/ho-so-doanh-nghiep.htm,OK,YES
PGC,HOSE,Tổng Công ty Gas Petrolimex - CTCP,Gas Petrolimex - CTCP,Petrolimex Gas Corporation - JSC,Tiện ích,Tiện ích,Gas sinh hoạt,Tiện ích,Gas sinh hoạt,,Khác / cần duyệt,NORMAL,99,,REVIEW,,https://finance.vietstock.vn/PGC/ho-so-doanh-nghiep.htm,OK,YES
PGD,HOSE,CTCP Phân phối khí thấp áp Dầu khí Việt Nam,Phân phối khí thấp áp Dầu khí Việt Nam,PetroVietNam Low Pressure Gas Distribution JSC,Tiện ích,Tiện ích,Gas sinh hoạt,Tiện ích,Gas sinh hoạt,,Khác / cần duyệt,NORMAL,99,,REVIEW,,https://finance.vietstock.vn/PGD/ho-so-doanh-nghiep.htm,OK,YES
PGS,HNX,CTCP Kinh doanh Khí Miền Nam,Kinh doanh Khí Miền Nam,Southern Gas Trading Joint Stock Company,Tiện ích,Tiện ích,Gas sinh hoạt,Tiện ích,Gas sinh hoạt,,Khác / cần duyệt,NORMAL,99,,REVIEW,,https://finance.vietstock.vn/PGS/ho-so-doanh-nghiep.htm,OK,YES
PGV,HOSE,Tổng Công ty Phát điện 3 - CTCP,Phát điện 3 - CTCP,Power Generation Joint Stock Corporation 3,Tiện ích,Tiện ích,Điện,Tiện ích,Điện,,Khác / cần duyệt,NORMAL,99,,REVIEW,,https://finance.vietstock.vn/PGV/ho-so-doanh-nghiep.htm,OK,YES
PIC,HNX,CTCP Đầu tư Điện lực 3,Đầu tư Điện lực 3,PC3 - Investment Joint Stock Company,Tiện ích,Tiện ích,Điện,Tiện ích,Điện,,Khác / cần duyệt,NORMAL,99,,REVIEW,,https://finance.vietstock.vn/PIC/ho-so-doanh-nghiep.htm,OK,YES
PMG,HOSE,CTCP Đầu tư và Sản xuất Petro Miền Trung,Đầu tư và Sản xuất Petro Miền Trung,Petro Center Corporation,Tiện ích,Tiện ích,Gas sinh hoạt,Tiện ích,Gas sinh hoạt,,Khác / cần duyệt,NORMAL,99,,REVIEW,,https://finance.vietstock.vn/PMG/ho-so-doanh-nghiep.htm,OK,YES
PMW,UPCOM,CTCP Cấp nước Phú Mỹ,Cấp nước Phú Mỹ,Phu My Water Supply Joint Stock Company,Tiện ích,Tiện ích,Nước,Tiện ích,Nước,,Khác / cần duyệt,NORMAL,99,,REVIEW,,https://finance.vietstock.vn/PMW/ho-so-doanh-nghiep.htm,OK,YES
POS,UPCOM,CTCP Vận hành và Xây lắp PTSC,Vận hành và Xây lắp PTSC,PTSC Offshore Services Joint Stock Company,Năng lượng,Năng lượng,Thiết bị và dịch vụ năng lượng,Năng lượng,Thiết bị và dịch vụ năng lượng,,Khác / cần duyệt,NORMAL,99,,REVIEW,,https://finance.vietstock.vn/POS/ho-so-doanh-nghiep.htm,OK,YES
PPI,UPCOM,CTCP Đầu tư và Phát triển Dự án Hạ tầng Thái Bình Dương,Đầu tư và Phát triển Dự án Hạ tầng Thái Bình Dương,Pacific Infrastructure Project Development & Investment Corporation,Bất động sản,Bất động sản,Quản lý và phát triển bất động sản,Bất động sản,Quản lý và phát triển bất động sản,,Khác / cần duyệt,NORMAL,99,,REVIEW,,https://finance.vietstock.vn/PPI/ho-so-doanh-nghiep.htm,OK,YES
PSB,UPCOM,CTCP Đầu tư Dầu khí Sao Mai - Bến Đình,Đầu tư Dầu khí Sao Mai - Bến Đình,Sao Mai - Ben Dinh Petroleum Investment JSC,Năng lượng,Năng lượng,Thiết bị và dịch vụ năng lượng,Năng lượng,Thiết bị và dịch vụ năng lượng,,Khác / cần duyệt,NORMAL,99,,REVIEW,,https://finance.vietstock.vn/PSB/ho-so-doanh-nghiep.htm,OK,YES
PSG,UPCOM,CTCP Đầu Tư và Xây lắp Dầu khí Sài Gòn,Đầu Tư và Xây lắp Dầu khí Sài Gòn,Petroleum Saigon Constrution And Investment JSC,Bất động sản,Bất động sản,Bất động sản đa dạng,Bất động sản,Bất động sản đa dạng,,Khác / cần duyệt,NORMAL,99,,REVIEW,,https://finance.vietstock.vn/PSG/ho-so-doanh-nghiep.htm,OK,YES
PSN,UPCOM,CTCP Dịch Vụ Kỹ Thuật PTSC Thanh Hóa,Dịch Vụ Kỹ Thuật PTSC Thanh Hóa,PTSC Thanh Hoa Technical Services Company,Công nghiệp,Vận tải,Hạ tầng giao thông,Công nghiệp,Vận tải,Hạ tầng giao thông,Khác / cần duyệt,NORMAL,99,,REVIEW,,https://finance.vietstock.vn/PSN/ho-so-doanh-nghiep.htm,OK,YES
PSP,UPCOM,CTCP Cảng Dịch vụ Dầu khí Đình Vũ,Cảng Dịch vụ Dầu khí Đình Vũ,Dinh Vu Petroleum Service Port SJC,Công nghiệp,Vận tải,Hạ tầng giao thông,Công nghiệp,Vận tải,Hạ tầng giao thông,Khác / cần duyệt,NORMAL,99,,REVIEW,,https://finance.vietstock.vn/PSP/ho-so-doanh-nghiep.htm,OK,YES
PTL,HOSE,CTCP Victory Group,Victory Group,Victory Group Joint Stock Company,Bất động sản,Bất động sản,Quản lý và phát triển bất động sản,Bất động sản,Quản lý và phát triển bất động sản,,Khác / cần duyệt,NORMAL,99,,REVIEW,,https://finance.vietstock.vn/PTL/ho-so-doanh-nghiep.htm,OK,YES
PV2,HNX,CTCP Đầu tư PV2,Đầu tư PV2,PV2 Investment JSC,Tài chính,Dịch vụ tài chính,Dịch vụ tài chính,Tài chính,Dịch vụ tài chính,,Khác / cần duyệt,NORMAL,99,,REVIEW,,https://finance.vietstock.vn/PV2/ho-so-doanh-nghiep.htm,OK,YES
PVB,HNX,CTCP Bọc ống Dầu khí Việt Nam,Bọc ống Dầu khí Việt Nam,PetroViet Nam Coating JSC,Năng lượng,Năng lượng,Thiết bị và dịch vụ năng lượng,Năng lượng,Thiết bị và dịch vụ năng lượng,,Khác / cần duyệt,NORMAL,99,,REVIEW,,https://finance.vietstock.vn/PVB/ho-so-doanh-nghiep.htm,OK,YES
PVD,HOSE,Tổng Công ty cổ phần Khoan và Dịch vụ khoan Dầu khí,Khoan và Dịch vụ khoan Dầu khí,PetroVietnam Drilling & Well Services Corporation,Năng lượng,Năng lượng,Thiết bị và dịch vụ năng lượng,Năng lượng,Thiết bị và dịch vụ năng lượng,,Khác / cần duyệt,NORMAL,99,,REVIEW,,https://finance.vietstock.vn/PVD/ho-so-doanh-nghiep.htm,OK,YES
PVG,HNX,CTCP Kinh doanh LPG Việt Nam,Kinh doanh LPG Việt Nam,Petro VietNam LPG Joint Stock Company,Tiện ích,Tiện ích,Gas sinh hoạt,Tiện ích,Gas sinh hoạt,,Khác / cần duyệt,NORMAL,99,,REVIEW,,https://finance.vietstock.vn/PVG/ho-so-doanh-nghiep.htm,OK,YES
PVL,UPCOM,CTCP Đầu tư Nhà Đất Việt,Đầu tư Nhà Đất Việt,Viet Property Investment Joint Stock Company,Bất động sản,Bất động sản,Quản lý và phát triển bất động sản,Bất động sản,Quản lý và phát triển bất động sản,,Khác / cần duyệt,NORMAL,99,,REVIEW,,https://finance.vietstock.vn/PVL/ho-so-doanh-nghiep.htm,OK,YES
PVR,UPCOM,CTCP Đầu tư PVR Hà Nội,Đầu tư PVR Hà Nội,Ha Noi PVR Investment Joint Stock Company,Bất động sản,Bất động sản,Quản lý và phát triển bất động sản,Bất động sản,Quản lý và phát triển bất động sản,,Khác / cần duyệt,NORMAL,99,,REVIEW,,https://finance.vietstock.vn/PVR/ho-so-doanh-nghiep.htm,OK,YES
PVY,UPCOM,CTCP Chế tạo Giàn khoan Dầu khí,Chế tạo Giàn khoan Dầu khí,Petrovietnam Marine Shipyard JSC,Năng lượng,Năng lượng,Thiết bị và dịch vụ năng lượng,Năng lượng,Thiết bị và dịch vụ năng lượng,,Khác / cần duyệt,NORMAL,99,,REVIEW,,https://finance.vietstock.vn/PVY/ho-so-doanh-nghiep.htm,OK,YES
PWS,UPCOM,CTCP Cấp thoát nước Phú Yên,Cấp thoát nước Phú Yên,Phu Yen Water Supply And Sewerage Joint Stock Company,Tiện ích,Tiện ích,Nước,Tiện ích,Nước,,Khác / cần duyệt,NORMAL,99,,REVIEW,,https://finance.vietstock.vn/PWS/ho-so-doanh-nghiep.htm,OK,YES
PXL,UPCOM,CTCP Đầu tư Khu Công nghiệp Dầu khí Long Sơn,Đầu tư Khu Công nghiệp Dầu khí Long Sơn,Long Son Petroleum Industrial Zone Investment JSC,Bất động sản,Bất động sản,Quản lý và phát triển bất động sản,Bất động sản,Quản lý và phát triển bất động sản,,Khác / cần duyệt,NORMAL,99,,REVIEW,,https://finance.vietstock.vn/PXL/ho-so-doanh-nghiep.htm,OK,YES
RAL,HOSE,CTCP Bóng đèn Phích nước Rạng Đông,Bóng đèn Phích nước Rạng Đông,Rangdong Light Source And Vacuum Flask JSC,Công nghiệp,Hàng hóa công nghiệp,Thiết bị điện,Công nghiệp,Hàng hóa công nghiệp,Thiết bị điện,Khác / cần duyệt,NORMAL,99,,REVIEW,,https://finance.vietstock.vn/RAL/ho-so-doanh-nghiep.htm,OK,YES
S4A,HOSE,CTCP Thủy điện Sê San 4A,Thủy điện Sê San 4A,Se San 4A Hydro Power JSC,Tiện ích,Tiện ích,Điện,Tiện ích,Điện,,Khác / cần duyệt,NORMAL,99,,REVIEW,,https://finance.vietstock.vn/S4A/ho-so-doanh-nghiep.htm,OK,YES
SAM,HOSE,CTCP SAM Holdings,SAM Holdings,SAM Holdings Corporation,Công nghiệp,Hàng hóa công nghiệp,Thiết bị điện,Công nghiệp,Hàng hóa công nghiệp,Thiết bị điện,Khác / cần duyệt,NORMAL,99,,REVIEW,,https://finance.vietstock.vn/SAM/ho-so-doanh-nghiep.htm,OK,YES
SAS,UPCOM,CTCP Dịch vụ Hàng không Sân bay Tân Sơn Nhất,Dịch vụ Hàng không Sân bay Tân Sơn Nhất,Southern Airports Services JSC,Công nghiệp,Vận tải,Hạ tầng giao thông,Công nghiệp,Vận tải,Hạ tầng giao thông,Khác / cần duyệt,NORMAL,99,,REVIEW,,https://finance.vietstock.vn/SAS/ho-so-doanh-nghiep.htm,OK,YES
SBA,HOSE,CTCP Sông Ba,Sông Ba,Song Ba JSC,Tiện ích,Tiện ích,Phát điện độc lập và điện tái tạo,Tiện ích,Phát điện độc lập và điện tái tạo,,Khác / cần duyệt,NORMAL,99,,REVIEW,,https://finance.vietstock.vn/SBA/ho-so-doanh-nghiep.htm,OK,YES
SBH,UPCOM,CTCP Thủy điện Sông Ba Hạ,Thủy điện Sông Ba Hạ,Song Ba Ha Hydro Power JSC,Tiện ích,Tiện ích,Phát điện độc lập và điện tái tạo,Tiện ích,Phát điện độc lập và điện tái tạo,,Khác / cần duyệt,NORMAL,99,,REVIEW,,https://finance.vietstock.vn/SBH/ho-so-doanh-nghiep.htm,OK,YES
SBM,UPCOM,CTCP Đầu tư Phát triển Bắc Minh,Đầu tư Phát triển Bắc Minh,Bac Minh Development Investment Joint Stock Company,Tiện ích,Tiện ích,Phát điện độc lập và điện tái tạo,Tiện ích,Phát điện độc lập và điện tái tạo,,Khác / cần duyệt,NORMAL,99,,REVIEW,,https://finance.vietstock.vn/SBM/ho-so-doanh-nghiep.htm,OK,YES
SD9,HNX,CTCP Sông Đà 9,Sông Đà 9,Song Da No 9 Joint Stock Company,Tiện ích,Tiện ích,Phát điện độc lập và điện tái tạo,Tiện ích,Phát điện độc lập và điện tái tạo,,Khác / cần duyệt,NORMAL,99,,REVIEW,,https://finance.vietstock.vn/SD9/ho-so-doanh-nghiep.htm,OK,YES
SEB,HNX,CTCP Đầu tư và Phát triển Điện Miền Trung,Đầu tư và Phát triển Điện Miền Trung,Mien Trung Power Investment & Development JSC,Tiện ích,Tiện ích,Phát điện độc lập và điện tái tạo,Tiện ích,Phát điện độc lập và điện tái tạo,,Khác / cần duyệt,NORMAL,99,,REVIEW,,https://finance.vietstock.vn/SEB/ho-so-doanh-nghiep.htm,OK,YES
SFI,HOSE,CTCP Đại lý Vận tải SAFI,Đại lý Vận tải SAFI,Sea & Air Freight International,Công nghiệp,Vận tải,Hạ tầng giao thông,Công nghiệp,Vận tải,Hạ tầng giao thông,Khác / cần duyệt,NORMAL,99,,REVIEW,,https://finance.vietstock.vn/SFI/ho-so-doanh-nghiep.htm,OK,YES
SGN,HOSE,CTCP Phục vụ Mặt đất Sài Gòn,Phục vụ Mặt đất Sài Gòn,Saigon Ground Services JSC,Công nghiệp,Vận tải,Hạ tầng giao thông,Công nghiệp,Vận tải,Hạ tầng giao thông,Khác / cần duyệt,NORMAL,99,,REVIEW,,https://finance.vietstock.vn/SGN/ho-so-doanh-nghiep.htm,OK,YES
SGP,UPCOM,CTCP Cảng Sài Gòn,Cảng Sài Gòn,Saigon Port Join Stock Company,Công nghiệp,Vận tải,Hạ tầng giao thông,Công nghiệp,Vận tải,Hạ tầng giao thông,Khác / cần duyệt,NORMAL,99,,REVIEW,,https://finance.vietstock.vn/SGP/ho-so-doanh-nghiep.htm,OK,YES
SGR,HOSE,CTCP Tổng CTCP Địa ốc Sài Gòn,Tổng CTCP Địa ốc Sài Gòn,Saigon Real Estate Group Joint Stock Company,Bất động sản,Bất động sản,Dịch vụ bất động sản,Bất động sản,Dịch vụ bất động sản,,Khác / cần duyệt,NORMAL,99,,REVIEW,,https://finance.vietstock.vn/SGR/ho-so-doanh-nghiep.htm,OK,YES
SHP,HOSE,CTCP Thủy điện Miền Nam,Thủy điện Miền Nam,Southern Hydropower JSC,Tiện ích,Tiện ích,Phát điện độc lập và điện tái tạo,Tiện ích,Phát điện độc lập và điện tái tạo,,Khác / cần duyệt,NORMAL,99,,REVIEW,,https://finance.vietstock.vn/SHP/ho-so-doanh-nghiep.htm,OK,YES
SID,UPCOM,CTCP Đầu tư Phát triển Sài Gòn Co.op,Đầu tư Phát triển Sài Gòn Co.op,Saigon Co.op Investment Development Joint Stock Company,Bất động sản,Bất động sản,Quản lý và phát triển bất động sản,Bất động sản,Quản lý và phát triển bất động sản,,Khác / cần duyệt,NORMAL,99,,REVIEW,,https://finance.vietstock.vn/SID/ho-so-doanh-nghiep.htm,OK,YES
SII,UPCOM,CTCP Hạ tầng Nước Sài Gòn,Hạ tầng Nước Sài Gòn,Sai Gon Water Infrastructure Corporation,Tiện ích,Tiện ích,Nước,Tiện ích,Nước,,Khác / cần duyệt,NORMAL,99,,REVIEW,,https://finance.vietstock.vn/SII/ho-so-doanh-nghiep.htm,OK,YES
SIP,HOSE,CTCP Đầu tư Sài Gòn VRG,Đầu tư Sài Gòn VRG,Sai Gon VRG Investment Corporation,Bất động sản,Bất động sản,Quản lý và phát triển bất động sản,Bất động sản,Quản lý và phát triển bất động sản,,Khác / cần duyệt,NORMAL,99,,REVIEW,,https://finance.vietstock.vn/SIP/ho-so-doanh-nghiep.htm,OK,YES
SJD,HOSE,CTCP Thủy điện Cần Đơn,Thủy điện Cần Đơn,Candon HydroPower Joint Stock Company,Tiện ích,Tiện ích,Phát điện độc lập và điện tái tạo,Tiện ích,Phát điện độc lập và điện tái tạo,,Khác / cần duyệt,NORMAL,99,,REVIEW,,https://finance.vietstock.vn/SJD/ho-so-doanh-nghiep.htm,OK,YES
SJS,HOSE,CTCP SJ Group,SJ Group,SJ Group Joint Stock Company,Bất động sản,Bất động sản,Quản lý và phát triển bất động sản,Bất động sản,Quản lý và phát triển bất động sản,,Khác / cần duyệt,NORMAL,99,,REVIEW,,https://finance.vietstock.vn/SJS/ho-so-doanh-nghiep.htm,OK,YES
SLD,UPCOM,CTCP Địa ốc Sacom,Địa ốc Sacom,Sacom Land Corporation,Bất động sản,Bất động sản,Quản lý và phát triển bất động sản,Bất động sản,Quản lý và phát triển bất động sản,,Khác / cần duyệt,NORMAL,99,,REVIEW,,https://finance.vietstock.vn/SLD/ho-so-doanh-nghiep.htm,OK,YES
SNZ,UPCOM,Tổng Công ty cổ phần Phát triển Khu Công nghiệp,Phát triển Khu Công nghiệp,Sonadezi Corporation,Bất động sản,Bất động sản,Quản lý và phát triển bất động sản,Bất động sản,Quản lý và phát triển bất động sản,,Khác / cần duyệt,NORMAL,99,,REVIEW,,https://finance.vietstock.vn/SNZ/ho-so-doanh-nghiep.htm,OK,YES
SP2,UPCOM,CTCP Thủy điện Sử Pán 2,Thủy điện Sử Pán 2,Su Pan 2 Hydroprwer JSC,Tiện ích,Tiện ích,Phát điện độc lập và điện tái tạo,Tiện ích,Phát điện độc lập và điện tái tạo,,Khác / cần duyệt,NORMAL,99,,REVIEW,,https://finance.vietstock.vn/SP2/ho-so-doanh-nghiep.htm,OK,YES
SRC,HOSE,CTCP Cao su Sao Vàng,Cao su Sao Vàng,Sao Vang Rubber Joint Stock Company,Tiêu dùng không thiết yếu,Xe và linh kiện,Linh kiện xe,Tiêu dùng không thiết yếu,Xe và linh kiện,Linh kiện xe,Khác / cần duyệt,NORMAL,99,,REVIEW,,https://finance.vietstock.vn/SRC/ho-so-doanh-nghiep.htm,OK,YES
SSH,UPCOM,CTCP Phát triển Sunshine Homes,Phát triển Sunshine Homes,Sunshine Homes Development JSC,Bất động sản,Bất động sản,Quản lý và phát triển bất động sản,Bất động sản,Quản lý và phát triển bất động sản,,Khác / cần duyệt,NORMAL,99,,REVIEW,,https://finance.vietstock.vn/SSH/ho-so-doanh-nghiep.htm,OK,YES
SSN,UPCOM,CTCP Xuất nhập khẩu Thủy sản Sài Gòn,Xuất nhập khẩu Thủy sản Sài Gòn,Saigon SeaProducts Import - Export JSC,Bất động sản,Bất động sản,Bất động sản đa dạng,Bất động sản,Bất động sản đa dạng,,Khác / cần duyệt,NORMAL,99,,REVIEW,,https://finance.vietstock.vn/SSN/ho-so-doanh-nghiep.htm,OK,YES
STG,HOSE,CTCP Kho vận Miền Nam,Kho vận Miền Nam,South Logistics Joint Stock Company,Công nghiệp,Vận tải,Hạ tầng giao thông,Công nghiệp,Vận tải,Hạ tầng giao thông,Khác / cần duyệt,NORMAL,99,,REVIEW,,https://finance.vietstock.vn/STG/ho-so-doanh-nghiep.htm,OK,YES
SZB,HNX,CTCP Sonadezi Long Bình,Sonadezi Long Bình,Sonadezi Long Binh Joint Stock Company,Bất động sản,Bất động sản,Quản lý và phát triển bất động sản,Bất động sản,Quản lý và phát triển bất động sản,,Khác / cần duyệt,NORMAL,99,,REVIEW,,https://finance.vietstock.vn/SZB/ho-so-doanh-nghiep.htm,OK,YES
SZE,UPCOM,CTCP Môi trường Sonadezi,Môi trường Sonadezi,Sonadezi Environment Joint Stock Company,Tiện ích,Tiện ích,Tiện tích tổng hợp,Công nghiệp,Dịch vụ thương mại và chuyên nghiệp,Dịch vụ và thiết bị thương mại,Khác / cần duyệt,NORMAL,99,,REVIEW,,https://finance.vietstock.vn/SZE/ho-so-doanh-nghiep.htm,OK,YES
SZG,UPCOM,CTCP Sonadezi Giang Điền,Sonadezi Giang Điền,Sonadezi Giang Dien Joint Stock Company,Bất động sản,Bất động sản,Quản lý và phát triển bất động sản,Bất động sản,Quản lý và phát triển bất động sản,,Khác / cần duyệt,NORMAL,99,,REVIEW,,https://finance.vietstock.vn/SZG/ho-so-doanh-nghiep.htm,OK,YES
SZL,HOSE,CTCP Sonadezi Long Thành,Sonadezi Long Thành,Sonadezi Long Thanh Shareholding Company,Bất động sản,Bất động sản,Quản lý và phát triển bất động sản,Bất động sản,Quản lý và phát triển bất động sản,,Khác / cần duyệt,NORMAL,99,,REVIEW,,https://finance.vietstock.vn/SZL/ho-so-doanh-nghiep.htm,OK,YES
TBC,HOSE,CTCP Thủy điện Thác Bà,Thủy điện Thác Bà,Thac Ba Hydro Power Joint Stock Company,Tiện ích,Tiện ích,Phát điện độc lập và điện tái tạo,Tiện ích,Phát điện độc lập và điện tái tạo,,Khác / cần duyệt,NORMAL,99,,REVIEW,,https://finance.vietstock.vn/TBC/ho-so-doanh-nghiep.htm,OK,YES
TBD,UPCOM,Tổng Công ty Thiết bị Điện Đông Anh - CTCP,Thiết bị Điện Đông Anh - CTCP,Dong Anh Electrical Equiment Corporation - Joint Stock Company,Công nghiệp,Hàng hóa công nghiệp,Thiết bị điện,Công nghiệp,Hàng hóa công nghiệp,Thiết bị điện,Khác / cần duyệt,NORMAL,99,,REVIEW,,https://finance.vietstock.vn/TBD/ho-so-doanh-nghiep.htm,OK,YES
TBH,UPCOM,CTCP Tổng Bách Hóa,Tổng Bách Hóa,General Department Store Joint Stock Company,Bất động sản,Bất động sản,Quản lý và phát triển bất động sản,Bất động sản,Quản lý và phát triển bất động sản,,Khác / cần duyệt,NORMAL,99,,REVIEW,,https://finance.vietstock.vn/TBH/ho-so-doanh-nghiep.htm,OK,YES
TCL,HOSE,CTCP Đại lý Giao nhận Vận tải Xếp dỡ Tân Cảng,Đại lý Giao nhận Vận tải Xếp dỡ Tân Cảng,Tan Cang Logistics & Stevedoring Joint Stock Company,Công nghiệp,Vận tải,Hạ tầng giao thông,Công nghiệp,Vận tải,Hạ tầng giao thông,Khác / cần duyệt,NORMAL,99,,REVIEW,,https://finance.vietstock.vn/TCL/ho-so-doanh-nghiep.htm,OK,YES
TDG,HOSE,CTCP Đầu tư TDG Global,Đầu tư TDG Global,TDG Global Investment Joint Stock Company,Tiện ích,Tiện ích,Gas sinh hoạt,Tiện ích,Gas sinh hoạt,,Khác / cần duyệt,NORMAL,99,,REVIEW,,https://finance.vietstock.vn/TDG/ho-so-doanh-nghiep.htm,OK,YES
TDH,HOSE,CTCP Phát triển Nhà Thủ Đức,Phát triển Nhà Thủ Đức,Thu Duc Housing Development Corporation,Bất động sản,Bất động sản,Quản lý và phát triển bất động sản,Bất động sản,Quản lý và phát triển bất động sản,,Khác / cần duyệt,NORMAL,99,,REVIEW,,https://finance.vietstock.vn/TDH/ho-so-doanh-nghiep.htm,OK,YES
TDM,HOSE,CTCP Nước Thủ Dầu Một,Nước Thủ Dầu Một,Thu Dau Mot Water Joint Stock Company,Tiện ích,Tiện ích,Nước,Tiện ích,Nước,,Khác / cần duyệt,NORMAL,99,,REVIEW,,https://finance.vietstock.vn/TDM/ho-so-doanh-nghiep.htm,OK,YES
TGG,UPCOM,CTCP The Golden Group,The Golden Group,The Golden Group Joint Stock Company,Tiêu dùng thiết yếu,Thương mại hàng thiết yếu,Thương mại hàng thiết yếu,Tiêu dùng thiết yếu,Thương mại hàng thiết yếu,,Khác / cần duyệt,NORMAL,99,,REVIEW,,https://finance.vietstock.vn/TGG/ho-so-doanh-nghiep.htm,OK,YES
THN,UPCOM,CTCP Cấp nước Thanh Hóa,Cấp nước Thanh Hóa,Thanh Hoa Water Supply JSC,Tiện ích,Tiện ích,Nước,Tiện ích,Nước,,Khác / cần duyệt,NORMAL,99,,REVIEW,,https://finance.vietstock.vn/THN/ho-so-doanh-nghiep.htm,OK,YES
TIP,HOSE,CTCP Phát triển Khu Công nghiệp Tín Nghĩa,Phát triển Khu Công nghiệp Tín Nghĩa,Tin Nghia Industrial Park Development JSC,Bất động sản,Bất động sản,Quản lý và phát triển bất động sản,Bất động sản,Quản lý và phát triển bất động sản,,Khác / cần duyệt,NORMAL,99,,REVIEW,,https://finance.vietstock.vn/TIP/ho-so-doanh-nghiep.htm,OK,YES
TIX,HOSE,CTCP Sản xuất Kinh doanh Xuất nhập khẩu Dịch vụ và Đầu tư Tân Bình,Sản xuất Kinh doanh Xuất nhập khẩu Dịch vụ và Đầu tư Tân Bình,Tan Binh Import Export Joint Stock Corporation,Bất động sản,Bất động sản,Quản lý và phát triển bất động sản,Bất động sản,Quản lý và phát triển bất động sản,,Khác / cần duyệt,NORMAL,99,,REVIEW,,https://finance.vietstock.vn/TIX/ho-so-doanh-nghiep.htm,OK,YES
TLG,HOSE,CTCP Tập đoàn Thiên Long,Thiên Long,Thien Long Group Corporation,Công nghiệp,Dịch vụ thương mại và chuyên nghiệp,Dịch vụ và thiết bị thương mại,Công nghiệp,Dịch vụ thương mại và chuyên nghiệp,Dịch vụ và thiết bị thương mại,Khác / cần duyệt,NORMAL,99,,REVIEW,,https://finance.vietstock.vn/TLG/ho-so-doanh-nghiep.htm,OK,YES
TMP,HOSE,CTCP Thủy điện Thác Mơ,Thủy điện Thác Mơ,Thac Mo Hydro Power Joint Stock Company,Tiện ích,Tiện ích,Phát điện độc lập và điện tái tạo,Tiện ích,Phát điện độc lập và điện tái tạo,,Khác / cần duyệt,NORMAL,99,,REVIEW,,https://finance.vietstock.vn/TMP/ho-so-doanh-nghiep.htm,OK,YES
TMS,HOSE,CTCP Transimex,Transimex,Transimex Corporation,Công nghiệp,Vận tải,Hạ tầng giao thông,Công nghiệp,Vận tải,Hạ tầng giao thông,Khác / cần duyệt,NORMAL,99,,REVIEW,,https://finance.vietstock.vn/TMS/ho-so-doanh-nghiep.htm,OK,YES
TMT,HOSE,CTCP Ô tô TMT,Ô tô TMT,TMT Motors Corporation,Tiêu dùng không thiết yếu,Xe và linh kiện,Xe,Tiêu dùng không thiết yếu,Xe và linh kiện,Xe,Khác / cần duyệt,NORMAL,99,,REVIEW,,https://finance.vietstock.vn/TMT/ho-so-doanh-nghiep.htm,OK,YES
TN1,HOSE,CTCP Rox Key Holdings,Rox Key Holdings,Rox Key Holdings Joint Stock Company,Bất động sản,Bất động sản,Quản lý và phát triển bất động sản,Bất động sản,Quản lý và phát triển bất động sản,,Khác / cần duyệt,NORMAL,99,,REVIEW,,https://finance.vietstock.vn/TN1/ho-so-doanh-nghiep.htm,OK,YES
TRV,UPCOM,CTCP Vận tải Đường sắt,Vận tải Đường sắt,Railway Transport Joint Stock Company,Công nghiệp,Vận tải,Vận tải mặt đất,Công nghiệp,Vận tải,Vận tải mặt đất,Khác / cần duyệt,NORMAL,99,,REVIEW,,https://finance.vietstock.vn/TRV/ho-so-doanh-nghiep.htm,OK,YES
TTA,HOSE,CTCP Đầu tư Xây dựng và Phát triển Trường Thành,Đầu tư Xây dựng và Phát triển Trường Thành,Truong Thanh Development and Constrution Investment Joint Stock Company,Tiện ích,Tiện ích,Phát điện độc lập và điện tái tạo,Tiện ích,Phát điện độc lập và điện tái tạo,,Khác / cần duyệt,NORMAL,99,,REVIEW,,https://finance.vietstock.vn/TTA/ho-so-doanh-nghiep.htm,OK,YES
TTB,UPCOM,CTCP TTBGroup,TTBGroup,TTBGroup Joint Stock Company,Bất động sản,Bất động sản,Quản lý và phát triển bất động sản,Bất động sản,Quản lý và phát triển bất động sản,,Khác / cần duyệt,NORMAL,99,,REVIEW,,https://finance.vietstock.vn/TTB/ho-so-doanh-nghiep.htm,OK,YES
TTE,HOSE,CTCP Đầu tư Năng lượng Trường Thịnh,Đầu tư Năng lượng Trường Thịnh,Truong Thinh Energy Investment Joint Stock Company,Tiện ích,Tiện ích,Phát điện độc lập và điện tái tạo,Tiện ích,Phát điện độc lập và điện tái tạo,,Khác / cần duyệt,NORMAL,99,,REVIEW,,https://finance.vietstock.vn/TTE/ho-so-doanh-nghiep.htm,OK,YES
UNI,HNX,CTCP Đầu Tư Và Phát Triển Sao Mai Việt,Đầu Tư Và Phát Triển Sao Mai Việt,Sao Mai Viet Investment And Development Joint Stock Company,Bất động sản,Bất động sản,Dịch vụ bất động sản,Bất động sản,Dịch vụ bất động sản,,Khác / cần duyệt,NORMAL,99,,REVIEW,,https://finance.vietstock.vn/UNI/ho-so-doanh-nghiep.htm,OK,YES
VAV,UPCOM,CTCP VIWACO,VIWACO,VIWACO Joint Stock Company,Tiện ích,Tiện ích,Nước,Tiện ích,Nước,,Khác / cần duyệt,NORMAL,99,,REVIEW,,https://finance.vietstock.vn/VAV/ho-so-doanh-nghiep.htm,OK,YES
VCP,UPCOM,CTCP Xây Dựng Và Năng Lượng VCP,Xây Dựng Và Năng Lượng VCP,VCP Power & Construction Joint Stock Company,Tiện ích,Tiện ích,Điện,Tiện ích,Điện,,Khác / cần duyệt,NORMAL,99,,REVIEW,,https://finance.vietstock.vn/VCP/ho-so-doanh-nghiep.htm,OK,YES
VCR,UPCOM,CTCP Đầu tư và Phát triển Du lịch Vinaconex,Đầu tư và Phát triển Du lịch Vinaconex,Vinaconex Investment And Tourism Development JSC,Bất động sản,Bất động sản,Quản lý và phát triển bất động sản,Bất động sản,Quản lý và phát triển bất động sản,,Khác / cần duyệt,NORMAL,99,,REVIEW,,https://finance.vietstock.vn/VCR/ho-so-doanh-nghiep.htm,OK,YES
VCW,UPCOM,CTCP Đầu tư Nước sạch Sông Đà,Đầu tư Nước sạch Sông Đà,Song Da Water Investment JSC,Tiện ích,Tiện ích,Nước,Tiện ích,Nước,,Khác / cần duyệt,NORMAL,99,,REVIEW,,https://finance.vietstock.vn/VCW/ho-so-doanh-nghiep.htm,OK,YES
VEF,UPCOM,CTCP Trung tâm Hội chợ Triển lãm Việt Nam,Trung tâm Hội chợ Triển lãm Việt Nam,Vietnam Exhibition Fair Centre Joint Stock Company,Công nghiệp,Dịch vụ thương mại và chuyên nghiệp,Dịch vụ và thiết bị thương mại,Công nghiệp,Dịch vụ thương mại và chuyên nghiệp,Dịch vụ và thiết bị thương mại,Khác / cần duyệt,NORMAL,99,,REVIEW,,https://finance.vietstock.vn/VEF/ho-so-doanh-nghiep.htm,OK,YES
VGR,UPCOM,CTCP Cảng Xanh Vip,Cảng Xanh Vip,Vip Greenport Joint Stock Company,Công nghiệp,Vận tải,Hạ tầng giao thông,Công nghiệp,Vận tải,Hạ tầng giao thông,Khác / cần duyệt,NORMAL,99,,REVIEW,,https://finance.vietstock.vn/VGR/ho-so-doanh-nghiep.htm,OK,YES
VHD,UPCOM,CTCP Đầu tư Phát triển Nhà và Đô Thị VINAHUD,Đầu tư Phát triển Nhà và Đô Thị VINAHUD,VINAHUD Urban And Housing Development Invesment Joint Stock Company,Bất động sản,Bất động sản,Quản lý và phát triển bất động sản,Bất động sản,Quản lý và phát triển bất động sản,,Khác / cần duyệt,NORMAL,99,,REVIEW,,https://finance.vietstock.vn/VHD/ho-so-doanh-nghiep.htm,OK,YES
VHF,UPCOM,CTCP Xây dựng và Chế biến Lương thực Vĩnh Hà,Xây dựng và Chế biến Lương thực Vĩnh Hà,Vinh Ha Food Processing and Construction JSC,Tiêu dùng thiết yếu,Thương mại hàng thiết yếu,Thương mại hàng thiết yếu,Tiêu dùng thiết yếu,Thương mại hàng thiết yếu,,Khác / cần duyệt,NORMAL,99,,REVIEW,,https://finance.vietstock.vn/VHF/ho-so-doanh-nghiep.htm,OK,YES
VIN,UPCOM,CTCP Giao nhận Kho vận Ngoại Thương Việt Nam,Giao nhận Kho vận Ngoại Thương Việt Nam,Vinatrans International Freight Forwarders JSC,Công nghiệp,Vận tải,Hạ tầng giao thông,Công nghiệp,Vận tải,Hạ tầng giao thông,Khác / cần duyệt,NORMAL,99,,REVIEW,,https://finance.vietstock.vn/VIN/ho-so-doanh-nghiep.htm,OK,YES
VLW,UPCOM,CTCP Cấp nước Vĩnh Long,Cấp nước Vĩnh Long,Vinh Long Water Supply Joint Stock Company Limited,Tiện ích,Tiện ích,Nước,Tiện ích,Nước,,Khác / cần duyệt,NORMAL,99,,REVIEW,,https://finance.vietstock.vn/VLW/ho-so-doanh-nghiep.htm,OK,YES
VNS,HOSE,CTCP Ánh Dương Việt Nam,Ánh Dương Việt Nam,VietNam Sun Copporation,Công nghiệp,Vận tải,Vận tải mặt đất,Công nghiệp,Vận tải,Vận tải mặt đất,Khác / cần duyệt,NORMAL,99,,REVIEW,,https://finance.vietstock.vn/VNS/ho-so-doanh-nghiep.htm,OK,YES
VPD,HOSE,CTCP Phát triển Điện lực Việt Nam,Phát triển Điện lực Việt Nam,Vietnam Power Development Joint Stock Company,Tiện ích,Tiện ích,Phát điện độc lập và điện tái tạo,Tiện ích,Phát điện độc lập và điện tái tạo,,Khác / cần duyệt,NORMAL,99,,REVIEW,,https://finance.vietstock.vn/VPD/ho-so-doanh-nghiep.htm,OK,YES
VPH,HOSE,CTCP Vạn Phát Hưng,Vạn Phát Hưng,Van Phat Hung Corporation,Bất động sản,Bất động sản,Quản lý và phát triển bất động sản,Bất động sản,Quản lý và phát triển bất động sản,,Khác / cần duyệt,NORMAL,99,,REVIEW,,https://finance.vietstock.vn/VPH/ho-so-doanh-nghiep.htm,OK,YES
VRC,HOSE,CTCP Bất động sản và Đầu tư VRC,Bất động sản và Đầu tư VRC,VRC Real Estate and Investment JSC,Bất động sản,Bất động sản,Quản lý và phát triển bất động sản,Bất động sản,Quản lý và phát triển bất động sản,,Khác / cần duyệt,NORMAL,99,,REVIEW,,https://finance.vietstock.vn/VRC/ho-so-doanh-nghiep.htm,OK,YES
VRG,UPCOM,CTCP Phát triển Đô thị và Khu công nghiệp Cao su Việt Nam,Phát triển Đô thị và Khu công nghiệp Cao su Việt Nam,Viet Nam Rubber Industrial Zone and Urban Development JSC,Bất động sản,Bất động sản,Quản lý và phát triển bất động sản,Bất động sản,Quản lý và phát triển bất động sản,,Khác / cần duyệt,NORMAL,99,,REVIEW,,https://finance.vietstock.vn/VRG/ho-so-doanh-nghiep.htm,OK,YES
VSH,HOSE,CTCP Thủy điện Vĩnh Sơn - Sông Hinh,Thủy điện Vĩnh Sơn - Sông Hinh,Vinh Son - Song Hinh Hydropower Joint Stock Company,Tiện ích,Tiện ích,Phát điện độc lập và điện tái tạo,Tiện ích,Phát điện độc lập và điện tái tạo,,Khác / cần duyệt,NORMAL,99,,REVIEW,,https://finance.vietstock.vn/VSH/ho-so-doanh-nghiep.htm,OK,YES
VTX,UPCOM,CTCP Vận tải Đa Phương Thức Vietranstimex,Vận tải Đa Phương Thức Vietranstimex,Vietranstimex MultiModal Transport Holding Company,Công nghiệp,Vận tải,Vận tải mặt đất,Công nghiệp,Vận tải,Vận tải mặt đất,Khác / cần duyệt,NORMAL,99,,REVIEW,,https://finance.vietstock.vn/VTX/ho-so-doanh-nghiep.htm,OK,YES
XDH,UPCOM,CTCP Đầu tư Xây dựng Dân dụng Hà Nội,Đầu tư Xây dựng Dân dụng Hà Nội,Ha Noi Civil Construction Investment JSC,Bất động sản,Bất động sản,Quản lý và phát triển bất động sản,Bất động sản,Quản lý và phát triển bất động sản,,Khác / cần duyệt,NORMAL,99,,REVIEW,,https://finance.vietstock.vn/XDH/ho-so-doanh-nghiep.htm,OK,YES
