boundary_volume_abs_diff,boundary_volume_pct_diff,classification,closing_price_diff,closing_volume_abs_diff,closing_volume_pct_diff,day_volume_abs_diff,day_volume_pct_diff,domain,kbs_boundary_volume,kbs_day_volume,kbs_inference_quality,kbs_price,kbs_time,price_diff,symbol,trading_date,vci_boundary_volume,vci_day_volume,vci_inference_quality,vci_price,vci_time
0,0.0,STRONG_AGREEMENT,,,,0,0.0,ATO,78900,4690000,UNAVAILABLE,71.4,2026-08-25 09:15:00,0.0,FPT,2026-08-25,78900,4690000,UNAVAILABLE,71.4,2026-08-25 09:15:00
0,0.0,STRONG_AGREEMENT,0.0,0,0.0,0,0.0,ATC,254300,4690000,INFERRED_BOUNDARY,70.7,2026-08-25 14:45:00,0.0,FPT,2026-08-25,254300,4690000,INFERRED_BOUNDARY,70.7,2026-08-25 14:45:00
0,0.0,STRONG_AGREEMENT,,,,0,0.0,ATO,27600,10161300,INFERRED_BOUNDARY,70.7,2026-08-26 09:15:00,0.0,FPT,2026-08-26,27600,10161300,INFERRED_BOUNDARY,70.7,2026-08-26 09:15:00
0,0.0,STRONG_AGREEMENT,0.0,0,0.0,0,0.0,ATC,426000,10161300,INFERRED_BOUNDARY,72.6,2026-08-26 14:45:00,0.0,FPT,2026-08-26,426000,10161300,INFERRED_BOUNDARY,72.6,2026-08-26 14:45:00
0,0.0,STRONG_AGREEMENT,,,,0,0.0,ATO,100800,3542900,UNAVAILABLE,72.6,2026-08-27 09:15:00,0.0,FPT,2026-08-27,100800,3542900,UNAVAILABLE,72.6,2026-08-27 09:15:00
0,0.0,STRONG_AGREEMENT,0.0,0,0.0,0,0.0,ATC,240800,3542900,INFERRED_BOUNDARY,72.2,2026-08-27 14:45:00,0.0,FPT,2026-08-27,240800,3542900,INFERRED_BOUNDARY,72.2,2026-08-27 14:45:00
0,0.0,STRONG_AGREEMENT,,,,0,0.0,ATO,112500,10196800,UNAVAILABLE,72.2,2026-08-28 09:15:00,0.0,FPT,2026-08-28,112500,10196800,UNAVAILABLE,72.2,2026-08-28 09:15:00
0,0.0,STRONG_AGREEMENT,0.0,0,0.0,0,0.0,ATC,583800,10196800,INFERRED_BOUNDARY,73.2,2026-08-28 14:45:00,0.0,FPT,2026-08-28,583800,10196800,INFERRED_BOUNDARY,73.2,2026-08-28 14:45:00
0,0.0,STRONG_AGREEMENT,,,,0,0.0,ATO,163800,4098200,UNAVAILABLE,73,2026-09-03 09:15:00,0,FPT,2026-09-03,163800,4098200,UNAVAILABLE,73,2026-09-03 09:15:00
0,0.0,STRONG_AGREEMENT,0.0,0,0.0,0,0.0,ATC,176100,4098200,INFERRED_BOUNDARY,72.2,2026-09-03 14:45:00,0.0,FPT,2026-09-03,176100,4098200,INFERRED_BOUNDARY,72.2,2026-09-03 14:45:00
0,0.0,STRONG_AGREEMENT,,,,0,0.0,ATO,79100,3549500,UNAVAILABLE,72.5,2026-09-04 09:15:00,0.0,FPT,2026-09-04,79100,3549500,UNAVAILABLE,72.5,2026-09-04 09:15:00
0,0.0,STRONG_AGREEMENT,0.0,0,0.0,0,0.0,ATC,230300,3549500,INFERRED_BOUNDARY,72.8,2026-09-04 14:45:00,0.0,FPT,2026-09-04,230300,3549500,INFERRED_BOUNDARY,72.8,2026-09-04 14:45:00
0,0.0,STRONG_AGREEMENT,,,,0,0.0,ATO,129100,7020200,UNAVAILABLE,73,2026-09-07 09:15:00,0,FPT,2026-09-07,129100,7020200,UNAVAILABLE,73,2026-09-07 09:15:00
0,0.0,STRONG_AGREEMENT,0.0,0,0.0,0,0.0,ATC,185700,7020200,INFERRED_BOUNDARY,72.4,2026-09-07 14:45:00,0.0,FPT,2026-09-07,185700,7020200,INFERRED_BOUNDARY,72.4,2026-09-07 14:45:00
0,0.0,STRONG_AGREEMENT,,,,0,0.0,ATO,44700,4273000,UNAVAILABLE,72.4,2026-09-08 09:15:00,0.0,FPT,2026-09-08,44700,4273000,UNAVAILABLE,72.4,2026-09-08 09:15:00
0,0.0,STRONG_AGREEMENT,0.0,0,0.0,0,0.0,ATC,149900,4273000,INFERRED_BOUNDARY,72.2,2026-09-08 14:45:00,0.0,FPT,2026-09-08,149900,4273000,INFERRED_BOUNDARY,72.2,2026-09-08 14:45:00
0,0.0,STRONG_AGREEMENT,,,,0,0.0,ATO,15900,3680300,UNAVAILABLE,72.3,2026-09-09 09:15:00,0.0,FPT,2026-09-09,15900,3680300,UNAVAILABLE,72.3,2026-09-09 09:15:00
0,0.0,STRONG_AGREEMENT,0.0,0,0.0,0,0.0,ATC,270300,3680300,INFERRED_BOUNDARY,72.4,2026-09-09 14:45:00,0.0,FPT,2026-09-09,270300,3680300,INFERRED_BOUNDARY,72.4,2026-09-09 14:45:00
0,0.0,STRONG_AGREEMENT,,,,0,0.0,ATO,28400,11936600,UNAVAILABLE,72.3,2026-09-10 09:15:00,0.0,FPT,2026-09-10,28400,11936600,UNAVAILABLE,72.3,2026-09-10 09:15:00
0,0.0,STRONG_AGREEMENT,0.0,0,0.0,0,0.0,ATC,320300,11936600,INFERRED_BOUNDARY,74.5,2026-09-10 14:45:00,0.0,FPT,2026-09-10,320300,11936600,INFERRED_BOUNDARY,74.5,2026-09-10 14:45:00
0,0.0,STRONG_AGREEMENT,,,,0,0.0,ATO,165600,5655200,UNAVAILABLE,74.4,2026-09-11 09:15:00,0.0,FPT,2026-09-11,165600,5655200,UNAVAILABLE,74.4,2026-09-11 09:15:00
0,0.0,STRONG_AGREEMENT,0.0,0,0.0,0,0.0,ATC,529600,5655200,INFERRED_BOUNDARY,72.7,2026-09-11 14:45:00,0.0,FPT,2026-09-11,529600,5655200,INFERRED_BOUNDARY,72.7,2026-09-11 14:45:00
0,0.0,STRONG_AGREEMENT,,,,0,0.0,ATO,63800,4860300,UNAVAILABLE,72.8,2026-09-14 09:15:00,0.0,FPT,2026-09-14,63800,4860300,UNAVAILABLE,72.8,2026-09-14 09:15:00
0,0.0,STRONG_AGREEMENT,0.0,0,0.0,0,0.0,ATC,154700,4860300,INFERRED_BOUNDARY,72.4,2026-09-14 14:45:00,0.0,FPT,2026-09-14,154700,4860300,INFERRED_BOUNDARY,72.4,2026-09-14 14:45:00
0,0.0,STRONG_AGREEMENT,,,,0,0.0,ATO,30800,3977500,UNAVAILABLE,72.7,2026-09-15 09:15:00,0.0,FPT,2026-09-15,30800,3977500,UNAVAILABLE,72.7,2026-09-15 09:15:00
0,0.0,STRONG_AGREEMENT,0.0,0,0.0,0,0.0,ATC,183900,3977500,INFERRED_BOUNDARY,72.7,2026-09-15 14:45:00,0.0,FPT,2026-09-15,183900,3977500,INFERRED_BOUNDARY,72.7,2026-09-15 14:45:00
0,0.0,STRONG_AGREEMENT,,,,0,0.0,ATO,26700,7748100,UNAVAILABLE,72.8,2026-09-16 09:15:00,0.0,FPT,2026-09-16,26700,7748100,UNAVAILABLE,72.8,2026-09-16 09:15:00
0,0.0,STRONG_AGREEMENT,0.0,0,0.0,0,0.0,ATC,2140600,7748100,INFERRED_BOUNDARY,73.8,2026-09-16 14:45:00,0.0,FPT,2026-09-16,2140600,7748100,INFERRED_BOUNDARY,73.8,2026-09-16 14:45:00
0,0.0,STRONG_AGREEMENT,,,,0,0.0,ATO,85500,6626700,UNAVAILABLE,73.3,2026-09-17 09:15:00,0.0,FPT,2026-09-17,85500,6626700,UNAVAILABLE,73.3,2026-09-17 09:15:00
0,0.0,STRONG_AGREEMENT,0.0,0,0.0,0,0.0,ATC,1887000,6626700,INFERRED_BOUNDARY,74.3,2026-09-17 14:45:00,0.0,FPT,2026-09-17,1887000,6626700,INFERRED_BOUNDARY,74.3,2026-09-17 14:45:00
0,0.0,STRONG_AGREEMENT,,,,0,0.0,ATO,192600,25844100,UNAVAILABLE,22.25,2026-08-25 09:15:00,0.0,HPG,2026-08-25,192600,25844100,UNAVAILABLE,22.25,2026-08-25 09:15:00
0,0.0,STRONG_AGREEMENT,0.0,0,0.0,0,0.0,ATC,2199500,25844100,INFERRED_BOUNDARY,21.8,2026-08-25 14:45:00,0.0,HPG,2026-08-25,2199500,25844100,INFERRED_BOUNDARY,21.8,2026-08-25 14:45:00
0,0.0,STRONG_AGREEMENT,,,,0,0.0,ATO,163200,19394800,UNAVAILABLE,21.8,2026-08-26 09:15:00,0.0,HPG,2026-08-26,163200,19394800,UNAVAILABLE,21.8,2026-08-26 09:15:00
0,0.0,STRONG_AGREEMENT,0.0,0,0.0,0,0.0,ATC,950700,19394800,INFERRED_BOUNDARY,22.05,2026-08-26 14:45:00,0.0,HPG,2026-08-26,950700,19394800,INFERRED_BOUNDARY,22.05,2026-08-26 14:45:00
0,0.0,STRONG_AGREEMENT,,,,0,0.0,ATO,229200,19201900,UNAVAILABLE,22.05,2026-08-27 09:15:00,0.0,HPG,2026-08-27,229200,19201900,UNAVAILABLE,22.05,2026-08-27 09:15:00
0,0.0,STRONG_AGREEMENT,0.0,0,0.0,0,0.0,ATC,1429000,19201900,INFERRED_BOUNDARY,22.2,2026-08-27 14:45:00,0.0,HPG,2026-08-27,1429000,19201900,INFERRED_BOUNDARY,22.2,2026-08-27 14:45:00
0,0.0,STRONG_AGREEMENT,,,,0,0.0,ATO,149800,17126700,UNAVAILABLE,22.25,2026-08-28 09:15:00,0.0,HPG,2026-08-28,149800,17126700,UNAVAILABLE,22.25,2026-08-28 09:15:00
0,0.0,STRONG_AGREEMENT,0.0,0,0.0,0,0.0,ATC,2341400,17126700,INFERRED_BOUNDARY,22.1,2026-08-28 14:45:00,0.0,HPG,2026-08-28,2341400,17126700,INFERRED_BOUNDARY,22.1,2026-08-28 14:45:00
0,0.0,STRONG_AGREEMENT,,,,0,0.0,ATO,722100,26985600,UNAVAILABLE,22,2026-09-03 09:15:00,0,HPG,2026-09-03,722100,26985600,UNAVAILABLE,22,2026-09-03 09:15:00
0,0.0,STRONG_AGREEMENT,0.0,0,0.0,0,0.0,ATC,2081700,26985600,INFERRED_BOUNDARY,21.6,2026-09-03 14:45:00,0.0,HPG,2026-09-03,2081700,26985600,INFERRED_BOUNDARY,21.6,2026-09-03 14:45:00
0,0.0,STRONG_AGREEMENT,,,,0,0.0,ATO,171600,13920900,UNAVAILABLE,21.75,2026-09-04 09:15:00,0.0,HPG,2026-09-04,171600,13920900,UNAVAILABLE,21.75,2026-09-04 09:15:00
0,0.0,STRONG_AGREEMENT,0.0,0,0.0,0,0.0,ATC,828700,13920900,INFERRED_BOUNDARY,21.7,2026-09-04 14:45:00,0.0,HPG,2026-09-04,828700,13920900,INFERRED_BOUNDARY,21.7,2026-09-04 14:45:00
0,0.0,STRONG_AGREEMENT,,,,0,0.0,ATO,179600,19957800,UNAVAILABLE,21.8,2026-09-07 09:15:00,0.0,HPG,2026-09-07,179600,19957800,UNAVAILABLE,21.8,2026-09-07 09:15:00
0,0.0,STRONG_AGREEMENT,0.0,0,0.0,0,0.0,ATC,1928300,19957800,INFERRED_BOUNDARY,21.55,2026-09-07 14:45:00,0.0,HPG,2026-09-07,1928300,19957800,INFERRED_BOUNDARY,21.55,2026-09-07 14:45:00
0,0.0,STRONG_AGREEMENT,,,,0,0.0,ATO,193400,13387600,UNAVAILABLE,21.55,2026-09-08 09:15:00,0.0,HPG,2026-09-08,193400,13387600,UNAVAILABLE,21.55,2026-09-08 09:15:00
0,0.0,STRONG_AGREEMENT,0.0,0,0.0,0,0.0,ATC,1452100,13387600,INFERRED_BOUNDARY,21.85,2026-09-08 14:45:00,0.0,HPG,2026-09-08,1452100,13387600,INFERRED_BOUNDARY,21.85,2026-09-08 14:45:00
0,0.0,STRONG_AGREEMENT,,,,0,0.0,ATO,149300,22432800,UNAVAILABLE,21.9,2026-09-09 09:15:00,0.0,HPG,2026-09-09,149300,22432800,UNAVAILABLE,21.9,2026-09-09 09:15:00
0,0.0,STRONG_AGREEMENT,0.0,0,0.0,0,0.0,ATC,1488700,22432800,INFERRED_BOUNDARY,22.05,2026-09-09 14:45:00,0.0,HPG,2026-09-09,1488700,22432800,INFERRED_BOUNDARY,22.05,2026-09-09 14:45:00
0,0.0,STRONG_AGREEMENT,,,,0,0.0,ATO,184700,13391400,UNAVAILABLE,22,2026-09-10 09:15:00,0,HPG,2026-09-10,184700,13391400,UNAVAILABLE,22,2026-09-10 09:15:00
0,0.0,STRONG_AGREEMENT,0.0,0,0.0,0,0.0,ATC,1313200,13391400,INFERRED_BOUNDARY,21.85,2026-09-10 14:45:00,0.0,HPG,2026-09-10,1313200,13391400,INFERRED_BOUNDARY,21.85,2026-09-10 14:45:00
0,0.0,STRONG_AGREEMENT,,,,0,0.0,ATO,333500,22031700,UNAVAILABLE,21.75,2026-09-11 09:15:00,0.0,HPG,2026-09-11,333500,22031700,UNAVAILABLE,21.75,2026-09-11 09:15:00
0,0.0,STRONG_AGREEMENT,0.0,0,0.0,0,0.0,ATC,2500200,22031700,INFERRED_BOUNDARY,21.3,2026-09-11 14:45:00,0.0,HPG,2026-09-11,2500200,22031700,INFERRED_BOUNDARY,21.3,2026-09-11 14:45:00
0,0.0,STRONG_AGREEMENT,,,,0,0.0,ATO,519900,24046000,UNAVAILABLE,21.3,2026-09-14 09:15:00,0.0,HPG,2026-09-14,519900,24046000,UNAVAILABLE,21.3,2026-09-14 09:15:00
0,0.0,STRONG_AGREEMENT,0.0,0,0.0,0,0.0,ATC,1923900,24046000,INFERRED_BOUNDARY,20.9,2026-09-14 14:45:00,0.0,HPG,2026-09-14,1923900,24046000,INFERRED_BOUNDARY,20.9,2026-09-14 14:45:00
0,0.0,STRONG_AGREEMENT,,,,0,0.0,ATO,129100,11937200,UNAVAILABLE,21,2026-09-15 09:15:00,0,HPG,2026-09-15,129100,11937200,UNAVAILABLE,21,2026-09-15 09:15:00
0,0.0,STRONG_AGREEMENT,0.0,0,0.0,0,0.0,ATC,1431300,11937200,INFERRED_BOUNDARY,21.2,2026-09-15 14:45:00,0.0,HPG,2026-09-15,1431300,11937200,INFERRED_BOUNDARY,21.2,2026-09-15 14:45:00
0,0.0,STRONG_AGREEMENT,,,,0,0.0,ATO,132800,12277500,UNAVAILABLE,21.2,2026-09-16 09:15:00,0.0,HPG,2026-09-16,132800,12277500,UNAVAILABLE,21.2,2026-09-16 09:15:00
0,0.0,STRONG_AGREEMENT,0.0,0,0.0,0,0.0,ATC,1468100,12277500,INFERRED_BOUNDARY,20.95,2026-09-16 14:45:00,0.0,HPG,2026-09-16,1468100,12277500,INFERRED_BOUNDARY,20.95,2026-09-16 14:45:00
0,0.0,STRONG_AGREEMENT,,,,0,0.0,ATO,414600,17574100,UNAVAILABLE,20.8,2026-09-17 09:15:00,0.0,HPG,2026-09-17,414600,17574100,UNAVAILABLE,20.8,2026-09-17 09:15:00
0,0.0,STRONG_AGREEMENT,0.0,0,0.0,0,0.0,ATC,1001500,17574100,INFERRED_BOUNDARY,21.2,2026-09-17 14:45:00,0.0,HPG,2026-09-17,1001500,17574100,INFERRED_BOUNDARY,21.2,2026-09-17 14:45:00
0,0.0,STRONG_AGREEMENT,,,,0,0.0,ATO,155400,30658300,UNAVAILABLE,21.25,2026-08-25 09:15:00,0.0,SSI,2026-08-25,155400,30658300,UNAVAILABLE,21.25,2026-08-25 09:15:00
0,0.0,STRONG_AGREEMENT,0.0,0,0.0,0,0.0,ATC,1586200,30658300,INFERRED_BOUNDARY,21.25,2026-08-25 14:45:00,0.0,SSI,2026-08-25,1586200,30658300,INFERRED_BOUNDARY,21.25,2026-08-25 14:45:00
0,0.0,STRONG_AGREEMENT,,,,0,0.0,ATO,572900,27952800,UNAVAILABLE,21.1,2026-08-26 09:15:00,0.0,SSI,2026-08-26,572900,27952800,UNAVAILABLE,21.1,2026-08-26 09:15:00
0,0.0,STRONG_AGREEMENT,0.0,0,0.0,0,0.0,ATC,2277700,27952800,INFERRED_BOUNDARY,21.65,2026-08-26 14:45:00,0.0,SSI,2026-08-26,2277700,27952800,INFERRED_BOUNDARY,21.65,2026-08-26 14:45:00
0,0.0,STRONG_AGREEMENT,,,,0,0.0,ATO,653300,15960200,UNAVAILABLE,21.75,2026-08-27 09:15:00,0.0,SSI,2026-08-27,653300,15960200,UNAVAILABLE,21.75,2026-08-27 09:15:00
0,0.0,STRONG_AGREEMENT,0.0,0,0.0,0,0.0,ATC,1611300,15960200,INFERRED_BOUNDARY,21.4,2026-08-27 14:45:00,0.0,SSI,2026-08-27,1611300,15960200,INFERRED_BOUNDARY,21.4,2026-08-27 14:45:00
0,0.0,STRONG_AGREEMENT,,,,0,0.0,ATO,526600,20299000,UNAVAILABLE,21.3,2026-08-28 09:15:00,0.0,SSI,2026-08-28,526600,20299000,UNAVAILABLE,21.3,2026-08-28 09:15:00
0,0.0,STRONG_AGREEMENT,0.0,0,0.0,0,0.0,ATC,2129100,20299000,INFERRED_BOUNDARY,21.35,2026-08-28 14:45:00,0.0,SSI,2026-08-28,2129100,20299000,INFERRED_BOUNDARY,21.35,2026-08-28 14:45:00
0,0.0,STRONG_AGREEMENT,,,,0,0.0,ATO,1112900,21947100,UNAVAILABLE,21.1,2026-09-03 09:15:00,0.0,SSI,2026-09-03,1112900,21947100,UNAVAILABLE,21.1,2026-09-03 09:15:00
0,0.0,STRONG_AGREEMENT,0.0,0,0.0,0,0.0,ATC,1406600,21947100,INFERRED_BOUNDARY,20.9,2026-09-03 14:45:00,0.0,SSI,2026-09-03,1406600,21947100,INFERRED_BOUNDARY,20.9,2026-09-03 14:45:00
0,0.0,STRONG_AGREEMENT,,,,0,0.0,ATO,157800,11573200,UNAVAILABLE,21,2026-09-04 09:15:00,0,SSI,2026-09-04,157800,11573200,UNAVAILABLE,21,2026-09-04 09:15:00
0,0.0,STRONG_AGREEMENT,0.0,0,0.0,0,0.0,ATC,844600,11573200,INFERRED_BOUNDARY,21.05,2026-09-04 14:45:00,0.0,SSI,2026-09-04,844600,11573200,INFERRED_BOUNDARY,21.05,2026-09-04 14:45:00
0,0.0,STRONG_AGREEMENT,,,,0,0.0,ATO,189400,15026800,UNAVAILABLE,21.1,2026-09-07 09:15:00,0.0,SSI,2026-09-07,189400,15026800,UNAVAILABLE,21.1,2026-09-07 09:15:00
0,0.0,STRONG_AGREEMENT,0.0,0,0.0,0,0.0,ATC,586200,15026800,INFERRED_BOUNDARY,20.85,2026-09-07 14:45:00,0.0,SSI,2026-09-07,586200,15026800,INFERRED_BOUNDARY,20.85,2026-09-07 14:45:00
0,0.0,STRONG_AGREEMENT,,,,0,0.0,ATO,69300,13825100,UNAVAILABLE,20.85,2026-09-08 09:15:00,0.0,SSI,2026-09-08,69300,13825100,UNAVAILABLE,20.85,2026-09-08 09:15:00
0,0.0,STRONG_AGREEMENT,0,0,0.0,0,0.0,ATC,708400,13825100,INFERRED_BOUNDARY,21,2026-09-08 14:45:00,0,SSI,2026-09-08,708400,13825100,INFERRED_BOUNDARY,21,2026-09-08 14:45:00
0,0.0,STRONG_AGREEMENT,,,,0,0.0,ATO,68300,9488000,UNAVAILABLE,21.05,2026-09-09 09:15:00,0.0,SSI,2026-09-09,68300,9488000,UNAVAILABLE,21.05,2026-09-09 09:15:00
0,0.0,STRONG_AGREEMENT,0.0,0,0.0,0,0.0,ATC,515300,9488000,INFERRED_BOUNDARY,20.9,2026-09-09 14:45:00,0.0,SSI,2026-09-09,515300,9488000,INFERRED_BOUNDARY,20.9,2026-09-09 14:45:00
0,0.0,STRONG_AGREEMENT,,,,0,0.0,ATO,89500,12807500,UNAVAILABLE,20.85,2026-09-10 09:15:00,0.0,SSI,2026-09-10,89500,12807500,UNAVAILABLE,20.85,2026-09-10 09:15:00
0,0.0,STRONG_AGREEMENT,0,0,0.0,0,0.0,ATC,732900,12807500,INFERRED_BOUNDARY,21,2026-09-10 14:45:00,0,SSI,2026-09-10,732900,12807500,INFERRED_BOUNDARY,21,2026-09-10 14:45:00
0,0.0,STRONG_AGREEMENT,,,,0,0.0,ATO,158900,24010700,UNAVAILABLE,20.85,2026-09-11 09:15:00,0.0,SSI,2026-09-11,158900,24010700,UNAVAILABLE,20.85,2026-09-11 09:15:00
0,0.0,STRONG_AGREEMENT,0.0,0,0.0,0,0.0,ATC,1506600,24010700,INFERRED_BOUNDARY,20.3,2026-09-11 14:45:00,0.0,SSI,2026-09-11,1506600,24010700,INFERRED_BOUNDARY,20.3,2026-09-11 14:45:00
0,0.0,STRONG_AGREEMENT,,,,0,0.0,ATO,331900,24518000,UNAVAILABLE,20.25,2026-09-14 09:15:00,0.0,SSI,2026-09-14,331900,24518000,UNAVAILABLE,20.25,2026-09-14 09:15:00
0,0.0,STRONG_AGREEMENT,0.0,0,0.0,0,0.0,ATC,910500,24518000,INFERRED_BOUNDARY,20.3,2026-09-14 14:45:00,0.0,SSI,2026-09-14,910500,24518000,INFERRED_BOUNDARY,20.3,2026-09-14 14:45:00
0,0.0,STRONG_AGREEMENT,,,,0,0.0,ATO,437300,16404500,UNAVAILABLE,20.3,2026-09-15 09:15:00,0.0,SSI,2026-09-15,437300,16404500,UNAVAILABLE,20.3,2026-09-15 09:15:00
0,0.0,STRONG_AGREEMENT,0.0,0,0.0,0,0.0,ATC,1156800,16404500,INFERRED_BOUNDARY,20.65,2026-09-15 14:45:00,0.0,SSI,2026-09-15,1156800,16404500,INFERRED_BOUNDARY,20.65,2026-09-15 14:45:00
0,0.0,STRONG_AGREEMENT,,,,0,0.0,ATO,145700,13947800,UNAVAILABLE,20.65,2026-09-16 09:15:00,0.0,SSI,2026-09-16,145700,13947800,UNAVAILABLE,20.65,2026-09-16 09:15:00
0,0.0,STRONG_AGREEMENT,0.0,0,0.0,0,0.0,ATC,1228100,13947800,INFERRED_BOUNDARY,20.55,2026-09-16 14:45:00,0.0,SSI,2026-09-16,1228100,13947800,INFERRED_BOUNDARY,20.55,2026-09-16 14:45:00
0,0.0,STRONG_AGREEMENT,,,,0,0.0,ATO,221500,40967600,UNAVAILABLE,20.4,2026-09-17 09:15:00,0.0,SSI,2026-09-17,221500,40967600,UNAVAILABLE,20.4,2026-09-17 09:15:00
0,0.0,STRONG_AGREEMENT,0.0,0,0.0,0,0.0,ATC,689600,40967600,INFERRED_BOUNDARY,21.15,2026-09-17 14:45:00,0.0,SSI,2026-09-17,689600,40967600,INFERRED_BOUNDARY,21.15,2026-09-17 14:45:00
0,0.0,STRONG_AGREEMENT,,,,0,0.0,ATO,58900,10310200,UNAVAILABLE,216.5,2026-08-25 09:15:00,0.0,VIC,2026-08-25,58900,10310200,UNAVAILABLE,216.5,2026-08-25 09:15:00
0,0.0,STRONG_AGREEMENT,0.0,0,0.0,0,0.0,ATC,841300,10310200,INFERRED_BOUNDARY,220.5,2026-08-25 14:45:00,0.0,VIC,2026-08-25,841300,10310200,INFERRED_BOUNDARY,220.5,2026-08-25 14:45:00
0,0.0,STRONG_AGREEMENT,,,,0,0.0,ATO,19700,9982600,UNAVAILABLE,219.1,2026-08-26 09:15:00,0.0,VIC,2026-08-26,19700,9982600,UNAVAILABLE,219.1,2026-08-26 09:15:00
0,0.0,STRONG_AGREEMENT,0,0,0.0,0,0.0,ATC,1065800,9982600,INFERRED_BOUNDARY,230,2026-08-26 14:45:00,0,VIC,2026-08-26,1065800,9982600,INFERRED_BOUNDARY,230,2026-08-26 14:45:00
0,0.0,STRONG_AGREEMENT,,,,0,0.0,ATO,20000,8567700,UNAVAILABLE,228.9,2026-08-27 09:15:00,0.0,VIC,2026-08-27,20000,8567700,UNAVAILABLE,228.9,2026-08-27 09:15:00
0,0.0,STRONG_AGREEMENT,0,0,0.0,0,0.0,ATC,1500800,8567700,INFERRED_BOUNDARY,236,2026-08-27 14:45:00,0,VIC,2026-08-27,1500800,8567700,INFERRED_BOUNDARY,236,2026-08-27 14:45:00
0,0.0,STRONG_AGREEMENT,,,,0,0.0,ATO,29100,8553100,UNAVAILABLE,236,2026-08-28 09:15:00,0,VIC,2026-08-28,29100,8553100,UNAVAILABLE,236,2026-08-28 09:15:00
0,0.0,STRONG_AGREEMENT,0,0,0.0,0,0.0,ATC,1226200,8553100,INFERRED_BOUNDARY,236,2026-08-28 14:45:00,0,VIC,2026-08-28,1226200,8553100,INFERRED_BOUNDARY,236,2026-08-28 14:45:00
0,0.0,STRONG_AGREEMENT,,,,0,0.0,ATO,107100,7676800,UNAVAILABLE,232.9,2026-09-03 09:15:00,0.0,VIC,2026-09-03,107100,7676800,UNAVAILABLE,232.9,2026-09-03 09:15:00
0,0.0,STRONG_AGREEMENT,0.0,0,0.0,0,0.0,ATC,634700,7676800,INFERRED_BOUNDARY,244.5,2026-09-03 14:45:00,0.0,VIC,2026-09-03,634700,7676800,INFERRED_BOUNDARY,244.5,2026-09-03 14:45:00
0,0.0,STRONG_AGREEMENT,,,,0,0.0,ATO,45700,7518600,UNAVAILABLE,244.7,2026-09-04 09:15:00,0.0,VIC,2026-09-04,45700,7518600,UNAVAILABLE,244.7,2026-09-04 09:15:00
0,0.0,STRONG_AGREEMENT,0.0,0,0.0,0,0.0,ATC,783000,7518600,INFERRED_BOUNDARY,256.1,2026-09-04 14:45:00,0.0,VIC,2026-09-04,783000,7518600,INFERRED_BOUNDARY,256.1,2026-09-04 14:45:00
0,0.0,STRONG_AGREEMENT,,,,0,0.0,ATO,26400,6063900,UNAVAILABLE,256.1,2026-09-07 09:15:00,0.0,VIC,2026-09-07,26400,6063900,UNAVAILABLE,256.1,2026-09-07 09:15:00
0,0.0,STRONG_AGREEMENT,0,0,0.0,0,0.0,ATC,1219100,6063900,INFERRED_BOUNDARY,245,2026-09-07 14:45:00,0,VIC,2026-09-07,1219100,6063900,INFERRED_BOUNDARY,245,2026-09-07 14:45:00
0,0.0,STRONG_AGREEMENT,,,,0,0.0,ATO,40500,6268500,UNAVAILABLE,243.5,2026-09-08 09:15:00,0.0,VIC,2026-09-08,40500,6268500,UNAVAILABLE,243.5,2026-09-08 09:15:00
0,0.0,STRONG_AGREEMENT,0.0,0,0.0,0,0.0,ATC,966900,6268500,INFERRED_BOUNDARY,249.6,2026-09-08 14:45:00,0.0,VIC,2026-09-08,966900,6268500,INFERRED_BOUNDARY,249.6,2026-09-08 14:45:00
0,0.0,STRONG_AGREEMENT,,,,0,0.0,ATO,14300,4857800,UNAVAILABLE,252,2026-09-09 09:15:00,0,VIC,2026-09-09,14300,4857800,UNAVAILABLE,252,2026-09-09 09:15:00
0,0.0,STRONG_AGREEMENT,0.0,0,0.0,0,0.0,ATC,2004100,4857800,INFERRED_BOUNDARY,247.7,2026-09-09 14:45:00,0.0,VIC,2026-09-09,2004100,4857800,INFERRED_BOUNDARY,247.7,2026-09-09 14:45:00
0,0.0,STRONG_AGREEMENT,,,,0,0.0,ATO,12900,4481800,UNAVAILABLE,247.7,2026-09-10 09:15:00,0.0,VIC,2026-09-10,12900,4481800,UNAVAILABLE,247.7,2026-09-10 09:15:00
0,0.0,STRONG_AGREEMENT,0.0,0,0.0,0,0.0,ATC,1430300,4481800,INFERRED_BOUNDARY,247.7,2026-09-10 14:45:00,0.0,VIC,2026-09-10,1430300,4481800,INFERRED_BOUNDARY,247.7,2026-09-10 14:45:00
0,0.0,STRONG_AGREEMENT,,,,0,0.0,ATO,25800,4264000,UNAVAILABLE,244.3,2026-09-11 09:15:00,0.0,VIC,2026-09-11,25800,4264000,UNAVAILABLE,244.3,2026-09-11 09:15:00
0,0.0,STRONG_AGREEMENT,0.0,0,0.0,0,0.0,ATC,1173700,4264000,INFERRED_BOUNDARY,243.3,2026-09-11 14:45:00,0.0,VIC,2026-09-11,1173700,4264000,INFERRED_BOUNDARY,243.3,2026-09-11 14:45:00
0,0.0,STRONG_AGREEMENT,,,,0,0.0,ATO,16900,4144700,UNAVAILABLE,242.3,2026-09-14 09:15:00,0.0,VIC,2026-09-14,16900,4144700,UNAVAILABLE,242.3,2026-09-14 09:15:00
0,0.0,STRONG_AGREEMENT,0.0,0,0.0,0,0.0,ATC,945900,4144700,INFERRED_BOUNDARY,241.4,2026-09-14 14:45:00,0.0,VIC,2026-09-14,945900,4144700,INFERRED_BOUNDARY,241.4,2026-09-14 14:45:00
0,0.0,STRONG_AGREEMENT,,,,0,0.0,ATO,4400,4196100,UNAVAILABLE,242,2026-09-15 09:15:00,0,VIC,2026-09-15,4400,4196100,UNAVAILABLE,242,2026-09-15 09:15:00
0,0.0,STRONG_AGREEMENT,0.0,0,0.0,0,0.0,ATC,1687900,4196100,INFERRED_BOUNDARY,241.3,2026-09-15 14:45:00,0.0,VIC,2026-09-15,1687900,4196100,INFERRED_BOUNDARY,241.3,2026-09-15 14:45:00
0,0.0,STRONG_AGREEMENT,,,,0,0.0,ATO,25400,4014000,UNAVAILABLE,240.9,2026-09-16 09:15:00,0.0,VIC,2026-09-16,25400,4014000,UNAVAILABLE,240.9,2026-09-16 09:15:00
0,0.0,STRONG_AGREEMENT,0.0,0,0.0,0,0.0,ATC,1872800,4014000,INFERRED_BOUNDARY,241.2,2026-09-16 14:45:00,0.0,VIC,2026-09-16,1872800,4014000,INFERRED_BOUNDARY,241.2,2026-09-16 14:45:00
0,0.0,STRONG_AGREEMENT,,,,0,0.0,ATO,18500,3951500,UNAVAILABLE,240.9,2026-09-17 09:15:00,0.0,VIC,2026-09-17,18500,3951500,UNAVAILABLE,240.9,2026-09-17 09:15:00
0,0.0,STRONG_AGREEMENT,0.0,0,0.0,0,0.0,ATC,1661500,3951500,INFERRED_BOUNDARY,241.2,2026-09-17 14:45:00,0.0,VIC,2026-09-17,1661500,3951500,INFERRED_BOUNDARY,241.2,2026-09-17 14:45:00
0,0.0,STRONG_AGREEMENT,,,,0,0.0,ATO,20400,5577200,UNAVAILABLE,59.3,2026-08-25 09:15:00,0.0,VCB,2026-08-25,20400,5577200,UNAVAILABLE,59.3,2026-08-25 09:15:00
0,0.0,STRONG_AGREEMENT,0.0,0,0.0,0,0.0,ATC,139500,5577200,INFERRED_BOUNDARY,59.4,2026-08-25 14:45:00,0.0,VCB,2026-08-25,139500,5577200,INFERRED_BOUNDARY,59.4,2026-08-25 14:45:00
0,0.0,STRONG_AGREEMENT,,,,0,0.0,ATO,45100,7177300,UNAVAILABLE,59.2,2026-08-26 09:15:00,0.0,VCB,2026-08-26,45100,7177300,UNAVAILABLE,59.2,2026-08-26 09:15:00
0,0.0,STRONG_AGREEMENT,0.0,0,0.0,0,0.0,ATC,679100,7177300,INFERRED_BOUNDARY,60.3,2026-08-26 14:45:00,0.0,VCB,2026-08-26,679100,7177300,INFERRED_BOUNDARY,60.3,2026-08-26 14:45:00
0,0.0,STRONG_AGREEMENT,,,,0,0.0,ATO,106100,4904300,UNAVAILABLE,60.5,2026-08-27 09:15:00,0.0,VCB,2026-08-27,106100,4904300,UNAVAILABLE,60.5,2026-08-27 09:15:00
0,0.0,STRONG_AGREEMENT,0.0,0,0.0,0,0.0,ATC,185500,4904300,INFERRED_BOUNDARY,60.1,2026-08-27 14:45:00,0.0,VCB,2026-08-27,185500,4904300,INFERRED_BOUNDARY,60.1,2026-08-27 14:45:00
0,0.0,STRONG_AGREEMENT,,,,0,0.0,ATO,27800,3386900,UNAVAILABLE,60.2,2026-08-28 09:15:00,0.0,VCB,2026-08-28,27800,3386900,UNAVAILABLE,60.2,2026-08-28 09:15:00
0,0.0,STRONG_AGREEMENT,0.0,0,0.0,0,0.0,ATC,222600,3386900,INFERRED_BOUNDARY,60.1,2026-08-28 14:45:00,0.0,VCB,2026-08-28,222600,3386900,INFERRED_BOUNDARY,60.1,2026-08-28 14:45:00
0,0.0,STRONG_AGREEMENT,,,,0,0.0,ATO,281300,8465900,UNAVAILABLE,59.6,2026-09-03 09:15:00,0.0,VCB,2026-09-03,281300,8465900,UNAVAILABLE,59.6,2026-09-03 09:15:00
0,0.0,STRONG_AGREEMENT,0.0,0,0.0,0,0.0,ATC,522200,8465900,INFERRED_BOUNDARY,58.7,2026-09-03 14:45:00,0.0,VCB,2026-09-03,522200,8465900,INFERRED_BOUNDARY,58.7,2026-09-03 14:45:00
0,0.0,STRONG_AGREEMENT,,,,0,0.0,ATO,57200,4309500,UNAVAILABLE,58.9,2026-09-04 09:15:00,0.0,VCB,2026-09-04,57200,4309500,UNAVAILABLE,58.9,2026-09-04 09:15:00
0,0.0,STRONG_AGREEMENT,0.0,0,0.0,0,0.0,ATC,188000,4309500,INFERRED_BOUNDARY,58.9,2026-09-04 14:45:00,0.0,VCB,2026-09-04,188000,4309500,INFERRED_BOUNDARY,58.9,2026-09-04 14:45:00
0,0.0,STRONG_AGREEMENT,,,,0,0.0,ATO,66700,4761600,UNAVAILABLE,59,2026-09-07 09:15:00,0,VCB,2026-09-07,66700,4761600,UNAVAILABLE,59,2026-09-07 09:15:00
0,0.0,STRONG_AGREEMENT,0,0,0.0,0,0.0,ATC,619100,4761600,INFERRED_BOUNDARY,58,2026-09-07 14:45:00,0,VCB,2026-09-07,619100,4761600,INFERRED_BOUNDARY,58,2026-09-07 14:45:00
0,0.0,STRONG_AGREEMENT,,,,0,0.0,ATO,46000,2867600,UNAVAILABLE,58,2026-09-08 09:15:00,0,VCB,2026-09-08,46000,2867600,UNAVAILABLE,58,2026-09-08 09:15:00
0,0.0,STRONG_AGREEMENT,0.0,0,0.0,0,0.0,ATC,124700,2867600,INFERRED_BOUNDARY,58.1,2026-09-08 14:45:00,0.0,VCB,2026-09-08,124700,2867600,INFERRED_BOUNDARY,58.1,2026-09-08 14:45:00
0,0.0,STRONG_AGREEMENT,,,,0,0.0,ATO,137400,5324200,UNAVAILABLE,58.4,2026-09-09 09:15:00,0.0,VCB,2026-09-09,137400,5324200,UNAVAILABLE,58.4,2026-09-09 09:15:00
0,0.0,STRONG_AGREEMENT,0.0,0,0.0,0,0.0,ATC,144200,5324200,INFERRED_BOUNDARY,58.7,2026-09-09 14:45:00,0.0,VCB,2026-09-09,144200,5324200,INFERRED_BOUNDARY,58.7,2026-09-09 14:45:00
0,0.0,STRONG_AGREEMENT,,,,0,0.0,ATO,15000,3066000,UNAVAILABLE,58.7,2026-09-10 09:15:00,0.0,VCB,2026-09-10,15000,3066000,UNAVAILABLE,58.7,2026-09-10 09:15:00
0,0.0,STRONG_AGREEMENT,0,0,0.0,0,0.0,ATC,73300,3066000,INFERRED_BOUNDARY,59,2026-09-10 14:45:00,0,VCB,2026-09-10,73300,3066000,INFERRED_BOUNDARY,59,2026-09-10 14:45:00
0,0.0,STRONG_AGREEMENT,,,,0,0.0,ATO,74700,4365200,UNAVAILABLE,58.9,2026-09-11 09:15:00,0.0,VCB,2026-09-11,74700,4365200,UNAVAILABLE,58.9,2026-09-11 09:15:00
0,0.0,STRONG_AGREEMENT,0.0,0,0.0,0,0.0,ATC,271000,4365200,INFERRED_BOUNDARY,58.2,2026-09-11 14:45:00,0.0,VCB,2026-09-11,271000,4365200,INFERRED_BOUNDARY,58.2,2026-09-11 14:45:00
0,0.0,STRONG_AGREEMENT,,,,0,0.0,ATO,30000,4818800,UNAVAILABLE,58.2,2026-09-14 09:15:00,0.0,VCB,2026-09-14,30000,4818800,UNAVAILABLE,58.2,2026-09-14 09:15:00
0,0.0,STRONG_AGREEMENT,0.0,0,0.0,0,0.0,ATC,106000,4818800,INFERRED_BOUNDARY,58.5,2026-09-14 14:45:00,0.0,VCB,2026-09-14,106000,4818800,INFERRED_BOUNDARY,58.5,2026-09-14 14:45:00
0,0.0,STRONG_AGREEMENT,,,,0,0.0,ATO,42300,9547200,UNAVAILABLE,58.6,2026-09-15 09:15:00,0.0,VCB,2026-09-15,42300,9547200,UNAVAILABLE,58.6,2026-09-15 09:15:00
0,0.0,STRONG_AGREEMENT,0,0,0.0,0,0.0,ATC,1057900,9547200,INFERRED_BOUNDARY,60,2026-09-15 14:45:00,0,VCB,2026-09-15,1057900,9547200,INFERRED_BOUNDARY,60,2026-09-15 14:45:00
0,0.0,STRONG_AGREEMENT,,,,0,0.0,ATO,57000,2880800,UNAVAILABLE,60.1,2026-09-16 09:15:00,0.0,VCB,2026-09-16,57000,2880800,UNAVAILABLE,60.1,2026-09-16 09:15:00
0,0.0,STRONG_AGREEMENT,0.0,0,0.0,0,0.0,ATC,519600,2880800,INFERRED_BOUNDARY,59.3,2026-09-16 14:45:00,0.0,VCB,2026-09-16,519600,2880800,INFERRED_BOUNDARY,59.3,2026-09-16 14:45:00
0,0.0,STRONG_AGREEMENT,,,,0,0.0,ATO,139100,5395900,UNAVAILABLE,59,2026-09-17 09:15:00,0,VCB,2026-09-17,139100,5395900,UNAVAILABLE,59,2026-09-17 09:15:00
0,0.0,STRONG_AGREEMENT,0.0,0,0.0,0,0.0,ATC,470200,5395900,INFERRED_BOUNDARY,59.6,2026-09-17 14:45:00,0.0,VCB,2026-09-17,470200,5395900,INFERRED_BOUNDARY,59.6,2026-09-17 14:45:00
0,0.0,STRONG_AGREEMENT,,,,0,0.0,ATO,494900,73645900,UNAVAILABLE,13.8,2026-08-25 09:15:00,0.0,VIX,2026-08-25,494900,73645900,UNAVAILABLE,13.8,2026-08-25 09:15:00
0,0.0,STRONG_AGREEMENT,0.0,0,0.0,0,0.0,ATC,1616200,73645900,INFERRED_BOUNDARY,14.1,2026-08-25 14:45:00,0.0,VIX,2026-08-25,1616200,73645900,INFERRED_BOUNDARY,14.1,2026-08-25 14:45:00
0,0.0,STRONG_AGREEMENT,,,,0,0.0,ATO,177500,47791100,UNAVAILABLE,14.05,2026-08-26 09:15:00,0.0,VIX,2026-08-26,177500,47791100,UNAVAILABLE,14.05,2026-08-26 09:15:00
0,0.0,STRONG_AGREEMENT,0.0,0,0.0,0,0.0,ATC,2282300,47791100,INFERRED_BOUNDARY,14.35,2026-08-26 14:45:00,0.0,VIX,2026-08-26,2282300,47791100,INFERRED_BOUNDARY,14.35,2026-08-26 14:45:00
0,0.0,STRONG_AGREEMENT,,,,0,0.0,ATO,614400,36685200,UNAVAILABLE,14.45,2026-08-27 09:15:00,0.0,VIX,2026-08-27,614400,36685200,UNAVAILABLE,14.45,2026-08-27 09:15:00
0,0.0,STRONG_AGREEMENT,0.0,0,0.0,0,0.0,ATC,1821600,36685200,INFERRED_BOUNDARY,14.25,2026-08-27 14:45:00,0.0,VIX,2026-08-27,1821600,36685200,INFERRED_BOUNDARY,14.25,2026-08-27 14:45:00
0,0.0,STRONG_AGREEMENT,,,,0,0.0,ATO,332800,42410400,UNAVAILABLE,14.15,2026-08-28 09:15:00,0.0,VIX,2026-08-28,332800,42410400,UNAVAILABLE,14.15,2026-08-28 09:15:00
0,0.0,STRONG_AGREEMENT,0.0,0,0.0,0,0.0,ATC,2623700,42410400,INFERRED_BOUNDARY,14.1,2026-08-28 14:45:00,0.0,VIX,2026-08-28,2623700,42410400,INFERRED_BOUNDARY,14.1,2026-08-28 14:45:00
0,0.0,STRONG_AGREEMENT,,,,0,0.0,ATO,568000,31224900,UNAVAILABLE,13.95,2026-09-03 09:15:00,0.0,VIX,2026-09-03,568000,31224900,UNAVAILABLE,13.95,2026-09-03 09:15:00
0,0.0,STRONG_AGREEMENT,0.0,0,0.0,0,0.0,ATC,1569900,31224900,INFERRED_BOUNDARY,14.05,2026-09-03 14:45:00,0.0,VIX,2026-09-03,1569900,31224900,INFERRED_BOUNDARY,14.05,2026-09-03 14:45:00
0,0.0,STRONG_AGREEMENT,,,,0,0.0,ATO,454000,31846300,UNAVAILABLE,14.05,2026-09-04 09:15:00,0.0,VIX,2026-09-04,454000,31846300,UNAVAILABLE,14.05,2026-09-04 09:15:00
0,0.0,STRONG_AGREEMENT,0,0,0.0,0,0.0,ATC,2859700,31846300,INFERRED_BOUNDARY,14,2026-09-04 14:45:00,0,VIX,2026-09-04,2859700,31846300,INFERRED_BOUNDARY,14,2026-09-04 14:45:00
0,0.0,STRONG_AGREEMENT,,,,0,0.0,ATO,192500,50526200,UNAVAILABLE,14.05,2026-09-07 09:15:00,0.0,VIX,2026-09-07,192500,50526200,UNAVAILABLE,14.05,2026-09-07 09:15:00
0,0.0,STRONG_AGREEMENT,0.0,0,0.0,0,0.0,ATC,3078500,50526200,INFERRED_BOUNDARY,13.6,2026-09-07 14:45:00,0.0,VIX,2026-09-07,3078500,50526200,INFERRED_BOUNDARY,13.6,2026-09-07 14:45:00
0,0.0,STRONG_AGREEMENT,,,,0,0.0,ATO,230900,40291200,UNAVAILABLE,13.55,2026-09-08 09:15:00,0.0,VIX,2026-09-08,230900,40291200,UNAVAILABLE,13.55,2026-09-08 09:15:00
0,0.0,STRONG_AGREEMENT,0.0,0,0.0,0,0.0,ATC,921000,40291200,INFERRED_BOUNDARY,13.75,2026-09-08 14:45:00,0.0,VIX,2026-09-08,921000,40291200,INFERRED_BOUNDARY,13.75,2026-09-08 14:45:00
0,0.0,STRONG_AGREEMENT,,,,0,0.0,ATO,403000,35706800,UNAVAILABLE,13.8,2026-09-09 09:15:00,0.0,VIX,2026-09-09,403000,35706800,UNAVAILABLE,13.8,2026-09-09 09:15:00
0,0.0,STRONG_AGREEMENT,0.0,0,0.0,0,0.0,ATC,1823000,35706800,INFERRED_BOUNDARY,13.6,2026-09-09 14:45:00,0.0,VIX,2026-09-09,1823000,35706800,INFERRED_BOUNDARY,13.6,2026-09-09 14:45:00
0,0.0,STRONG_AGREEMENT,,,,0,0.0,ATO,185600,25599500,UNAVAILABLE,13.55,2026-09-10 09:15:00,0.0,VIX,2026-09-10,185600,25599500,UNAVAILABLE,13.55,2026-09-10 09:15:00
0,0.0,STRONG_AGREEMENT,0.0,0,0.0,0,0.0,ATC,877600,25599500,INFERRED_BOUNDARY,13.8,2026-09-10 14:45:00,0.0,VIX,2026-09-10,877600,25599500,INFERRED_BOUNDARY,13.8,2026-09-10 14:45:00
0,0.0,STRONG_AGREEMENT,,,,0,0.0,ATO,402400,39176700,UNAVAILABLE,13.65,2026-09-11 09:15:00,0.0,VIX,2026-09-11,402400,39176700,UNAVAILABLE,13.65,2026-09-11 09:15:00
0,0.0,STRONG_AGREEMENT,0.0,0,0.0,0,0.0,ATC,3259900,39176700,INFERRED_BOUNDARY,13.25,2026-09-11 14:45:00,0.0,VIX,2026-09-11,3259900,39176700,INFERRED_BOUNDARY,13.25,2026-09-11 14:45:00
0,0.0,STRONG_AGREEMENT,,,,0,0.0,ATO,509300,82875800,UNAVAILABLE,13.15,2026-09-14 09:15:00,0.0,VIX,2026-09-14,509300,82875800,UNAVAILABLE,13.15,2026-09-14 09:15:00
0,0.0,STRONG_AGREEMENT,0.0,0,0.0,0,0.0,ATC,4143500,82875800,INFERRED_BOUNDARY,12.6,2026-09-14 14:45:00,0.0,VIX,2026-09-14,4143500,82875800,INFERRED_BOUNDARY,12.6,2026-09-14 14:45:00
0,0.0,STRONG_AGREEMENT,,,,0,0.0,ATO,1223200,32852700,UNAVAILABLE,12.65,2026-09-15 09:15:00,0.0,VIX,2026-09-15,1223200,32852700,UNAVAILABLE,12.65,2026-09-15 09:15:00
0,0.0,STRONG_AGREEMENT,0.0,0,0.0,0,0.0,ATC,5118500,32852700,INFERRED_BOUNDARY,12.9,2026-09-15 14:45:00,0.0,VIX,2026-09-15,5118500,32852700,INFERRED_BOUNDARY,12.9,2026-09-15 14:45:00
0,0.0,STRONG_AGREEMENT,,,,0,0.0,ATO,271100,24790400,UNAVAILABLE,13.05,2026-09-16 09:15:00,0.0,VIX,2026-09-16,271100,24790400,UNAVAILABLE,13.05,2026-09-16 09:15:00
0,0.0,STRONG_AGREEMENT,0.0,0,0.0,0,0.0,ATC,6264100,24790400,INFERRED_BOUNDARY,12.65,2026-09-16 14:45:00,0.0,VIX,2026-09-16,6264100,24790400,INFERRED_BOUNDARY,12.65,2026-09-16 14:45:00
0,0.0,STRONG_AGREEMENT,,,,0,0.0,ATO,382100,39173300,UNAVAILABLE,12.6,2026-09-17 09:15:00,0.0,VIX,2026-09-17,382100,39173300,UNAVAILABLE,12.6,2026-09-17 09:15:00
0,0.0,STRONG_AGREEMENT,0.0,0,0.0,0,0.0,ATC,6164000,39173300,INFERRED_BOUNDARY,12.85,2026-09-17 14:45:00,0.0,VIX,2026-09-17,6164000,39173300,INFERRED_BOUNDARY,12.85,2026-09-17 14:45:00
