classification,failure_reasons,kbs_boundary_minute,kbs_boundary_price,kbs_boundary_price_raw,kbs_boundary_volume,minute_match_kbs,minute_match_vci,price_match_kbs,price_match_vci,proof,quality,source,ssi_bar_count,ssi_boundary_minute,ssi_boundary_price,ssi_boundary_time_raw,ssi_boundary_volume,ssi_candidate_boundary_bars,ssi_daily_reconciled_exactly,ssi_daily_volume,ssi_final_bar,ssi_intraday_total_volume,ssi_last_continuous_minute,ssi_last_continuous_price,ssi_last_continuous_time_raw,ssi_volume_diff,symbol,trading_date,vci_boundary_minute,vci_boundary_price,vci_boundary_price_raw,vci_boundary_volume,volume_match_kbs,volume_match_vci
CONFIRMED_INFERRED_BOUNDARY,[],14:45,70700,70.7,254300,True,True,True,True,CROSS_PROVIDER_BOUNDARY_CONFIRMED_V1,INFERRED_BOUNDARY,SSI_REST,226,14:45,70700,14:45:00,254300,"[{""close"": 70700, ""high"": 70700, ""low"": 70700, ""minute"": ""14:45"", ""open"": 70700, ""provider_time"": ""14:45:00"", ""volume"": 254300}]",True,4690000,"{""close"": 70700, ""high"": 70700, ""low"": 70700, ""minute"": ""14:45"", ""open"": 70700, ""provider_time"": ""14:45:00"", ""volume"": 254300}",4690000,14:29,70900,14:29:39,0,FPT,2026-08-25,14:45,70700,70.7,254300,True,True
CONFIRMED_INFERRED_BOUNDARY,[],14:45,72600,72.6,426000,True,True,True,True,CROSS_PROVIDER_BOUNDARY_CONFIRMED_V1,INFERRED_BOUNDARY,SSI_REST,226,14:45,72600,14:45:00,426000,"[{""close"": 72600, ""high"": 72600, ""low"": 72600, ""minute"": ""14:45"", ""open"": 72600, ""provider_time"": ""14:45:00"", ""volume"": 426000}]",True,10161300,"{""close"": 72600, ""high"": 72600, ""low"": 72600, ""minute"": ""14:45"", ""open"": 72600, ""provider_time"": ""14:45:00"", ""volume"": 426000}",10161300,14:29,72600,14:29:57,0,FPT,2026-08-26,14:45,72600,72.6,426000,True,True
CONFIRMED_INFERRED_BOUNDARY,[],14:45,72200,72.2,240800,True,True,True,True,CROSS_PROVIDER_BOUNDARY_CONFIRMED_V1,INFERRED_BOUNDARY,SSI_REST,226,14:45,72200,14:45:00,240800,"[{""close"": 72200, ""high"": 72200, ""low"": 72200, ""minute"": ""14:45"", ""open"": 72200, ""provider_time"": ""14:45:00"", ""volume"": 240800}]",True,3542900,"{""close"": 72200, ""high"": 72200, ""low"": 72200, ""minute"": ""14:45"", ""open"": 72200, ""provider_time"": ""14:45:00"", ""volume"": 240800}",3542900,14:29,72400,14:29:59,0,FPT,2026-08-27,14:45,72200,72.2,240800,True,True
CONFIRMED_INFERRED_BOUNDARY,[],14:45,73200,73.2,583800,True,True,True,True,CROSS_PROVIDER_BOUNDARY_CONFIRMED_V1,INFERRED_BOUNDARY,SSI_REST,226,14:45,73200,14:45:00,583800,"[{""close"": 73200, ""high"": 73200, ""low"": 73200, ""minute"": ""14:45"", ""open"": 73200, ""provider_time"": ""14:45:00"", ""volume"": 583800}]",True,10196800,"{""close"": 73200, ""high"": 73200, ""low"": 73200, ""minute"": ""14:45"", ""open"": 73200, ""provider_time"": ""14:45:00"", ""volume"": 583800}",10196800,14:29,73400,14:29:58,0,FPT,2026-08-28,14:45,73200,73.2,583800,True,True
CONFIRMED_INFERRED_BOUNDARY,[],14:45,72200,72.2,176100,True,True,True,True,CROSS_PROVIDER_BOUNDARY_CONFIRMED_V1,INFERRED_BOUNDARY,SSI_REST,226,14:45,72200,14:45:00,176100,"[{""close"": 72200, ""high"": 72200, ""low"": 72200, ""minute"": ""14:45"", ""open"": 72200, ""provider_time"": ""14:45:00"", ""volume"": 176100}]",True,4098200,"{""close"": 72200, ""high"": 72200, ""low"": 72200, ""minute"": ""14:45"", ""open"": 72200, ""provider_time"": ""14:45:00"", ""volume"": 176100}",4098200,14:29,72300,14:29:52,0,FPT,2026-09-03,14:45,72200,72.2,176100,True,True
CONFIRMED_INFERRED_BOUNDARY,[],14:45,72800,72.8,230300,True,True,True,True,CROSS_PROVIDER_BOUNDARY_CONFIRMED_V1,INFERRED_BOUNDARY,SSI_REST,226,14:45,72800,14:45:00,230300,"[{""close"": 72800, ""high"": 72800, ""low"": 72800, ""minute"": ""14:45"", ""open"": 72800, ""provider_time"": ""14:45:00"", ""volume"": 230300}]",True,3549500,"{""close"": 72800, ""high"": 72800, ""low"": 72800, ""minute"": ""14:45"", ""open"": 72800, ""provider_time"": ""14:45:00"", ""volume"": 230300}",3549500,14:29,72800,14:29:55,0,FPT,2026-09-04,14:45,72800,72.8,230300,True,True
CONFIRMED_INFERRED_BOUNDARY,[],14:45,72400,72.4,185700,True,True,True,True,CROSS_PROVIDER_BOUNDARY_CONFIRMED_V1,INFERRED_BOUNDARY,SSI_REST,226,14:45,72400,14:45:00,185700,"[{""close"": 72400, ""high"": 72400, ""low"": 72400, ""minute"": ""14:45"", ""open"": 72400, ""provider_time"": ""14:45:00"", ""volume"": 185700}]",True,7020200,"{""close"": 72400, ""high"": 72400, ""low"": 72400, ""minute"": ""14:45"", ""open"": 72400, ""provider_time"": ""14:45:00"", ""volume"": 185700}",7020200,14:29,72500,14:29:59,0,FPT,2026-09-07,14:45,72400,72.4,185700,True,True
CONFIRMED_INFERRED_BOUNDARY,[],14:45,72200,72.2,149900,True,True,True,True,CROSS_PROVIDER_BOUNDARY_CONFIRMED_V1,INFERRED_BOUNDARY,SSI_REST,226,14:45,72200,14:45:00,149900,"[{""close"": 72200, ""high"": 72200, ""low"": 72200, ""minute"": ""14:45"", ""open"": 72200, ""provider_time"": ""14:45:00"", ""volume"": 149900}]",True,4273000,"{""close"": 72200, ""high"": 72200, ""low"": 72200, ""minute"": ""14:45"", ""open"": 72200, ""provider_time"": ""14:45:00"", ""volume"": 149900}",4273000,14:29,72200,14:29:44,0,FPT,2026-09-08,14:45,72200,72.2,149900,True,True
CONFIRMED_INFERRED_BOUNDARY,[],14:45,72400,72.4,270300,True,True,True,True,CROSS_PROVIDER_BOUNDARY_CONFIRMED_V1,INFERRED_BOUNDARY,SSI_REST,226,14:45,72400,14:45:00,270300,"[{""close"": 72400, ""high"": 72400, ""low"": 72400, ""minute"": ""14:45"", ""open"": 72400, ""provider_time"": ""14:45:00"", ""volume"": 270300}]",True,3680300,"{""close"": 72400, ""high"": 72400, ""low"": 72400, ""minute"": ""14:45"", ""open"": 72400, ""provider_time"": ""14:45:00"", ""volume"": 270300}",3680300,14:29,72500,14:29:52,0,FPT,2026-09-09,14:45,72400,72.4,270300,True,True
CONFIRMED_INFERRED_BOUNDARY,[],14:45,74500,74.5,320300,True,True,True,True,CROSS_PROVIDER_BOUNDARY_CONFIRMED_V1,INFERRED_BOUNDARY,SSI_REST,226,14:45,74500,14:45:00,320300,"[{""close"": 74500, ""high"": 74500, ""low"": 74500, ""minute"": ""14:45"", ""open"": 74500, ""provider_time"": ""14:45:00"", ""volume"": 320300}]",True,11936600,"{""close"": 74500, ""high"": 74500, ""low"": 74500, ""minute"": ""14:45"", ""open"": 74500, ""provider_time"": ""14:45:00"", ""volume"": 320300}",11936600,14:29,74400,14:29:59,0,FPT,2026-09-10,14:45,74500,74.5,320300,True,True
CONFIRMED_INFERRED_BOUNDARY,[],14:45,72700,72.7,529600,True,True,True,True,CROSS_PROVIDER_BOUNDARY_CONFIRMED_V1,INFERRED_BOUNDARY,SSI_REST,226,14:45,72700,14:45:00,529600,"[{""close"": 72700, ""high"": 72700, ""low"": 72700, ""minute"": ""14:45"", ""open"": 72700, ""provider_time"": ""14:45:00"", ""volume"": 529600}]",True,5655200,"{""close"": 72700, ""high"": 72700, ""low"": 72700, ""minute"": ""14:45"", ""open"": 72700, ""provider_time"": ""14:45:00"", ""volume"": 529600}",5655200,14:29,72700,14:29:58,0,FPT,2026-09-11,14:45,72700,72.7,529600,True,True
CONFIRMED_INFERRED_BOUNDARY,[],14:45,72400,72.4,154700,True,True,True,True,CROSS_PROVIDER_BOUNDARY_CONFIRMED_V1,INFERRED_BOUNDARY,SSI_REST,226,14:45,72400,14:45:00,154700,"[{""close"": 72400, ""high"": 72400, ""low"": 72400, ""minute"": ""14:45"", ""open"": 72400, ""provider_time"": ""14:45:00"", ""volume"": 154700}]",True,4860300,"{""close"": 72400, ""high"": 72400, ""low"": 72400, ""minute"": ""14:45"", ""open"": 72400, ""provider_time"": ""14:45:00"", ""volume"": 154700}",4860300,14:29,72200,14:29:53,0,FPT,2026-09-14,14:45,72400,72.4,154700,True,True
CONFIRMED_INFERRED_BOUNDARY,[],14:45,72700,72.7,183900,True,True,True,True,CROSS_PROVIDER_BOUNDARY_CONFIRMED_V1,INFERRED_BOUNDARY,SSI_REST,226,14:45,72700,14:45:00,183900,"[{""close"": 72700, ""high"": 72700, ""low"": 72700, ""minute"": ""14:45"", ""open"": 72700, ""provider_time"": ""14:45:00"", ""volume"": 183900}]",True,3977500,"{""close"": 72700, ""high"": 72700, ""low"": 72700, ""minute"": ""14:45"", ""open"": 72700, ""provider_time"": ""14:45:00"", ""volume"": 183900}",3977500,14:29,72600,14:29:55,0,FPT,2026-09-15,14:45,72700,72.7,183900,True,True
CONFIRMED_INFERRED_BOUNDARY,[],14:45,73800,73.8,2140600,True,True,True,True,CROSS_PROVIDER_BOUNDARY_CONFIRMED_V1,INFERRED_BOUNDARY,SSI_REST,226,14:45,73800,14:45:00,2140600,"[{""close"": 73800, ""high"": 73800, ""low"": 73800, ""minute"": ""14:45"", ""open"": 73800, ""provider_time"": ""14:45:00"", ""volume"": 2140600}]",True,7748100,"{""close"": 73800, ""high"": 73800, ""low"": 73800, ""minute"": ""14:45"", ""open"": 73800, ""provider_time"": ""14:45:00"", ""volume"": 2140600}",7748100,14:29,72900,14:29:59,0,FPT,2026-09-16,14:45,73800,73.8,2140600,True,True
CONFIRMED_INFERRED_BOUNDARY,[],14:45,74300,74.3,1887000,True,True,True,True,CROSS_PROVIDER_BOUNDARY_CONFIRMED_V1,INFERRED_BOUNDARY,SSI_REST,226,14:45,74300,14:45:00,1887000,"[{""close"": 74300, ""high"": 74300, ""low"": 74300, ""minute"": ""14:45"", ""open"": 74300, ""provider_time"": ""14:45:00"", ""volume"": 1887000}]",True,6626700,"{""close"": 74300, ""high"": 74300, ""low"": 74300, ""minute"": ""14:45"", ""open"": 74300, ""provider_time"": ""14:45:00"", ""volume"": 1887000}",6626700,14:29,74000,14:29:59,0,FPT,2026-09-17,14:45,74300,74.3,1887000,True,True
CONFIRMED_INFERRED_BOUNDARY,[],14:45,21800,21.8,2199500,True,True,True,True,CROSS_PROVIDER_BOUNDARY_CONFIRMED_V1,INFERRED_BOUNDARY,SSI_REST,226,14:45,21800,14:45:00,2199500,"[{""close"": 21800, ""high"": 21800, ""low"": 21800, ""minute"": ""14:45"", ""open"": 21800, ""provider_time"": ""14:45:00"", ""volume"": 2199500}]",True,25844100,"{""close"": 21800, ""high"": 21800, ""low"": 21800, ""minute"": ""14:45"", ""open"": 21800, ""provider_time"": ""14:45:00"", ""volume"": 2199500}",25844100,14:29,21900,14:29:55,0,HPG,2026-08-25,14:45,21800,21.8,2199500,True,True
CONFIRMED_INFERRED_BOUNDARY,[],14:45,22050,22.05,950700,True,True,True,True,CROSS_PROVIDER_BOUNDARY_CONFIRMED_V1,INFERRED_BOUNDARY,SSI_REST,226,14:45,22050,14:45:00,950700,"[{""close"": 22050, ""high"": 22050, ""low"": 22050, ""minute"": ""14:45"", ""open"": 22050, ""provider_time"": ""14:45:00"", ""volume"": 950700}]",True,19394800,"{""close"": 22050, ""high"": 22050, ""low"": 22050, ""minute"": ""14:45"", ""open"": 22050, ""provider_time"": ""14:45:00"", ""volume"": 950700}",19394800,14:29,22100,14:29:59,0,HPG,2026-08-26,14:45,22050,22.05,950700,True,True
CONFIRMED_INFERRED_BOUNDARY,[],14:45,22200,22.2,1429000,True,True,True,True,CROSS_PROVIDER_BOUNDARY_CONFIRMED_V1,INFERRED_BOUNDARY,SSI_REST,226,14:45,22200,14:45:00,1429000,"[{""close"": 22200, ""high"": 22200, ""low"": 22200, ""minute"": ""14:45"", ""open"": 22200, ""provider_time"": ""14:45:00"", ""volume"": 1429000}]",True,19201900,"{""close"": 22200, ""high"": 22200, ""low"": 22200, ""minute"": ""14:45"", ""open"": 22200, ""provider_time"": ""14:45:00"", ""volume"": 1429000}",19201900,14:29,22250,14:29:59,0,HPG,2026-08-27,14:45,22200,22.2,1429000,True,True
CONFIRMED_INFERRED_BOUNDARY,[],14:45,22100,22.1,2341400,True,True,True,True,CROSS_PROVIDER_BOUNDARY_CONFIRMED_V1,INFERRED_BOUNDARY,SSI_REST,226,14:45,22100,14:45:00,2341400,"[{""close"": 22100, ""high"": 22100, ""low"": 22100, ""minute"": ""14:45"", ""open"": 22100, ""provider_time"": ""14:45:00"", ""volume"": 2341400}]",True,17126700,"{""close"": 22100, ""high"": 22100, ""low"": 22100, ""minute"": ""14:45"", ""open"": 22100, ""provider_time"": ""14:45:00"", ""volume"": 2341400}",17126700,14:29,22200,14:29:55,0,HPG,2026-08-28,14:45,22100,22.1,2341400,True,True
CONFIRMED_INFERRED_BOUNDARY,[],14:45,21600,21.6,2081700,True,True,True,True,CROSS_PROVIDER_BOUNDARY_CONFIRMED_V1,INFERRED_BOUNDARY,SSI_REST,226,14:45,21600,14:45:00,2081700,"[{""close"": 21600, ""high"": 21600, ""low"": 21600, ""minute"": ""14:45"", ""open"": 21600, ""provider_time"": ""14:45:00"", ""volume"": 2081700}]",True,26985600,"{""close"": 21600, ""high"": 21600, ""low"": 21600, ""minute"": ""14:45"", ""open"": 21600, ""provider_time"": ""14:45:00"", ""volume"": 2081700}",26985600,14:29,21650,14:29:59,0,HPG,2026-09-03,14:45,21600,21.6,2081700,True,True
CONFIRMED_INFERRED_BOUNDARY,[],14:45,21700,21.7,828700,True,True,True,True,CROSS_PROVIDER_BOUNDARY_CONFIRMED_V1,INFERRED_BOUNDARY,SSI_REST,225,14:45,21700,14:45:00,828700,"[{""close"": 21700, ""high"": 21700, ""low"": 21700, ""minute"": ""14:45"", ""open"": 21700, ""provider_time"": ""14:45:00"", ""volume"": 828700}]",True,13920900,"{""close"": 21700, ""high"": 21700, ""low"": 21700, ""minute"": ""14:45"", ""open"": 21700, ""provider_time"": ""14:45:00"", ""volume"": 828700}",13920900,14:29,21800,14:29:57,0,HPG,2026-09-04,14:45,21700,21.7,828700,True,True
CONFIRMED_INFERRED_BOUNDARY,[],14:45,21550,21.55,1928300,True,True,True,True,CROSS_PROVIDER_BOUNDARY_CONFIRMED_V1,INFERRED_BOUNDARY,SSI_REST,226,14:45,21550,14:45:00,1928300,"[{""close"": 21550, ""high"": 21550, ""low"": 21550, ""minute"": ""14:45"", ""open"": 21550, ""provider_time"": ""14:45:00"", ""volume"": 1928300}]",True,19957800,"{""close"": 21550, ""high"": 21550, ""low"": 21550, ""minute"": ""14:45"", ""open"": 21550, ""provider_time"": ""14:45:00"", ""volume"": 1928300}",19957800,14:29,21650,14:29:57,0,HPG,2026-09-07,14:45,21550,21.55,1928300,True,True
CONFIRMED_INFERRED_BOUNDARY,[],14:45,21850,21.85,1452100,True,True,True,True,CROSS_PROVIDER_BOUNDARY_CONFIRMED_V1,INFERRED_BOUNDARY,SSI_REST,226,14:45,21850,14:45:00,1452100,"[{""close"": 21850, ""high"": 21850, ""low"": 21850, ""minute"": ""14:45"", ""open"": 21850, ""provider_time"": ""14:45:00"", ""volume"": 1452100}]",True,13387600,"{""close"": 21850, ""high"": 21850, ""low"": 21850, ""minute"": ""14:45"", ""open"": 21850, ""provider_time"": ""14:45:00"", ""volume"": 1452100}",13387600,14:29,21750,14:29:55,0,HPG,2026-09-08,14:45,21850,21.85,1452100,True,True
CONFIRMED_INFERRED_BOUNDARY,[],14:45,22050,22.05,1488700,True,True,True,True,CROSS_PROVIDER_BOUNDARY_CONFIRMED_V1,INFERRED_BOUNDARY,SSI_REST,226,14:45,22050,14:45:00,1488700,"[{""close"": 22050, ""high"": 22050, ""low"": 22050, ""minute"": ""14:45"", ""open"": 22050, ""provider_time"": ""14:45:00"", ""volume"": 1488700}]",True,22432800,"{""close"": 22050, ""high"": 22050, ""low"": 22050, ""minute"": ""14:45"", ""open"": 22050, ""provider_time"": ""14:45:00"", ""volume"": 1488700}",22432800,14:29,22050,14:29:56,0,HPG,2026-09-09,14:45,22050,22.05,1488700,True,True
CONFIRMED_INFERRED_BOUNDARY,[],14:45,21850,21.85,1313200,True,True,True,True,CROSS_PROVIDER_BOUNDARY_CONFIRMED_V1,INFERRED_BOUNDARY,SSI_REST,226,14:45,21850,14:45:00,1313200,"[{""close"": 21850, ""high"": 21850, ""low"": 21850, ""minute"": ""14:45"", ""open"": 21850, ""provider_time"": ""14:45:00"", ""volume"": 1313200}]",True,13391400,"{""close"": 21850, ""high"": 21850, ""low"": 21850, ""minute"": ""14:45"", ""open"": 21850, ""provider_time"": ""14:45:00"", ""volume"": 1313200}",13391400,14:29,21950,14:29:59,0,HPG,2026-09-10,14:45,21850,21.85,1313200,True,True
CONFIRMED_INFERRED_BOUNDARY,[],14:45,21300,21.3,2500200,True,True,True,True,CROSS_PROVIDER_BOUNDARY_CONFIRMED_V1,INFERRED_BOUNDARY,SSI_REST,226,14:45,21300,14:45:00,2500200,"[{""close"": 21300, ""high"": 21300, ""low"": 21300, ""minute"": ""14:45"", ""open"": 21300, ""provider_time"": ""14:45:00"", ""volume"": 2500200}]",True,22031700,"{""close"": 21300, ""high"": 21300, ""low"": 21300, ""minute"": ""14:45"", ""open"": 21300, ""provider_time"": ""14:45:00"", ""volume"": 2500200}",22031700,14:29,21450,14:29:59,0,HPG,2026-09-11,14:45,21300,21.3,2500200,True,True
CONFIRMED_INFERRED_BOUNDARY,[],14:45,20900,20.9,1923900,True,True,True,True,CROSS_PROVIDER_BOUNDARY_CONFIRMED_V1,INFERRED_BOUNDARY,SSI_REST,226,14:45,20900,14:45:00,1923900,"[{""close"": 20900, ""high"": 20900, ""low"": 20900, ""minute"": ""14:45"", ""open"": 20900, ""provider_time"": ""14:45:00"", ""volume"": 1923900}]",True,24046000,"{""close"": 20900, ""high"": 20900, ""low"": 20900, ""minute"": ""14:45"", ""open"": 20900, ""provider_time"": ""14:45:00"", ""volume"": 1923900}",24046000,14:29,21100,14:29:59,0,HPG,2026-09-14,14:45,20900,20.9,1923900,True,True
CONFIRMED_INFERRED_BOUNDARY,[],14:45,21200,21.2,1431300,True,True,True,True,CROSS_PROVIDER_BOUNDARY_CONFIRMED_V1,INFERRED_BOUNDARY,SSI_REST,226,14:45,21200,14:45:00,1431300,"[{""close"": 21200, ""high"": 21200, ""low"": 21200, ""minute"": ""14:45"", ""open"": 21200, ""provider_time"": ""14:45:00"", ""volume"": 1431300}]",True,11937200,"{""close"": 21200, ""high"": 21200, ""low"": 21200, ""minute"": ""14:45"", ""open"": 21200, ""provider_time"": ""14:45:00"", ""volume"": 1431300}",11937200,14:29,21150,14:29:59,0,HPG,2026-09-15,14:45,21200,21.2,1431300,True,True
CONFIRMED_INFERRED_BOUNDARY,[],14:45,20950,20.95,1468100,True,True,True,True,CROSS_PROVIDER_BOUNDARY_CONFIRMED_V1,INFERRED_BOUNDARY,SSI_REST,226,14:45,20950,14:45:00,1468100,"[{""close"": 20950, ""high"": 20950, ""low"": 20950, ""minute"": ""14:45"", ""open"": 20950, ""provider_time"": ""14:45:00"", ""volume"": 1468100}]",True,12277500,"{""close"": 20950, ""high"": 20950, ""low"": 20950, ""minute"": ""14:45"", ""open"": 20950, ""provider_time"": ""14:45:00"", ""volume"": 1468100}",12277500,14:29,21100,14:29:57,0,HPG,2026-09-16,14:45,20950,20.95,1468100,True,True
CONFIRMED_INFERRED_BOUNDARY,[],14:45,21200,21.2,1001500,True,True,True,True,CROSS_PROVIDER_BOUNDARY_CONFIRMED_V1,INFERRED_BOUNDARY,SSI_REST,226,14:45,21200,14:45:00,1001500,"[{""close"": 21200, ""high"": 21200, ""low"": 21200, ""minute"": ""14:45"", ""open"": 21200, ""provider_time"": ""14:45:00"", ""volume"": 1001500}]",True,17574100,"{""close"": 21200, ""high"": 21200, ""low"": 21200, ""minute"": ""14:45"", ""open"": 21200, ""provider_time"": ""14:45:00"", ""volume"": 1001500}",17574100,14:29,21300,14:29:59,0,HPG,2026-09-17,14:45,21200,21.2,1001500,True,True
CONFIRMED_INFERRED_BOUNDARY,[],14:45,21250,21.25,1586200,True,True,True,True,CROSS_PROVIDER_BOUNDARY_CONFIRMED_V1,INFERRED_BOUNDARY,SSI_REST,226,14:45,21250,14:45:00,1586200,"[{""close"": 21250, ""high"": 21250, ""low"": 21250, ""minute"": ""14:45"", ""open"": 21250, ""provider_time"": ""14:45:00"", ""volume"": 1586200}]",True,30658300,"{""close"": 21250, ""high"": 21250, ""low"": 21250, ""minute"": ""14:45"", ""open"": 21250, ""provider_time"": ""14:45:00"", ""volume"": 1586200}",30658300,14:29,21300,14:29:57,0,SSI,2026-08-25,14:45,21250,21.25,1586200,True,True
CONFIRMED_INFERRED_BOUNDARY,[],14:45,21650,21.65,2277700,True,True,True,True,CROSS_PROVIDER_BOUNDARY_CONFIRMED_V1,INFERRED_BOUNDARY,SSI_REST,226,14:45,21650,14:45:00,2277700,"[{""close"": 21650, ""high"": 21650, ""low"": 21650, ""minute"": ""14:45"", ""open"": 21650, ""provider_time"": ""14:45:00"", ""volume"": 2277700}]",True,27952800,"{""close"": 21650, ""high"": 21650, ""low"": 21650, ""minute"": ""14:45"", ""open"": 21650, ""provider_time"": ""14:45:00"", ""volume"": 2277700}",27952800,14:29,21600,14:29:59,0,SSI,2026-08-26,14:45,21650,21.65,2277700,True,True
CONFIRMED_INFERRED_BOUNDARY,[],14:45,21400,21.4,1611300,True,True,True,True,CROSS_PROVIDER_BOUNDARY_CONFIRMED_V1,INFERRED_BOUNDARY,SSI_REST,226,14:45,21400,14:45:00,1611300,"[{""close"": 21400, ""high"": 21400, ""low"": 21400, ""minute"": ""14:45"", ""open"": 21400, ""provider_time"": ""14:45:00"", ""volume"": 1611300}]",True,15960200,"{""close"": 21400, ""high"": 21400, ""low"": 21400, ""minute"": ""14:45"", ""open"": 21400, ""provider_time"": ""14:45:00"", ""volume"": 1611300}",15960200,14:29,21400,14:29:58,0,SSI,2026-08-27,14:45,21400,21.4,1611300,True,True
CONFIRMED_INFERRED_BOUNDARY,[],14:45,21350,21.35,2129100,True,True,True,True,CROSS_PROVIDER_BOUNDARY_CONFIRMED_V1,INFERRED_BOUNDARY,SSI_REST,226,14:45,21350,14:45:00,2129100,"[{""close"": 21350, ""high"": 21350, ""low"": 21350, ""minute"": ""14:45"", ""open"": 21350, ""provider_time"": ""14:45:00"", ""volume"": 2129100}]",True,20299000,"{""close"": 21350, ""high"": 21350, ""low"": 21350, ""minute"": ""14:45"", ""open"": 21350, ""provider_time"": ""14:45:00"", ""volume"": 2129100}",20299000,14:29,21400,14:29:59,0,SSI,2026-08-28,14:45,21350,21.35,2129100,True,True
CONFIRMED_INFERRED_BOUNDARY,[],14:45,20900,20.9,1406600,True,True,True,True,CROSS_PROVIDER_BOUNDARY_CONFIRMED_V1,INFERRED_BOUNDARY,SSI_REST,226,14:45,20900,14:45:00,1406600,"[{""close"": 20900, ""high"": 20900, ""low"": 20900, ""minute"": ""14:45"", ""open"": 20900, ""provider_time"": ""14:45:00"", ""volume"": 1406600}]",True,21947100,"{""close"": 20900, ""high"": 20900, ""low"": 20900, ""minute"": ""14:45"", ""open"": 20900, ""provider_time"": ""14:45:00"", ""volume"": 1406600}",21947100,14:29,20950,14:29:59,0,SSI,2026-09-03,14:45,20900,20.9,1406600,True,True
CONFIRMED_INFERRED_BOUNDARY,[],14:45,21050,21.05,844600,True,True,True,True,CROSS_PROVIDER_BOUNDARY_CONFIRMED_V1,INFERRED_BOUNDARY,SSI_REST,225,14:45,21050,14:45:00,844600,"[{""close"": 21050, ""high"": 21050, ""low"": 21050, ""minute"": ""14:45"", ""open"": 21050, ""provider_time"": ""14:45:00"", ""volume"": 844600}]",True,11573200,"{""close"": 21050, ""high"": 21050, ""low"": 21050, ""minute"": ""14:45"", ""open"": 21050, ""provider_time"": ""14:45:00"", ""volume"": 844600}",11573200,14:29,21100,14:29:59,0,SSI,2026-09-04,14:45,21050,21.05,844600,True,True
CONFIRMED_INFERRED_BOUNDARY,[],14:45,20850,20.85,586200,True,True,True,True,CROSS_PROVIDER_BOUNDARY_CONFIRMED_V1,INFERRED_BOUNDARY,SSI_REST,225,14:45,20850,14:45:00,586200,"[{""close"": 20850, ""high"": 20850, ""low"": 20850, ""minute"": ""14:45"", ""open"": 20850, ""provider_time"": ""14:45:00"", ""volume"": 586200}]",True,15026800,"{""close"": 20850, ""high"": 20850, ""low"": 20850, ""minute"": ""14:45"", ""open"": 20850, ""provider_time"": ""14:45:00"", ""volume"": 586200}",15026800,14:29,20900,14:29:59,0,SSI,2026-09-07,14:45,20850,20.85,586200,True,True
CONFIRMED_INFERRED_BOUNDARY,[],14:45,21000,21,708400,True,True,True,True,CROSS_PROVIDER_BOUNDARY_CONFIRMED_V1,INFERRED_BOUNDARY,SSI_REST,226,14:45,21000,14:45:00,708400,"[{""close"": 21000, ""high"": 21000, ""low"": 21000, ""minute"": ""14:45"", ""open"": 21000, ""provider_time"": ""14:45:00"", ""volume"": 708400}]",True,13825100,"{""close"": 21000, ""high"": 21000, ""low"": 21000, ""minute"": ""14:45"", ""open"": 21000, ""provider_time"": ""14:45:00"", ""volume"": 708400}",13825100,14:29,21050,14:29:58,0,SSI,2026-09-08,14:45,21000,21,708400,True,True
CONFIRMED_INFERRED_BOUNDARY,[],14:45,20900,20.9,515300,True,True,True,True,CROSS_PROVIDER_BOUNDARY_CONFIRMED_V1,INFERRED_BOUNDARY,SSI_REST,226,14:45,20900,14:45:00,515300,"[{""close"": 20900, ""high"": 20900, ""low"": 20900, ""minute"": ""14:45"", ""open"": 20900, ""provider_time"": ""14:45:00"", ""volume"": 515300}]",True,9488000,"{""close"": 20900, ""high"": 20900, ""low"": 20900, ""minute"": ""14:45"", ""open"": 20900, ""provider_time"": ""14:45:00"", ""volume"": 515300}",9488000,14:29,20950,14:29:59,0,SSI,2026-09-09,14:45,20900,20.9,515300,True,True
CONFIRMED_INFERRED_BOUNDARY,[],14:45,21000,21,732900,True,True,True,True,CROSS_PROVIDER_BOUNDARY_CONFIRMED_V1,INFERRED_BOUNDARY,SSI_REST,226,14:45,21000,14:45:00,732900,"[{""close"": 21000, ""high"": 21000, ""low"": 21000, ""minute"": ""14:45"", ""open"": 21000, ""provider_time"": ""14:45:00"", ""volume"": 732900}]",True,12807500,"{""close"": 21000, ""high"": 21000, ""low"": 21000, ""minute"": ""14:45"", ""open"": 21000, ""provider_time"": ""14:45:00"", ""volume"": 732900}",12807500,14:29,21050,14:29:55,0,SSI,2026-09-10,14:45,21000,21,732900,True,True
CONFIRMED_INFERRED_BOUNDARY,[],14:45,20300,20.3,1506600,True,True,True,True,CROSS_PROVIDER_BOUNDARY_CONFIRMED_V1,INFERRED_BOUNDARY,SSI_REST,226,14:45,20300,14:45:00,1506600,"[{""close"": 20300, ""high"": 20300, ""low"": 20300, ""minute"": ""14:45"", ""open"": 20300, ""provider_time"": ""14:45:00"", ""volume"": 1506600}]",True,24010700,"{""close"": 20300, ""high"": 20300, ""low"": 20300, ""minute"": ""14:45"", ""open"": 20300, ""provider_time"": ""14:45:00"", ""volume"": 1506600}",24010700,14:29,20400,14:29:59,0,SSI,2026-09-11,14:45,20300,20.3,1506600,True,True
CONFIRMED_INFERRED_BOUNDARY,[],14:45,20300,20.3,910500,True,True,True,True,CROSS_PROVIDER_BOUNDARY_CONFIRMED_V1,INFERRED_BOUNDARY,SSI_REST,226,14:45,20300,14:45:00,910500,"[{""close"": 20300, ""high"": 20300, ""low"": 20300, ""minute"": ""14:45"", ""open"": 20300, ""provider_time"": ""14:45:00"", ""volume"": 910500}]",True,24518000,"{""close"": 20300, ""high"": 20300, ""low"": 20300, ""minute"": ""14:45"", ""open"": 20300, ""provider_time"": ""14:45:00"", ""volume"": 910500}",24518000,14:29,20300,14:29:58,0,SSI,2026-09-14,14:45,20300,20.3,910500,True,True
CONFIRMED_INFERRED_BOUNDARY,[],14:45,20650,20.65,1156800,True,True,True,True,CROSS_PROVIDER_BOUNDARY_CONFIRMED_V1,INFERRED_BOUNDARY,SSI_REST,226,14:45,20650,14:45:00,1156800,"[{""close"": 20650, ""high"": 20650, ""low"": 20650, ""minute"": ""14:45"", ""open"": 20650, ""provider_time"": ""14:45:00"", ""volume"": 1156800}]",True,16404500,"{""close"": 20650, ""high"": 20650, ""low"": 20650, ""minute"": ""14:45"", ""open"": 20650, ""provider_time"": ""14:45:00"", ""volume"": 1156800}",16404500,14:29,20700,14:29:53,0,SSI,2026-09-15,14:45,20650,20.65,1156800,True,True
CONFIRMED_INFERRED_BOUNDARY,[],14:45,20550,20.55,1228100,True,True,True,True,CROSS_PROVIDER_BOUNDARY_CONFIRMED_V1,INFERRED_BOUNDARY,SSI_REST,226,14:45,20550,14:45:00,1228100,"[{""close"": 20550, ""high"": 20550, ""low"": 20550, ""minute"": ""14:45"", ""open"": 20550, ""provider_time"": ""14:45:00"", ""volume"": 1228100}]",True,13947800,"{""close"": 20550, ""high"": 20550, ""low"": 20550, ""minute"": ""14:45"", ""open"": 20550, ""provider_time"": ""14:45:00"", ""volume"": 1228100}",13947800,14:29,20600,14:29:58,0,SSI,2026-09-16,14:45,20550,20.55,1228100,True,True
CONFIRMED_INFERRED_BOUNDARY,[],14:45,21150,21.15,689600,True,True,True,True,CROSS_PROVIDER_BOUNDARY_CONFIRMED_V1,INFERRED_BOUNDARY,SSI_REST,226,14:45,21150,14:45:00,689600,"[{""close"": 21150, ""high"": 21150, ""low"": 21150, ""minute"": ""14:45"", ""open"": 21150, ""provider_time"": ""14:45:00"", ""volume"": 689600}]",True,40967600,"{""close"": 21150, ""high"": 21150, ""low"": 21150, ""minute"": ""14:45"", ""open"": 21150, ""provider_time"": ""14:45:00"", ""volume"": 689600}",40967600,14:29,21250,14:29:57,0,SSI,2026-09-17,14:45,21150,21.15,689600,True,True
CONFIRMED_INFERRED_BOUNDARY,[],14:45,220500,220.5,841300,True,True,True,True,CROSS_PROVIDER_BOUNDARY_CONFIRMED_V1,INFERRED_BOUNDARY,SSI_REST,226,14:45,220500,14:45:00,841300,"[{""close"": 220500, ""high"": 220500, ""low"": 220500, ""minute"": ""14:45"", ""open"": 220500, ""provider_time"": ""14:45:00"", ""volume"": 841300}]",True,10310200,"{""close"": 220500, ""high"": 220500, ""low"": 220500, ""minute"": ""14:45"", ""open"": 220500, ""provider_time"": ""14:45:00"", ""volume"": 841300}",10310200,14:29,220000,14:29:58,0,VIC,2026-08-25,14:45,220500,220.5,841300,True,True
CONFIRMED_INFERRED_BOUNDARY,[],14:45,230000,230,1065800,True,True,True,True,CROSS_PROVIDER_BOUNDARY_CONFIRMED_V1,INFERRED_BOUNDARY,SSI_REST,226,14:45,230000,14:45:00,1065800,"[{""close"": 230000, ""high"": 230000, ""low"": 230000, ""minute"": ""14:45"", ""open"": 230000, ""provider_time"": ""14:45:00"", ""volume"": 1065800}]",True,9982600,"{""close"": 230000, ""high"": 230000, ""low"": 230000, ""minute"": ""14:45"", ""open"": 230000, ""provider_time"": ""14:45:00"", ""volume"": 1065800}",9982600,14:29,225000,14:29:51,0,VIC,2026-08-26,14:45,230000,230,1065800,True,True
CONFIRMED_INFERRED_BOUNDARY,[],14:45,236000,236,1500800,True,True,True,True,CROSS_PROVIDER_BOUNDARY_CONFIRMED_V1,INFERRED_BOUNDARY,SSI_REST,226,14:45,236000,14:45:00,1500800,"[{""close"": 236000, ""high"": 236000, ""low"": 236000, ""minute"": ""14:45"", ""open"": 236000, ""provider_time"": ""14:45:00"", ""volume"": 1500800}]",True,8567700,"{""close"": 236000, ""high"": 236000, ""low"": 236000, ""minute"": ""14:45"", ""open"": 236000, ""provider_time"": ""14:45:00"", ""volume"": 1500800}",8567700,14:29,232500,14:29:59,0,VIC,2026-08-27,14:45,236000,236,1500800,True,True
CONFIRMED_INFERRED_BOUNDARY,[],14:45,236000,236,1226200,True,True,True,True,CROSS_PROVIDER_BOUNDARY_CONFIRMED_V1,INFERRED_BOUNDARY,SSI_REST,226,14:45,236000,14:45:00,1226200,"[{""close"": 236000, ""high"": 236000, ""low"": 236000, ""minute"": ""14:45"", ""open"": 236000, ""provider_time"": ""14:45:00"", ""volume"": 1226200}]",True,8553100,"{""close"": 236000, ""high"": 236000, ""low"": 236000, ""minute"": ""14:45"", ""open"": 236000, ""provider_time"": ""14:45:00"", ""volume"": 1226200}",8553100,14:29,236000,14:29:59,0,VIC,2026-08-28,14:45,236000,236,1226200,True,True
CONFIRMED_INFERRED_BOUNDARY,[],14:45,244500,244.5,634700,True,True,True,True,CROSS_PROVIDER_BOUNDARY_CONFIRMED_V1,INFERRED_BOUNDARY,SSI_REST,226,14:45,244500,14:45:00,634700,"[{""close"": 244500, ""high"": 244500, ""low"": 244500, ""minute"": ""14:45"", ""open"": 244500, ""provider_time"": ""14:45:00"", ""volume"": 634700}]",True,7676800,"{""close"": 244500, ""high"": 244500, ""low"": 244500, ""minute"": ""14:45"", ""open"": 244500, ""provider_time"": ""14:45:00"", ""volume"": 634700}",7676800,14:29,244200,14:29:55,0,VIC,2026-09-03,14:45,244500,244.5,634700,True,True
CONFIRMED_INFERRED_BOUNDARY,[],14:45,256100,256.1,783000,True,True,True,True,CROSS_PROVIDER_BOUNDARY_CONFIRMED_V1,INFERRED_BOUNDARY,SSI_REST,226,14:45,256100,14:45:00,783000,"[{""close"": 256100, ""high"": 256100, ""low"": 256100, ""minute"": ""14:45"", ""open"": 256100, ""provider_time"": ""14:45:00"", ""volume"": 783000}]",True,7518600,"{""close"": 256100, ""high"": 256100, ""low"": 256100, ""minute"": ""14:45"", ""open"": 256100, ""provider_time"": ""14:45:00"", ""volume"": 783000}",7518600,14:29,258800,14:29:57,0,VIC,2026-09-04,14:45,256100,256.1,783000,True,True
CONFIRMED_INFERRED_BOUNDARY,[],14:45,245000,245,1219100,True,True,True,True,CROSS_PROVIDER_BOUNDARY_CONFIRMED_V1,INFERRED_BOUNDARY,SSI_REST,226,14:45,245000,14:45:00,1219100,"[{""close"": 245000, ""high"": 245000, ""low"": 245000, ""minute"": ""14:45"", ""open"": 245000, ""provider_time"": ""14:45:00"", ""volume"": 1219100}]",True,6063900,"{""close"": 245000, ""high"": 245000, ""low"": 245000, ""minute"": ""14:45"", ""open"": 245000, ""provider_time"": ""14:45:00"", ""volume"": 1219100}",6063900,14:29,249000,14:29:56,0,VIC,2026-09-07,14:45,245000,245,1219100,True,True
CONFIRMED_INFERRED_BOUNDARY,[],14:45,249600,249.6,966900,True,True,True,True,CROSS_PROVIDER_BOUNDARY_CONFIRMED_V1,INFERRED_BOUNDARY,SSI_REST,226,14:45,249600,14:45:00,966900,"[{""close"": 249600, ""high"": 249600, ""low"": 249600, ""minute"": ""14:45"", ""open"": 249600, ""provider_time"": ""14:45:00"", ""volume"": 966900}]",True,6268500,"{""close"": 249600, ""high"": 249600, ""low"": 249600, ""minute"": ""14:45"", ""open"": 249600, ""provider_time"": ""14:45:00"", ""volume"": 966900}",6268500,14:29,249000,14:29:59,0,VIC,2026-09-08,14:45,249600,249.6,966900,True,True
CONFIRMED_INFERRED_BOUNDARY,[],14:45,247700,247.7,2004100,True,True,True,True,CROSS_PROVIDER_BOUNDARY_CONFIRMED_V1,INFERRED_BOUNDARY,SSI_REST,226,14:45,247700,14:45:00,2004100,"[{""close"": 247700, ""high"": 247700, ""low"": 247700, ""minute"": ""14:45"", ""open"": 247700, ""provider_time"": ""14:45:00"", ""volume"": 2004100}]",True,4857800,"{""close"": 247700, ""high"": 247700, ""low"": 247700, ""minute"": ""14:45"", ""open"": 247700, ""provider_time"": ""14:45:00"", ""volume"": 2004100}",4857800,14:29,245000,14:29:53,0,VIC,2026-09-09,14:45,247700,247.7,2004100,True,True
CONFIRMED_INFERRED_BOUNDARY,[],14:45,247700,247.7,1430300,True,True,True,True,CROSS_PROVIDER_BOUNDARY_CONFIRMED_V1,INFERRED_BOUNDARY,SSI_REST,226,14:45,247700,14:45:00,1430300,"[{""close"": 247700, ""high"": 247700, ""low"": 247700, ""minute"": ""14:45"", ""open"": 247700, ""provider_time"": ""14:45:00"", ""volume"": 1430300}]",True,4481800,"{""close"": 247700, ""high"": 247700, ""low"": 247700, ""minute"": ""14:45"", ""open"": 247700, ""provider_time"": ""14:45:00"", ""volume"": 1430300}",4481800,14:29,249100,14:29:58,0,VIC,2026-09-10,14:45,247700,247.7,1430300,True,True
CONFIRMED_INFERRED_BOUNDARY,[],14:45,243300,243.3,1173700,True,True,True,True,CROSS_PROVIDER_BOUNDARY_CONFIRMED_V1,INFERRED_BOUNDARY,SSI_REST,226,14:45,243300,14:45:00,1173700,"[{""close"": 243300, ""high"": 243300, ""low"": 243300, ""minute"": ""14:45"", ""open"": 243300, ""provider_time"": ""14:45:00"", ""volume"": 1173700}]",True,4264000,"{""close"": 243300, ""high"": 243300, ""low"": 243300, ""minute"": ""14:45"", ""open"": 243300, ""provider_time"": ""14:45:00"", ""volume"": 1173700}",4264000,14:29,243900,14:29:59,0,VIC,2026-09-11,14:45,243300,243.3,1173700,True,True
CONFIRMED_INFERRED_BOUNDARY,[],14:45,241400,241.4,945900,True,True,True,True,CROSS_PROVIDER_BOUNDARY_CONFIRMED_V1,INFERRED_BOUNDARY,SSI_REST,226,14:45,241400,14:45:00,945900,"[{""close"": 241400, ""high"": 241400, ""low"": 241400, ""minute"": ""14:45"", ""open"": 241400, ""provider_time"": ""14:45:00"", ""volume"": 945900}]",True,4144700,"{""close"": 241400, ""high"": 241400, ""low"": 241400, ""minute"": ""14:45"", ""open"": 241400, ""provider_time"": ""14:45:00"", ""volume"": 945900}",4144700,14:29,240200,14:29:35,0,VIC,2026-09-14,14:45,241400,241.4,945900,True,True
CONFIRMED_INFERRED_BOUNDARY,[],14:45,241300,241.3,1687900,True,True,True,True,CROSS_PROVIDER_BOUNDARY_CONFIRMED_V1,INFERRED_BOUNDARY,SSI_REST,226,14:45,241300,14:45:00,1687900,"[{""close"": 241300, ""high"": 241300, ""low"": 241300, ""minute"": ""14:45"", ""open"": 241300, ""provider_time"": ""14:45:00"", ""volume"": 1687900}]",True,4196100,"{""close"": 241300, ""high"": 241300, ""low"": 241300, ""minute"": ""14:45"", ""open"": 241300, ""provider_time"": ""14:45:00"", ""volume"": 1687900}",4196100,14:29,241000,14:29:54,0,VIC,2026-09-15,14:45,241300,241.3,1687900,True,True
CONFIRMED_INFERRED_BOUNDARY,[],14:45,241200,241.2,1872800,True,True,True,True,CROSS_PROVIDER_BOUNDARY_CONFIRMED_V1,INFERRED_BOUNDARY,SSI_REST,226,14:45,241200,14:45:00,1872800,"[{""close"": 241200, ""high"": 241200, ""low"": 241200, ""minute"": ""14:45"", ""open"": 241200, ""provider_time"": ""14:45:00"", ""volume"": 1872800}]",True,4014000,"{""close"": 241200, ""high"": 241200, ""low"": 241200, ""minute"": ""14:45"", ""open"": 241200, ""provider_time"": ""14:45:00"", ""volume"": 1872800}",4014000,14:29,241300,14:29:56,0,VIC,2026-09-16,14:45,241200,241.2,1872800,True,True
CONFIRMED_INFERRED_BOUNDARY,[],14:45,241200,241.2,1661500,True,True,True,True,CROSS_PROVIDER_BOUNDARY_CONFIRMED_V1,INFERRED_BOUNDARY,SSI_REST,226,14:45,241200,14:45:00,1661500,"[{""close"": 241200, ""high"": 241200, ""low"": 241200, ""minute"": ""14:45"", ""open"": 241200, ""provider_time"": ""14:45:00"", ""volume"": 1661500}]",True,3951500,"{""close"": 241200, ""high"": 241200, ""low"": 241200, ""minute"": ""14:45"", ""open"": 241200, ""provider_time"": ""14:45:00"", ""volume"": 1661500}",3951500,14:29,241800,14:29:58,0,VIC,2026-09-17,14:45,241200,241.2,1661500,True,True
CONFIRMED_INFERRED_BOUNDARY,[],14:45,59400,59.4,139500,True,True,True,True,CROSS_PROVIDER_BOUNDARY_CONFIRMED_V1,INFERRED_BOUNDARY,SSI_REST,226,14:45,59400,14:45:00,139500,"[{""close"": 59400, ""high"": 59400, ""low"": 59400, ""minute"": ""14:45"", ""open"": 59400, ""provider_time"": ""14:45:00"", ""volume"": 139500}]",True,5577200,"{""close"": 59400, ""high"": 59400, ""low"": 59400, ""minute"": ""14:45"", ""open"": 59400, ""provider_time"": ""14:45:00"", ""volume"": 139500}",5577200,14:29,59500,14:29:50,0,VCB,2026-08-25,14:45,59400,59.4,139500,True,True
CONFIRMED_INFERRED_BOUNDARY,[],14:45,60300,60.3,679100,True,True,True,True,CROSS_PROVIDER_BOUNDARY_CONFIRMED_V1,INFERRED_BOUNDARY,SSI_REST,222,14:45,60300,14:45:00,679100,"[{""close"": 60300, ""high"": 60300, ""low"": 60300, ""minute"": ""14:45"", ""open"": 60300, ""provider_time"": ""14:45:00"", ""volume"": 679100}]",True,7177300,"{""close"": 60300, ""high"": 60300, ""low"": 60300, ""minute"": ""14:45"", ""open"": 60300, ""provider_time"": ""14:45:00"", ""volume"": 679100}",7177300,14:29,60000,14:29:59,0,VCB,2026-08-26,14:45,60300,60.3,679100,True,True
CONFIRMED_INFERRED_BOUNDARY,[],14:45,60100,60.1,185500,True,True,True,True,CROSS_PROVIDER_BOUNDARY_CONFIRMED_V1,INFERRED_BOUNDARY,SSI_REST,226,14:45,60100,14:45:00,185500,"[{""close"": 60100, ""high"": 60100, ""low"": 60100, ""minute"": ""14:45"", ""open"": 60100, ""provider_time"": ""14:45:00"", ""volume"": 185500}]",True,4904300,"{""close"": 60100, ""high"": 60100, ""low"": 60100, ""minute"": ""14:45"", ""open"": 60100, ""provider_time"": ""14:45:00"", ""volume"": 185500}",4904300,14:29,60300,14:29:57,0,VCB,2026-08-27,14:45,60100,60.1,185500,True,True
CONFIRMED_INFERRED_BOUNDARY,[],14:45,60100,60.1,222600,True,True,True,True,CROSS_PROVIDER_BOUNDARY_CONFIRMED_V1,INFERRED_BOUNDARY,SSI_REST,226,14:45,60100,14:45:00,222600,"[{""close"": 60100, ""high"": 60100, ""low"": 60100, ""minute"": ""14:45"", ""open"": 60100, ""provider_time"": ""14:45:00"", ""volume"": 222600}]",True,3386900,"{""close"": 60100, ""high"": 60100, ""low"": 60100, ""minute"": ""14:45"", ""open"": 60100, ""provider_time"": ""14:45:00"", ""volume"": 222600}",3386900,14:29,60100,14:29:59,0,VCB,2026-08-28,14:45,60100,60.1,222600,True,True
CONFIRMED_INFERRED_BOUNDARY,[],14:45,58700,58.7,522200,True,True,True,True,CROSS_PROVIDER_BOUNDARY_CONFIRMED_V1,INFERRED_BOUNDARY,SSI_REST,226,14:45,58700,14:45:00,522200,"[{""close"": 58700, ""high"": 58700, ""low"": 58700, ""minute"": ""14:45"", ""open"": 58700, ""provider_time"": ""14:45:00"", ""volume"": 522200}]",True,8465900,"{""close"": 58700, ""high"": 58700, ""low"": 58700, ""minute"": ""14:45"", ""open"": 58700, ""provider_time"": ""14:45:00"", ""volume"": 522200}",8465900,14:29,58900,14:29:59,0,VCB,2026-09-03,14:45,58700,58.7,522200,True,True
CONFIRMED_INFERRED_BOUNDARY,[],14:45,58900,58.9,188000,True,True,True,True,CROSS_PROVIDER_BOUNDARY_CONFIRMED_V1,INFERRED_BOUNDARY,SSI_REST,225,14:45,58900,14:45:00,188000,"[{""close"": 58900, ""high"": 58900, ""low"": 58900, ""minute"": ""14:45"", ""open"": 58900, ""provider_time"": ""14:45:00"", ""volume"": 188000}]",True,4309500,"{""close"": 58900, ""high"": 58900, ""low"": 58900, ""minute"": ""14:45"", ""open"": 58900, ""provider_time"": ""14:45:00"", ""volume"": 188000}",4309500,14:29,59000,14:29:53,0,VCB,2026-09-04,14:45,58900,58.9,188000,True,True
CONFIRMED_INFERRED_BOUNDARY,[],14:45,58000,58,619100,True,True,True,True,CROSS_PROVIDER_BOUNDARY_CONFIRMED_V1,INFERRED_BOUNDARY,SSI_REST,226,14:45,58000,14:45:00,619100,"[{""close"": 58000, ""high"": 58000, ""low"": 58000, ""minute"": ""14:45"", ""open"": 58000, ""provider_time"": ""14:45:00"", ""volume"": 619100}]",True,4761600,"{""close"": 58000, ""high"": 58000, ""low"": 58000, ""minute"": ""14:45"", ""open"": 58000, ""provider_time"": ""14:45:00"", ""volume"": 619100}",4761600,14:29,58100,14:29:59,0,VCB,2026-09-07,14:45,58000,58,619100,True,True
CONFIRMED_INFERRED_BOUNDARY,[],14:45,58100,58.1,124700,True,True,True,True,CROSS_PROVIDER_BOUNDARY_CONFIRMED_V1,INFERRED_BOUNDARY,SSI_REST,224,14:45,58100,14:45:00,124700,"[{""close"": 58100, ""high"": 58100, ""low"": 58100, ""minute"": ""14:45"", ""open"": 58100, ""provider_time"": ""14:45:00"", ""volume"": 124700}]",True,2867600,"{""close"": 58100, ""high"": 58100, ""low"": 58100, ""minute"": ""14:45"", ""open"": 58100, ""provider_time"": ""14:45:00"", ""volume"": 124700}",2867600,14:29,58100,14:29:49,0,VCB,2026-09-08,14:45,58100,58.1,124700,True,True
CONFIRMED_INFERRED_BOUNDARY,[],14:45,58700,58.7,144200,True,True,True,True,CROSS_PROVIDER_BOUNDARY_CONFIRMED_V1,INFERRED_BOUNDARY,SSI_REST,226,14:45,58700,14:45:00,144200,"[{""close"": 58700, ""high"": 58700, ""low"": 58700, ""minute"": ""14:45"", ""open"": 58700, ""provider_time"": ""14:45:00"", ""volume"": 144200}]",True,5324200,"{""close"": 58700, ""high"": 58700, ""low"": 58700, ""minute"": ""14:45"", ""open"": 58700, ""provider_time"": ""14:45:00"", ""volume"": 144200}",5324200,14:29,58800,14:29:54,0,VCB,2026-09-09,14:45,58700,58.7,144200,True,True
CONFIRMED_INFERRED_BOUNDARY,[],14:45,59000,59,73300,True,True,True,True,CROSS_PROVIDER_BOUNDARY_CONFIRMED_V1,INFERRED_BOUNDARY,SSI_REST,226,14:45,59000,14:45:00,73300,"[{""close"": 59000, ""high"": 59000, ""low"": 59000, ""minute"": ""14:45"", ""open"": 59000, ""provider_time"": ""14:45:00"", ""volume"": 73300}]",True,3066000,"{""close"": 59000, ""high"": 59000, ""low"": 59000, ""minute"": ""14:45"", ""open"": 59000, ""provider_time"": ""14:45:00"", ""volume"": 73300}",3066000,14:29,58900,14:29:55,0,VCB,2026-09-10,14:45,59000,59,73300,True,True
CONFIRMED_INFERRED_BOUNDARY,[],14:45,58200,58.2,271000,True,True,True,True,CROSS_PROVIDER_BOUNDARY_CONFIRMED_V1,INFERRED_BOUNDARY,SSI_REST,226,14:45,58200,14:45:00,271000,"[{""close"": 58200, ""high"": 58200, ""low"": 58200, ""minute"": ""14:45"", ""open"": 58200, ""provider_time"": ""14:45:00"", ""volume"": 271000}]",True,4365200,"{""close"": 58200, ""high"": 58200, ""low"": 58200, ""minute"": ""14:45"", ""open"": 58200, ""provider_time"": ""14:45:00"", ""volume"": 271000}",4365200,14:29,58200,14:29:55,0,VCB,2026-09-11,14:45,58200,58.2,271000,True,True
CONFIRMED_INFERRED_BOUNDARY,[],14:45,58500,58.5,106000,True,True,True,True,CROSS_PROVIDER_BOUNDARY_CONFIRMED_V1,INFERRED_BOUNDARY,SSI_REST,225,14:45,58500,14:45:00,106000,"[{""close"": 58500, ""high"": 58500, ""low"": 58500, ""minute"": ""14:45"", ""open"": 58500, ""provider_time"": ""14:45:00"", ""volume"": 106000}]",True,4818800,"{""close"": 58500, ""high"": 58500, ""low"": 58500, ""minute"": ""14:45"", ""open"": 58500, ""provider_time"": ""14:45:00"", ""volume"": 106000}",4818800,14:29,58500,14:29:40,0,VCB,2026-09-14,14:45,58500,58.5,106000,True,True
CONFIRMED_INFERRED_BOUNDARY,[],14:45,60000,60,1057900,True,True,True,True,CROSS_PROVIDER_BOUNDARY_CONFIRMED_V1,INFERRED_BOUNDARY,SSI_REST,226,14:45,60000,14:45:00,1057900,"[{""close"": 60000, ""high"": 60000, ""low"": 60000, ""minute"": ""14:45"", ""open"": 60000, ""provider_time"": ""14:45:00"", ""volume"": 1057900}]",True,9547200,"{""close"": 60000, ""high"": 60000, ""low"": 60000, ""minute"": ""14:45"", ""open"": 60000, ""provider_time"": ""14:45:00"", ""volume"": 1057900}",9547200,14:29,59800,14:29:56,0,VCB,2026-09-15,14:45,60000,60,1057900,True,True
CONFIRMED_INFERRED_BOUNDARY,[],14:45,59300,59.3,519600,True,True,True,True,CROSS_PROVIDER_BOUNDARY_CONFIRMED_V1,INFERRED_BOUNDARY,SSI_REST,225,14:45,59300,14:45:00,519600,"[{""close"": 59300, ""high"": 59300, ""low"": 59300, ""minute"": ""14:45"", ""open"": 59300, ""provider_time"": ""14:45:00"", ""volume"": 519600}]",True,2880800,"{""close"": 59300, ""high"": 59300, ""low"": 59300, ""minute"": ""14:45"", ""open"": 59300, ""provider_time"": ""14:45:00"", ""volume"": 519600}",2880800,14:29,59600,14:29:50,0,VCB,2026-09-16,14:45,59300,59.3,519600,True,True
CONFIRMED_INFERRED_BOUNDARY,[],14:45,59600,59.6,470200,True,True,True,True,CROSS_PROVIDER_BOUNDARY_CONFIRMED_V1,INFERRED_BOUNDARY,SSI_REST,226,14:45,59600,14:45:00,470200,"[{""close"": 59600, ""high"": 59600, ""low"": 59600, ""minute"": ""14:45"", ""open"": 59600, ""provider_time"": ""14:45:00"", ""volume"": 470200}]",True,5395900,"{""close"": 59600, ""high"": 59600, ""low"": 59600, ""minute"": ""14:45"", ""open"": 59600, ""provider_time"": ""14:45:00"", ""volume"": 470200}",5395900,14:29,59900,14:29:57,0,VCB,2026-09-17,14:45,59600,59.6,470200,True,True
CONFIRMED_INFERRED_BOUNDARY,[],14:45,14100,14.1,1616200,True,True,True,True,CROSS_PROVIDER_BOUNDARY_CONFIRMED_V1,INFERRED_BOUNDARY,SSI_REST,226,14:45,14100,14:45:00,1616200,"[{""close"": 14100, ""high"": 14100, ""low"": 14100, ""minute"": ""14:45"", ""open"": 14100, ""provider_time"": ""14:45:00"", ""volume"": 1616200}]",True,73645900,"{""close"": 14100, ""high"": 14100, ""low"": 14100, ""minute"": ""14:45"", ""open"": 14100, ""provider_time"": ""14:45:00"", ""volume"": 1616200}",73645900,14:29,14050,14:29:59,0,VIX,2026-08-25,14:45,14100,14.1,1616200,True,True
CONFIRMED_INFERRED_BOUNDARY,[],14:45,14350,14.35,2282300,True,True,True,True,CROSS_PROVIDER_BOUNDARY_CONFIRMED_V1,INFERRED_BOUNDARY,SSI_REST,226,14:45,14350,14:45:00,2282300,"[{""close"": 14350, ""high"": 14350, ""low"": 14350, ""minute"": ""14:45"", ""open"": 14350, ""provider_time"": ""14:45:00"", ""volume"": 2282300}]",True,47791100,"{""close"": 14350, ""high"": 14350, ""low"": 14350, ""minute"": ""14:45"", ""open"": 14350, ""provider_time"": ""14:45:00"", ""volume"": 2282300}",47791100,14:29,14300,14:29:59,0,VIX,2026-08-26,14:45,14350,14.35,2282300,True,True
CONFIRMED_INFERRED_BOUNDARY,[],14:45,14250,14.25,1821600,True,True,True,True,CROSS_PROVIDER_BOUNDARY_CONFIRMED_V1,INFERRED_BOUNDARY,SSI_REST,226,14:45,14250,14:45:00,1821600,"[{""close"": 14250, ""high"": 14250, ""low"": 14250, ""minute"": ""14:45"", ""open"": 14250, ""provider_time"": ""14:45:00"", ""volume"": 1821600}]",True,36685200,"{""close"": 14250, ""high"": 14250, ""low"": 14250, ""minute"": ""14:45"", ""open"": 14250, ""provider_time"": ""14:45:00"", ""volume"": 1821600}",36685200,14:29,14300,14:29:59,0,VIX,2026-08-27,14:45,14250,14.25,1821600,True,True
CONFIRMED_INFERRED_BOUNDARY,[],14:45,14100,14.1,2623700,True,True,True,True,CROSS_PROVIDER_BOUNDARY_CONFIRMED_V1,INFERRED_BOUNDARY,SSI_REST,226,14:45,14100,14:45:00,2623700,"[{""close"": 14100, ""high"": 14100, ""low"": 14100, ""minute"": ""14:45"", ""open"": 14100, ""provider_time"": ""14:45:00"", ""volume"": 2623700}]",True,42410400,"{""close"": 14100, ""high"": 14100, ""low"": 14100, ""minute"": ""14:45"", ""open"": 14100, ""provider_time"": ""14:45:00"", ""volume"": 2623700}",42410400,14:29,14150,14:29:59,0,VIX,2026-08-28,14:45,14100,14.1,2623700,True,True
CONFIRMED_INFERRED_BOUNDARY,[],14:45,14050,14.05,1569900,True,True,True,True,CROSS_PROVIDER_BOUNDARY_CONFIRMED_V1,INFERRED_BOUNDARY,SSI_REST,226,14:45,14050,14:45:00,1569900,"[{""close"": 14050, ""high"": 14050, ""low"": 14050, ""minute"": ""14:45"", ""open"": 14050, ""provider_time"": ""14:45:00"", ""volume"": 1569900}]",True,31224900,"{""close"": 14050, ""high"": 14050, ""low"": 14050, ""minute"": ""14:45"", ""open"": 14050, ""provider_time"": ""14:45:00"", ""volume"": 1569900}",31224900,14:29,14100,14:29:58,0,VIX,2026-09-03,14:45,14050,14.05,1569900,True,True
CONFIRMED_INFERRED_BOUNDARY,[],14:45,14000,14,2859700,True,True,True,True,CROSS_PROVIDER_BOUNDARY_CONFIRMED_V1,INFERRED_BOUNDARY,SSI_REST,226,14:45,14000,14:45:00,2859700,"[{""close"": 14000, ""high"": 14000, ""low"": 14000, ""minute"": ""14:45"", ""open"": 14000, ""provider_time"": ""14:45:00"", ""volume"": 2859700}]",True,31846300,"{""close"": 14000, ""high"": 14000, ""low"": 14000, ""minute"": ""14:45"", ""open"": 14000, ""provider_time"": ""14:45:00"", ""volume"": 2859700}",31846300,14:29,14050,14:29:59,0,VIX,2026-09-04,14:45,14000,14,2859700,True,True
CONFIRMED_INFERRED_BOUNDARY,[],14:45,13600,13.6,3078500,True,True,True,True,CROSS_PROVIDER_BOUNDARY_CONFIRMED_V1,INFERRED_BOUNDARY,SSI_REST,226,14:45,13600,14:45:00,3078500,"[{""close"": 13600, ""high"": 13600, ""low"": 13600, ""minute"": ""14:45"", ""open"": 13600, ""provider_time"": ""14:45:00"", ""volume"": 3078500}]",True,50526200,"{""close"": 13600, ""high"": 13600, ""low"": 13600, ""minute"": ""14:45"", ""open"": 13600, ""provider_time"": ""14:45:00"", ""volume"": 3078500}",50526200,14:29,13650,14:29:59,0,VIX,2026-09-07,14:45,13600,13.6,3078500,True,True
CONFIRMED_INFERRED_BOUNDARY,[],14:45,13750,13.75,921000,True,True,True,True,CROSS_PROVIDER_BOUNDARY_CONFIRMED_V1,INFERRED_BOUNDARY,SSI_REST,226,14:45,13750,14:45:00,921000,"[{""close"": 13750, ""high"": 13750, ""low"": 13750, ""minute"": ""14:45"", ""open"": 13750, ""provider_time"": ""14:45:00"", ""volume"": 921000}]",True,40291200,"{""close"": 13750, ""high"": 13750, ""low"": 13750, ""minute"": ""14:45"", ""open"": 13750, ""provider_time"": ""14:45:00"", ""volume"": 921000}",40291200,14:29,13750,14:29:59,0,VIX,2026-09-08,14:45,13750,13.75,921000,True,True
CONFIRMED_INFERRED_BOUNDARY,[],14:45,13600,13.6,1823000,True,True,True,True,CROSS_PROVIDER_BOUNDARY_CONFIRMED_V1,INFERRED_BOUNDARY,SSI_REST,226,14:45,13600,14:45:00,1823000,"[{""close"": 13600, ""high"": 13600, ""low"": 13600, ""minute"": ""14:45"", ""open"": 13600, ""provider_time"": ""14:45:00"", ""volume"": 1823000}]",True,35706800,"{""close"": 13600, ""high"": 13600, ""low"": 13600, ""minute"": ""14:45"", ""open"": 13600, ""provider_time"": ""14:45:00"", ""volume"": 1823000}",35706800,14:29,13700,14:29:59,0,VIX,2026-09-09,14:45,13600,13.6,1823000,True,True
CONFIRMED_INFERRED_BOUNDARY,[],14:45,13800,13.8,877600,True,True,True,True,CROSS_PROVIDER_BOUNDARY_CONFIRMED_V1,INFERRED_BOUNDARY,SSI_REST,226,14:45,13800,14:45:00,877600,"[{""close"": 13800, ""high"": 13800, ""low"": 13800, ""minute"": ""14:45"", ""open"": 13800, ""provider_time"": ""14:45:00"", ""volume"": 877600}]",True,25599500,"{""close"": 13800, ""high"": 13800, ""low"": 13800, ""minute"": ""14:45"", ""open"": 13800, ""provider_time"": ""14:45:00"", ""volume"": 877600}",25599500,14:29,13800,14:29:55,0,VIX,2026-09-10,14:45,13800,13.8,877600,True,True
CONFIRMED_INFERRED_BOUNDARY,[],14:45,13250,13.25,3259900,True,True,True,True,CROSS_PROVIDER_BOUNDARY_CONFIRMED_V1,INFERRED_BOUNDARY,SSI_REST,226,14:45,13250,14:45:00,3259900,"[{""close"": 13250, ""high"": 13250, ""low"": 13250, ""minute"": ""14:45"", ""open"": 13250, ""provider_time"": ""14:45:00"", ""volume"": 3259900}]",True,39176700,"{""close"": 13250, ""high"": 13250, ""low"": 13250, ""minute"": ""14:45"", ""open"": 13250, ""provider_time"": ""14:45:00"", ""volume"": 3259900}",39176700,14:29,13300,14:29:59,0,VIX,2026-09-11,14:45,13250,13.25,3259900,True,True
CONFIRMED_INFERRED_BOUNDARY,[],14:45,12600,12.6,4143500,True,True,True,True,CROSS_PROVIDER_BOUNDARY_CONFIRMED_V1,INFERRED_BOUNDARY,SSI_REST,226,14:45,12600,14:45:00,4143500,"[{""close"": 12600, ""high"": 12600, ""low"": 12600, ""minute"": ""14:45"", ""open"": 12600, ""provider_time"": ""14:45:00"", ""volume"": 4143500}]",True,82875800,"{""close"": 12600, ""high"": 12600, ""low"": 12600, ""minute"": ""14:45"", ""open"": 12600, ""provider_time"": ""14:45:00"", ""volume"": 4143500}",82875800,14:29,12800,14:29:59,0,VIX,2026-09-14,14:45,12600,12.6,4143500,True,True
CONFIRMED_INFERRED_BOUNDARY,[],14:45,12900,12.9,5118500,True,True,True,True,CROSS_PROVIDER_BOUNDARY_CONFIRMED_V1,INFERRED_BOUNDARY,SSI_REST,226,14:45,12900,14:45:00,5118500,"[{""close"": 12900, ""high"": 12900, ""low"": 12900, ""minute"": ""14:45"", ""open"": 12900, ""provider_time"": ""14:45:00"", ""volume"": 5118500}]",True,32852700,"{""close"": 12900, ""high"": 12900, ""low"": 12900, ""minute"": ""14:45"", ""open"": 12900, ""provider_time"": ""14:45:00"", ""volume"": 5118500}",32852700,14:29,13300,14:29:59,0,VIX,2026-09-15,14:45,12900,12.9,5118500,True,True
CONFIRMED_INFERRED_BOUNDARY,[],14:45,12650,12.65,6264100,True,True,True,True,CROSS_PROVIDER_BOUNDARY_CONFIRMED_V1,INFERRED_BOUNDARY,SSI_REST,226,14:45,12650,14:45:00,6264100,"[{""close"": 12650, ""high"": 12650, ""low"": 12650, ""minute"": ""14:45"", ""open"": 12650, ""provider_time"": ""14:45:00"", ""volume"": 6264100}]",True,24790400,"{""close"": 12650, ""high"": 12650, ""low"": 12650, ""minute"": ""14:45"", ""open"": 12650, ""provider_time"": ""14:45:00"", ""volume"": 6264100}",24790400,14:29,12750,14:29:59,0,VIX,2026-09-16,14:45,12650,12.65,6264100,True,True
CONFIRMED_INFERRED_BOUNDARY,[],14:45,12850,12.85,6164000,True,True,True,True,CROSS_PROVIDER_BOUNDARY_CONFIRMED_V1,INFERRED_BOUNDARY,SSI_REST,226,14:45,12850,14:45:00,6164000,"[{""close"": 12850, ""high"": 12850, ""low"": 12850, ""minute"": ""14:45"", ""open"": 12850, ""provider_time"": ""14:45:00"", ""volume"": 6164000}]",True,39173300,"{""close"": 12850, ""high"": 12850, ""low"": 12850, ""minute"": ""14:45"", ""open"": 12850, ""provider_time"": ""14:45:00"", ""volume"": 6164000}",39173300,14:29,12950,14:29:52,0,VIX,2026-09-17,14:45,12850,12.85,6164000,True,True
