symbol,exchange,organ_name,en_organ_name,type,id
ADC,HNX,CTCP Mỹ thuật và Truyền thông,Art Design and Communication Joint Stock Company,STOCK,1
AME,HNX,CTCP Alphanam E&C,Alphanam E&C Joint Stock Company,STOCK,1
AMV,HNX,CTCP Sản xuất Kinh doanh Dược và Trang thiết bị Y tế Việt Mỹ,American Vietnamese Biotech Incorporation,STOCK,1
API,HNX,CTCP Đầu tư Châu Á - Thái Bình Dương,Asia - Pacific Investment Joint Stock Company,STOCK,1
APS,HNX,CTCP Chứng khoán Châu Á Thái Bình Dương,Asia - Pacific Securities Joint Stock Company ,STOCK,1
ATS,HNX,CTCP Tập đoàn Đầu tư ATS,ATS Investment Group Joint Stock Company,STOCK,1
BAB,HNX,Ngân hàng TMCP Bắc Á,Bac A Commercial Joint Stock Bank,STOCK,1
BCC,HNX,CTCP Xi măng Bỉm Sơn,Bim Son Cement Joint Stock Company,STOCK,1
BCF,HNX,CTCP Thực phẩm Bích Chi,Bich Chi Food Company,STOCK,1
BKC,HNX,CTCP Khoáng sản Bắc Kạn,Bac Kan Mineral Joint Stock Corporation,STOCK,1
BNA,HNX,CTCP Tập đoàn Đầu tư Bảo Ngọc,Bao Ngoc Investment Group Joint Stock Company,STOCK,1
BTS,HNX,CTCP Xi măng VICEM Bút Sơn,Vicem But Son Cement Joint Stock Company,STOCK,1
BTW,HNX,CTCP Cấp nước Bến Thành,Ben Thanh Water Supply Joint Stock Company,STOCK,1
BVS,HNX,CTCP Chứng khoán Bảo Việt,Baoviet Securities Company,STOCK,1
C69,HNX,CTCP Xây dựng 1369,1369 Construction Joint Stock Company,STOCK,1
CAR,HNX,CTCP Tập đoàn Giáo dục Trí Việt,Tri Viet Education Group Joint Stock Company,STOCK,1
CCR,HNX,CTCP Cảng Cam Ranh,Cam Ranh Port Joint Stock Company,STOCK,1
CDN,HNX,CTCP Cảng Đà Nẵng,Danang Port Joint Stock Company,STOCK,1
CEO,HNX,CTCP Tập đoàn C.E.O,C.E.O Group Joint Stock Company,STOCK,1
CMS,HNX,CTCP Tập Đoàn CMH Việt Nam,CMH Viet Nam Group Joint Stock Company,STOCK,1
CSC,HNX,CTCP Tập đoàn Cotana,Cotana Group Joint Stock Company,STOCK,1
CST,HNX,CTCP Than Cao Sơn - TKV,Cao Son Coal Joint Stock Company,STOCK,1
DC2,HNX,CTCP Đầu tư Phát triển - Xây dựng (DIC) số 2,Development Investment Construction Number 2 Joint Stock Company,STOCK,1
DHT,HNX,CTCP Dược phẩm Hà Tây,Ha Tay Pharmaceutical Joint Stock Company,STOCK,1
DL1,HNX,CTCP Tập đoàn Alpha Seven,Alpha Seven Group Joint Stock Company,STOCK,1
DNP,HNX,CTCP DNP Holding,DNP Holding Joint Stock Company,STOCK,1
DP3,HNX,CTCP Dược phẩm Trung ương 3,Central Pharmaceutical Joint Stock Company No 3,STOCK,1
DST,HNX,CTCP Đầu tư Sao Thăng Long,Sao Thang Long Investment Joint Stock Company,STOCK,1
DTD,HNX,CTCP Đầu tư Phát triển Thành Đạt,Thanh Dat Investment Development Joint Stock Company,STOCK,1
DTK,HNX,Tổng Công ty Điện lực TKV - CTCP,Vinacomin - Power Holding Corporation,STOCK,1
DVM,HNX,CTCP Dược liệu Việt Nam,Vietnam Medicinal Materials Joint Stock Company,STOCK,1
DXP,HNX,CTCP Cảng Đoạn Xá,DoanXa Port Joint Stock Company,STOCK,1
EVS,HNX,CTCP Chứng khoán EVS,EVS Securities Joint Stock Company,STOCK,1
FID,HNX,CTCP Đầu tư và Phát triển Doanh nghiệp Việt Nam,Vietnam Enterprise Investment and Development Joint Stock Company,STOCK,1
GIC,HNX,CTCP VSC Green Logistics,VSC Green Logistics Joint Stock Company,STOCK,1
GKM,HNX,CTCP GKM Holdings,GKM Holdings Joint Stock Company,STOCK,1
HBS,HNX,CTCP Chứng khoán Hòa Bình,Hoa Binh Securities Joint Stock Company,STOCK,1
HDA,HNX,CTCP Hãng sơn Đông Á,Dong A Paint Joint Stock Company,STOCK,1
HJS,HNX,CTCP Thủy điện Nậm Mu,Nam Mu Hydropower Joint Stock Company,STOCK,1
HLC,HNX,CTCP Than Hà Lầm - Vinacomin,Vinacomin - Ha Lam Coal Joint Stock Company,STOCK,1
HLD,HNX,CTCP Đầu tư và Phát triển Bất động sản Hudland,HUDLAND Real Estate Investment and Development Joint Stock Company,STOCK,1
HOM,HNX,CTCP Xi măng VICEM Hoàng Mai,VICEM Hoang Mai Cement Joint Stock Company,STOCK,1
HUT,HNX,CTCP Tasco,Tasco Joint Stock Company,STOCK,1
HVT,HNX,CTCP Hóa chất Việt Trì,Viet Tri Chemical Joint Stock Company,STOCK,1
IDC,HNX,Tổng Công ty IDICO - CTCP,IDICO Corporation - JSC,STOCK,1
IDJ,HNX,CTCP Đầu tư IDJ Việt Nam,IDJ Vietnam Investment Joint Stock Company,STOCK,1
IDV,HNX,CTCP Phát triển Hạ tầng Vĩnh Phúc,Vinh Phuc Infrastructure Development Joint Stock Company,STOCK,1
INN,HNX,CTCP Bao bì và In Nông nghiệp,Agriculture Printing and Packaging Joint Stock Company,STOCK,1
IPA,HNX,CTCP Tập đoàn Đầu tư I.P.A,I.P.A Investments Group Joint Stock Company,STOCK,1
ITQ,HNX,CTCP Tập đoàn Thiên Quang,Thien Quang Group Joint Stock Company,STOCK,1
IVS,HNX,CTCP Chứng khoán Guotai Haitong (Việt Nam),Guotai Haitong Securities (Vietnam) Corp.,STOCK,1
KSF,HNX,CTCP Tập đoàn Sunshine,Sunshine Group Joint Stock Company,STOCK,1
KSV,HNX,Tổng Công ty Khoáng sản TKV - CTCP,Vinacomin - Minerals Holding Corporation,STOCK,1
L14,HNX,CTCP Licogi 14,Licogi 14 Joint Stock Company,STOCK,1
L18,HNX,CTCP Đầu tư và Xây dựng Số 18,Construction and Investment Joint Stock Company No 18,STOCK,1
LAS,HNX,CTCP Supe Phốt phát và Hóa chất Lâm Thao,Lam Thao Fertilizers and Chemicals Joint Stock Company,STOCK,1
LBE,HNX,CTCP Thương mại và Dịch vụ LVA,LVA Trading and Services Joint Stock Company,STOCK,1
LDP,HNX,CTCP Dược Lâm Đồng (Ladophar),Lam Dong Pharmaceutical Joint Stock Company,STOCK,1
LHC,HNX,CTCP Đầu tư và Xây dựng Thủy lợi Lâm Đồng,Lam Dong Investment and Hydraulic Construction Joint - Stock Company,STOCK,1
LIG,HNX,CTCP Licogi 13,Licogi 13 Joint Stock Company,STOCK,1
MAC,HNX,CTCP Tập đoàn Macstar,Macstar Group Corporation,STOCK,1
MBG,HNX,CTCP Tập đoàn MBG,MBG Group Joint Stock Company,STOCK,1
MBS,HNX,CTCP Chứng khoán MB,MB Securities Joint Stock Company,STOCK,1
MDC,HNX,CTCP Than Mông Dương - Vinacomin,Vinacomin - Mong Duong Coal Joint Stock Company,STOCK,1
MST,HNX,CTCP Đầu tư MST,MST Investment Joint Stock Company,STOCK,1
MVB,HNX,Tổng Công ty Công nghiệp mỏ Việt Bắc TKV - CTCP,Vinacomin - Viet Bac Mining Industry Holding Corporation,STOCK,1
NAG,HNX,CTCP Tập đoàn Nagakawa,Nagakawa Group Joint Stock Company,STOCK,1
NAP,HNX,CTCP Cảng Nghệ Tĩnh,Nghe Tinh Port Joint Stock Company,STOCK,1
NBC,HNX,CTCP Than Núi Béo - Vinacomin,Vinacomin NuiBeo Coal Joint Stock Company,STOCK,1
NDN,HNX,CTCP Đầu tư Phát triển Nhà Đà Nẵng,Danang Housing Investment Development Joint Stock Company,STOCK,1
NET,HNX,CTCP Bột giặt NET,NET Detergent Joint Stock Company,STOCK,1
NRC,HNX,CTCP Tập đoàn Bất động sản Quốc gia,National Realty Corporation Joint Stock Company,STOCK,1
NSH,HNX,CTCP Tập Đoàn Nhôm Sông Hồng Shalumi,Song Hong Aluminum Shalumi Group Joint Stock Company,STOCK,1
NTP,HNX,CTCP Nhựa Thiếu niên Tiền Phong,Tien Phong Plastic Joint Stock Company ,STOCK,1
NVB,HNX,Ngân hàng TMCP Quốc Dân,National Citizen Commercial Joint Stock Bank,STOCK,1
OCH,HNX,CTCP One Capital Hospitality,One Capital Hospitality Joint Stock Company,STOCK,1
PBP,HNX,CTCP Bao bì Dầu khí Việt Nam,PetroVietnam Packaging Joint Stock Company,STOCK,1
PCH,HNX,CTCP Picomat Holding,Picomat Holding Joint Stock Company,STOCK,1
PCT,HNX,CTCP Vận tải biển Global Pacific,Global Pacific Shipping Joint Stock Company,STOCK,1
PGN,HNX,CTCP Phụ Gia Nhựa,Plastic Additives Joint Stock Company,STOCK,1
PGS,HNX,CTCP Kinh doanh Khí Miền Nam,Southern Gas Trading Joint Stock Company,STOCK,1
PIC,HNX,CTCP Đầu tư Điện lực 3,PC3 - Investment Joint Stock Company ,STOCK,1
PLC,HNX,Tổng Công ty Hóa dầu Petrolimex - CTCP,Petrolimex Petrochemical Corporation - JSC,STOCK,1
PRE,HNX,Tổng Công ty cổ phần Tái bảo hiểm Hà Nội,Hanoi Reinsurance Joint Stock Corporation,STOCK,1
PSD,HNX,CTCP Dịch vụ Phân phối Tổng hợp Dầu khí,Petroleum General Distribution Services Joint Stock Company,STOCK,1
PSI,HNX,CTCP Chứng khoán Dầu khí,PetroVietnam Securities Joint Stock Company,STOCK,1
PTI,HNX,Tổng Công ty cổ phần Bảo hiểm Bưu điện,Post - Telecommunication Joint - Stock Insurance Corporation,STOCK,1
PV2,HNX,CTCP Genea Capital,Genea Capital Joint Stock Company,STOCK,1
PVB,HNX,CTCP Bọc ống Dầu khí Việt Nam,PetroVietnam Coating Joint Stock Company,STOCK,1
PVC,HNX,Tổng Công ty Hóa chất và Dịch vụ Dầu khí - CTCP,PetroVietnam Chemical and Services Joint Stock Corporation,STOCK,1
PVG,HNX,CTCP Kinh doanh LPG Việt Nam,Petro VietNam LPG Joint Stock Company,STOCK,1
PVI,HNX,CTCP PVI,PVI Holdings,STOCK,1
PVS,HNX,Tổng Công ty cổ phần Dịch vụ Kỹ thuật Dầu khí Việt Nam,PetroVietnam Technical Services Corporation,STOCK,1
RCL,HNX,CTCP Địa ốc Chợ Lớn,Cho Lon Real Estate Joint Stock Company,STOCK,1
S99,HNX,CTCP SCI,SCI Joint Stock Company,STOCK,1
SCG,HNX,CTCP Tập đoàn Xây dựng SCG,SCG Construction Group Joint Stock Company,STOCK,1
SCI,HNX,CTCP SCI E&C,SCI E&C Joint Stock Company,STOCK,1
SD5,HNX,CTCP Sông Đà 5,Song Da No5 Joint-Stock Company,STOCK,1
SD9,HNX,CTCP Sông Đà 9,Song Da No 9 Joint Stock Company,STOCK,1
SEB,HNX,CTCP Đầu tư và Phát triển Điện Miền Trung,Mien Trung Power Investment and Development Joint Stock Company,STOCK,1
SHN,HNX,CTCP Đầu tư Tổng hợp Hà Nội,Ha Noi Investment General Corporation,STOCK,1
SHS,HNX,CTCP Chứng khoán Sài Gòn - Hà Nội,Saigon - Hanoi Securities Joint Stock Company,STOCK,1
SJ1,HNX,CTCP Nông nghiệp Hùng Hậu,Hung Hau Agricultural Corporation,STOCK,1
SJE,HNX,CTCP Sông Đà 11,Song Da No 11 Joint Stock Company,STOCK,1
SLS,HNX,CTCP Mía Đường Sơn La,Son La Sugar Joint Stock Company,STOCK,1
SRA,HNX,CTCP Sara Việt Nam,Sara Vietnam Joint Stock Company,STOCK,1
SVN,HNX,CTCP Tập đoàn Vexilla Việt Nam,Vexilla Viet Nam Group Joint Stock Company,STOCK,1
SZB,HNX,CTCP Sonadezi Long Bình,Sonadezi Long Binh Share Holding Company,STOCK,1
TA9,HNX,CTCP Xây lắp Thành An 96,Thanh An 96 Installation and Construction Joint Stock Company,STOCK,1
TD6,HNX,CTCP Than Đèo Nai - Cọc Sáu - TKV,Deo Nai - Coc Sau - TKV Coal Joint Stock Company,STOCK,1
TDT,HNX,CTCP Đầu tư và Phát triển TDT,TDT Investment and Development Joint Stock Company,STOCK,1
THD,HNX,CTCP Thaiholdings,Thaiholdings Joint Stock Company,STOCK,1
THT,HNX,CTCP Than Hà Tu - Vinacomin,Vinacomin - Ha Tu Coal Joint Stock Company,STOCK,1
TIG,HNX,CTCP Tập đoàn Đầu tư Thăng Long,Thang Long Investment Group Joint Stock Company,STOCK,1
TNG,HNX,CTCP Đầu tư và Thương mại TNG,TNG Investment and Trading Joint Stock Company,STOCK,1
TPP,HNX,CTCP Tân Phú Việt Nam,Tan Phu Viet Nam Joint Stock Company,STOCK,1
TSB,HNX,CTCP Ắc quy Tia Sáng,Tia Sang Battery Joint Stock Company,STOCK,1
TTH,HNX,CTCP Thương mại và Dịch vụ Tiến Thành,Tien Thanh Service and Trading Joint Stock Company,STOCK,1
TTL,HNX,Tổng Công ty Thăng Long - CTCP,Thang Long Joint Stock Corporation,STOCK,1
TVC,HNX,CTCP Tập đoàn Quản lý tài sản T-Corp,T-Corp Asset Management Corporation Joint Stock Company,STOCK,1
TVD,HNX,CTCP Than Vàng Danh - Vinacomin,Vinacomin - Vang Danh Coal Joint Stock Company,STOCK,1
TXM,HNX,CTCP VICEM Thạch cao Xi măng,VICEM Gypsum And Cement Joint Stock Company,STOCK,1
UNI,HNX,CTCP Đầu Tư Và Phát Triển Sao Mai Việt,Sao Mai Viet Investment And Development Joint Stock Company,STOCK,1
VC2,HNX,CTCP Đầu tư và Xây dựng Vina2,VINA2 Investment and Construction Joint Stock Company,STOCK,1
VC3,HNX,CTCP Tập đoàn Nam Mê Kông,Nam MeKong Group Joint Stock Company,STOCK,1
VC7,HNX,CTCP Tập đoàn BGI,BGI Group Joint Stock Company,STOCK,1
VCC,HNX,CTCP Vinaconex 25,Vinaconex 25 Joint Stock Company,STOCK,1
VCS,HNX,CTCP Vicostone,Vicostone Joint Stock Company,STOCK,1
VE3,HNX,CTCP Xây dựng Điện VNECO 3,VNECO 3 Electricity Construction Joint Stock Company,STOCK,1
VFS,HNX,CTCP Chứng khoán Nhất Việt,Viet First Securities Corporation,STOCK,1
VGS,HNX,CTCP Ống thép Việt - Đức VG PIPE,Vietnam Germany Steel Pipe Joint Stock Company,STOCK,1
VHE,HNX,CTCP Dược liệu và Thực phẩm Việt Nam,Vietnam Herbs and Foods Joint Stock Company,STOCK,1
VHL,HNX,CTCP Viglacera Hạ Long,Viglacera Ha Long Joint Stock Company,STOCK,1
VIF,HNX,Tổng Công ty Lâm nghiệp Việt Nam - CTCP,Viet Nam Forestry Corporation Joint Stock Company,STOCK,1
VIG,HNX,CTCP Chứng khoán Đầu tư tài chính Việt Nam,Viet Nam Financial Investment Securities Corporation,STOCK,1
VIT,HNX,CTCP Viglacera Tiên Sơn,Viglacera Tien Son Joint Stock Company,STOCK,1
VMC,HNX,CTCP Vimeco,Vimeco Joint Stock Company,STOCK,1
VNC,HNX,CTCP Tập đoàn Vinacontrol,Vinacontrol Group Corporation,STOCK,1
VNF,HNX,CTCP Vinafreight,Vinafreight Joint Stock Company,STOCK,1
VNR,HNX,Tổng Công ty cổ phần Tái Bảo hiểm Quốc gia Việt Nam,Vietnam National Reinsurance Corporation,STOCK,1
VTV,HNX,CTCP Năng lượng và Môi trường VICEM,VICEM Energy And Environment Joint Stock Company,STOCK,1
VTZ,HNX,CTCP Sản xuất và Thương mại Nhựa Việt Thành,Viet Thanh Plastic Trading And Manufacturing Joint Stock Company,STOCK,1
WSS,HNX,CTCP Chứng khoán Phố Wall,Wall Street Securities Company,STOCK,1
AAA,HOSE,CTCP Nhựa An Phát Xanh,An Phat Bioplastics Joint Stock Company,STOCK,1
AAM,HOSE,CTCP Thủy sản MeKong,Mekong Fisheries Joint Stock Company,STOCK,1
AAT,HOSE,CTCP Tập Đoàn Tiên Sơn Thanh Hóa ,Tien Son Thanh Hoa Group Joint Stock Company,STOCK,1
ABS,HOSE,CTCP Dịch vụ Nông nghiệp Bình Thuận,BinhThuan Agriculture Services Joint Stock Company,STOCK,1
ACB,HOSE,Ngân hàng TMCP Á Châu,Asia Commercial Joint Stock Bank,STOCK,1
ACC,HOSE,CTCP Đầu tư và Xây dựng Bình Dương ACC,ACC Binh Duong Investment and Construction Joint Stock Company,STOCK,1
ACG,HOSE,CTCP Gỗ An Cường,An Cuong Wood - Working Joint Stock Company,STOCK,1
ACL,HOSE,CTCP Xuất nhập khẩu Thủy sản Cửu Long An Giang,Cuu Long Fish Joint Stock Company,STOCK,1
ADG,HOSE,CTCP Clever Group,Clever Group Corporation,STOCK,1
ADP,HOSE,CTCP Sơn Á Đông,A Dong Paint Stock Company,STOCK,1
ADS,HOSE,CTCP Damsan,Damsan Joint Stock Company,STOCK,1
AFX,HOSE,CTCP Xuất nhập khẩu Nông sản Thực phẩm An Giang,An Giang Agriculture and Foods Import - Export Joint Stock Company,STOCK,1
AGG,HOSE,CTCP Đầu tư và Phát triển Bất động sản An Gia,An Gia Real Estate Investment and Development Corporation,STOCK,1
AGR,HOSE,CTCP Chứng khoán Agribank,Agribank Securities Corporation,STOCK,1
ANV,HOSE,CTCP Nam Việt,Nam Viet Corporation,STOCK,1
APG,HOSE,CTCP Chứng khoán APG,APG Securities Joint Stock Company,STOCK,1
APH,HOSE,CTCP Tập đoàn An Phát Holdings,An Phat Holdings Joint Stock Company,STOCK,1
ASG,HOSE,CTCP Tập đoàn ASG,ASG Corporation,STOCK,1
ASM,HOSE,CTCP Tập đoàn Sao Mai,Sao Mai Group Corporation,STOCK,1
ASP,HOSE,CTCP Tập đoàn Dầu khí An Pha,An Pha Petrol Joint Stock Company,STOCK,1
AST,HOSE,CTCP Dịch vụ Hàng không Taseco,Taseco Air Services Joint Stock Company,STOCK,1
BAF,HOSE,CTCP Nông nghiệp BAF Việt Nam,BAF Viet Nam Agriculture Joint Stock Company,STOCK,1
BCE,HOSE,CTCP Xây dựng và Giao thông Bình Dương,Becamex Construction & Civil Engineering Joint Stock Company,STOCK,1
BCM,HOSE,Tập đoàn Đầu tư và Phát triển Công nghiệp Becamex - CTCP,Becamex Investment And Industrial Development Group,STOCK,1
BFC,HOSE,CTCP Phân bón Bình Điền,Binh Dien Fertilizer Joint Stock Company,STOCK,1
BHN,HOSE,Tổng Công ty cổ phần Bia - Rượu - Nước giải khát Hà Nội,Hanoi Beer Alcohol and Beverage Joint Stock Corporation,STOCK,1
BIC,HOSE,Tổng Công ty cổ phần Bảo hiểm Ngân hàng Đầu tư và Phát triển Việt Nam,BIDV Insurance Corporation,STOCK,1
BID,HOSE,Ngân hàng TMCP Đầu tư và Phát triển Việt Nam,Joint Stock Commercial Bank for Investment and Development of Vietnam,STOCK,1
BKG,HOSE,CTCP Đầu tư BKG Việt Nam,BKG Viet Nam Investment Joint Stock Company,STOCK,1
BMI,HOSE,Tổng Công ty cổ phần Bảo Minh,Bao Minh Insurance Corporation,STOCK,1
BMP,HOSE,CTCP Nhựa Bình Minh,Binh Minh Plastics Joint Stock Company,STOCK,1
BSI,HOSE,CTCP Chứng khoán BIDV,BIDV Securities Joint Stock Company,STOCK,1
BSR,HOSE,CTCP - Tổng Công ty Lọc hóa dầu Việt Nam,Petrovietnam Refining And Petrochemical Corporation,STOCK,1
BTP,HOSE,CTCP Nhiệt điện Bà Rịa,BaRia Thermal Power Joint Stock Company,STOCK,1
BVB,HOSE,Ngân hàng TMCP Bản Việt,Viet Capital Commercial Joint Stock Bank,STOCK,1
BVH,HOSE,Tập đoàn Bảo Việt,BaoViet Holdings,STOCK,1
BWE,HOSE,CTCP - Tổng công ty nước - môi trường Bình Dương,Binh Duong Water - Environment Corporation - Joint Stock Company,STOCK,1
C32,HOSE,CTCP Đầu tư và Xây dựng 3-2,3-2 Investment and Construction Joint Stock Company,STOCK,1
C47,HOSE,CTCP Xây dựng 47,Construction Joint Stock Company 47,STOCK,1
CCC,HOSE,CTCP Xây dựng CDC,CDC Construction Joint Stock Company,STOCK,1
CCL,HOSE,CTCP Đầu tư và Phát triển Đô thị Dầu khí Cửu Long,Cuu Long Petro Urban Development and Investment Corporation,STOCK,1
CDC,HOSE,CTCP Chương Dương,Chuong Duong Corporation,STOCK,1
CHP,HOSE,CTCP Thủy điện Miền Trung,Central Hydropower Joint Stock Company,STOCK,1
CIG,HOSE,CTCP COMA 18,COMA 18 Joint Stock Company,STOCK,1
CII,HOSE,CTCP Đầu tư Hạ tầng Kỹ thuật Thành phố Hồ Chí Minh,Ho Chi Minh City Infrastructure Investment Joint Stock Company,STOCK,1
CKG,HOSE,CTCP Tập đoàn CIC,CIC Group Joint Stock Company,STOCK,1
CLC,HOSE,CTCP Cát Lợi,Cat Loi Joint Stock Company,STOCK,1
CLL,HOSE,CTCP Cảng Cát Lái,Cat Lai Port Joint Stock Company,STOCK,1
CMG,HOSE,CTCP Tập đoàn Công nghệ CMC,CMC Corporation,STOCK,1
CMX,HOSE,CTCP Camimex Group,Camimex Group Joint Stock Company,STOCK,1
CNG,HOSE,CTCP CNG Việt Nam,CNG Viet Nam Joint Stock Company,STOCK,1
CRC,HOSE,CTCP Create Capital Việt Nam,Create Capital Viet Nam Joint Stock Company ,STOCK,1
CRE,HOSE,CTCP Bất động sản Thế Kỷ,Century Land Joint Stock Company,STOCK,1
CSM,HOSE,CTCP Công nghiệp Cao su Miền Nam,The Southern Rubber Industry Joint Stock Company,STOCK,1
CSV,HOSE,CTCP Hóa chất Cơ bản Miền Nam,South Basic Chemicals Joint Stock Company,STOCK,1
CTD,HOSE,CTCP Xây dựng Coteccons,Coteccons Construction Joint Stock Company,STOCK,1
CTF,HOSE,CTCP City Auto,City Auto Corporation,STOCK,1
CTG,HOSE,Ngân hàng TMCP Công Thương Việt Nam,Vietnam Joint Stock Commercial Bank For Industry And Trade,STOCK,1
CTI,HOSE,CTCP Đầu tư Phát triển Cường Thuận IDICO,Cuong Thuan IDICO Development Investment Corporation,STOCK,1
CTR,HOSE,Tổng Công ty cổ phần Công trình Viettel,Viettel Construction Joint Stock Corporation,STOCK,1
CTS,HOSE,CTCP Chứng khoán VietinBank,VietinBank Securities Joint Stock Company,STOCK,1
CVT,HOSE,CTCP CMC,CMC Joint Stock Company,STOCK,1
D2D,HOSE,CTCP Phát triển Đô thị Công nghiệp số 2,Industrial Urban Development Joint - Stock Company No 2,STOCK,1
DAH,HOSE,CTCP Tập đoàn Khách sạn Đông Á,Dong A Hotel Group Joint Stock Company,STOCK,1
DAT,HOSE,CTCP Đầu tư du lịch và Phát triển Thủy sản,Travel Investment and Seafood Development Corporation,STOCK,1
DBC,HOSE,CTCP Tập đoàn Dabaco Việt Nam,Dabaco Group,STOCK,1
DBD,HOSE,CTCP Dược - Trang thiết bị Y tế Bình Định (Bidiphar),Binh Dinh Pharmaceutical and Medical Equipment Joint Stock Company,STOCK,1
DC4,HOSE,CTCP DICERA Holdings,DICERA Holdings Joint Stock Company,STOCK,1
DCL,HOSE,CTCP Dược phẩm Cửu Long,Cuu Long Pharmaceutical Joint Stock Corporation,STOCK,1
DCM,HOSE,CTCP - Tổng công ty Phân bón Dầu khí Cà Mau,PetroVietnam Ca Mau Fertilizer Joint Stock Company,STOCK,1
DGC,HOSE,CTCP Tập đoàn Hóa chất Đức Giang,DucGiang Chemicals Group Joint Stock Company,STOCK,1
DGW,HOSE,CTCP Thế Giới Số,Digiworld Corp.,STOCK,1
DHA,HOSE,CTCP Hóa An,Hoa An Joint Stock Company,STOCK,1
DHC,HOSE,CTCP Đông Hải Bến Tre,Dong Hai Joint Stock Company of Ben Tre,STOCK,1
DHG,HOSE,CTCP Dược Hậu Giang,DHG Pharmaceutical Joint Stock Company,STOCK,1
DHM,HOSE,CTCP Đầu tư và Thương mại DHM,DHM Investment and Trading Joint Stock Company,STOCK,1
DIG,HOSE,Tổng Công ty cổ phần Đầu tư Phát triển Xây dựng,Development Investment Construction Joint Stock Corporation,STOCK,1
DLG,HOSE,CTCP Tập đoàn Đức Long Gia Lai,Duc Long Gia Lai Group Joint Stock Company,STOCK,1
DMC,HOSE,CTCP Xuất nhập khẩu Y Tế DOMESCO,DOMESCO Medical Import-Export Joint Stock Corporation,STOCK,1
DMX,HOSE,CTCP Đầu tư Điện máy Xanh,Dien May Xanh Investment Joint Stock Company,STOCK,1
DPG,HOSE,CTCP Tập đoàn Đạt Phương,Dat Phuong Group Joint Stock Company,STOCK,1
DPM,HOSE,Tổng công ty Phân bón và Hóa chất Dầu khí - CTCP,Petrovietnam Fertilizer and Chemicals Corporation,STOCK,1
DPR,HOSE,CTCP Cao su Đồng Phú,Dong Phu Rubber Joint Stock Company,STOCK,1
DQC,HOSE,CTCP Tập đoàn Điện Quang,Dien Quang Group Joint Stock Company,STOCK,1
DRC,HOSE,CTCP Cao su Đà Nẵng,Danang Rubber Joint Stock Company,STOCK,1
DRH,HOSE,CTCP DRH Holdings,DRH Holdings JSC,STOCK,1
DSC,HOSE,CTCP Chứng khoán DSC,DSC Securities Corporation,STOCK,1
DSE,HOSE,CTCP Chứng khoán DNSE,DNSE Securities Joint Stock Company,STOCK,1
DTL,HOSE,CTCP Đại Thiên Lộc,Dai Thien Loc Corporation,STOCK,1
DVP,HOSE,CTCP Đầu tư và Phát triển Cảng Đình Vũ,DinhVu Port Investment & Development Joint Stock Company,STOCK,1
DXG,HOSE,CTCP Bluemarq Group,Bluemarq Group Joint Stock Company,STOCK,1
DXS,HOSE,CTCP Dịch vụ Bất động sản Đất Xanh,Dat Xanh Real Estate Services Joint Stock Company,STOCK,1
EIB,HOSE,Ngân hàng TMCP Xuất nhập khẩu Việt Nam,Vietnam Export Import Commercial Joint Stock Bank,STOCK,1
ELC,HOSE,CTCP Công Nghệ - Viễn Thông Elcom,Elcom Technology Communications Corporation,STOCK,1
EVE,HOSE,CTCP Everpia,Everpia Joint Stock Company,STOCK,1
EVF,HOSE,Công ty Tài chính Tổng hợp Cổ phần Điện lực,EVF General Finance Joint Stock Company,STOCK,1
EVG,HOSE,CTCP Tập đoàn EverLand,Everland Group Joint Stock Company,STOCK,1
FCM,HOSE,CTCP Bê tông Phan Vũ Hà Nam,Phan Vu Ha Nam Concrete Joint Stock Company,STOCK,1
FCN,HOSE,CTCP FECON,FECON CORPORATION,STOCK,1
FDC,HOSE,CTCP Ngoại thương và Phát triển Đầu tư Thành phố Hồ Chí Minh,Foreign Trade Development & Investment Corporation of HCMC,STOCK,1
FIR,HOSE,CTCP Địa ốc First Real,First Real Joint Stock Company,STOCK,1
FIT,HOSE,CTCP Tập đoàn F.I.T,F.I.T Group Joint Stock Company,STOCK,1
FMC,HOSE,CTCP Thực phẩm Sao Ta,Sao Ta Foods Joint Stock Company ,STOCK,1
FPT,HOSE,CTCP FPT,FPT Corporation,STOCK,1
FRT,HOSE,CTCP Bán lẻ Kỹ thuật số FPT,FPT Digital Retail Joint Stock Company,STOCK,1
FTS,HOSE,CTCP Chứng khoán FPT,FPT Securities Joint Stock Company,STOCK,1
GAS,HOSE,Tổng Công ty Khí Việt Nam - CTCP,PetroVietnam Gas Joint Stock Corporation,STOCK,1
GDT,HOSE,CTCP Chế biến Gỗ Đức Thành,Duc Thanh Wood Processing Joint Stock Company,STOCK,1
GEE,HOSE,CTCP Điện lực Gelex,Gelex Electricity Joint Stock Company,STOCK,1
GEG,HOSE,CTCP Điện Gia Lai,Gia Lai Electricity Joint Stock Company,STOCK,1
GEL,HOSE,CTCP Hạ tầng GELEX,Gelex Infrastructure Joint Stock Company,STOCK,1
GEX,HOSE,CTCP Tập đoàn GELEX,GELEX Group Joint Stock Company,STOCK,1
GHC,HOSE,CTCP Thủy điện Gia Lai,Gia Lai Hydropower Joint Stock Company,STOCK,1
GIL,HOSE,CTCP Sản xuất Kinh doanh và Xuất nhập khẩu Bình Thạnh,Binh Thanh Import Export Production and Trade Joint Stock Company,STOCK,1
GMD,HOSE,CTCP Tập đoàn Gemadept,Gemadept Group Corporation,STOCK,1
GSP,HOSE,CTCP Vận tải Sản Phẩm Khí Quốc tế,International Gas Product Shipping Joint Stock Company,STOCK,1
GVR,HOSE,Tập đoàn Công nghiệp Cao su Việt Nam - CTCP,Viet Nam Rubber Group - Joint Stock Company,STOCK,1
HAG,HOSE,CTCP Hoàng Anh Gia Lai,Hoang Anh Gia Lai Joint Stock Company,STOCK,1
HAH,HOSE,CTCP Vận tải và Xếp dỡ Hải An,Hai An Transport and Stevedoring Joint Stock Company,STOCK,1
HAP,HOSE,CTCP Tập đoàn Hapaco,Hapaco Group Joint Stock Company,STOCK,1
HAR,HOSE,CTCP Đầu tư Thương mại Bất động sản An Dương Thảo Điền,An Duong Thao Dien Real Estate Investment Joint Stock Company,STOCK,1
HAS,HOSE,CTCP Hacisco,Hacisco Joint Stock Company,STOCK,1
HAX,HOSE,CTCP Dịch vụ Ô tô Hàng Xanh,Hang Xanh Motors Service Joint Stock Company  ,STOCK,1
HCD,HOSE,CTCP Đầu tư Sản xuất và Thương mại HCD,HCD Investment Producing and Trading Joint Stock Company ,STOCK,1
HCM,HOSE,CTCP Chứng khoán Thành phố Hồ Chí Minh,Ho Chi Minh City Securities Corporation,STOCK,1
HDB,HOSE,Ngân hàng TMCP Phát triển Thành phố Hồ Chí Minh,Ho Chi Minh City Development Joint Stock Commercial Bank,STOCK,1
HDC,HOSE,CTCP Phát triển Nhà Bà Rịa - Vũng Tàu,Ba Ria - Vung Tau House Development Joint Stock Company,STOCK,1
HDG,HOSE,CTCP Tập đoàn Hà Đô,Ha Do Group Joint Stock Company,STOCK,1
HHP,HOSE,CTCP HHP Global,HHP Global Joint Stock Company,STOCK,1
HHS,HOSE,CTCP Đầu tư Dịch vụ Hoàng Huy,Hoang Huy Investment Services Joint Stock Company,STOCK,1
HHV,HOSE,CTCP Đầu tư Hạ tầng Giao thông Đèo Cả,Deo Ca Traffic Infrastructure Investment Joint Stock Company,STOCK,1
HID,HOSE,CTCP Halcom Việt Nam,Halcom Vietnam Joint Stock Company,STOCK,1
HII,HOSE,CTCP An Tiến Industries,An Tien Industries Joint Stock Company,STOCK,1
HMC,HOSE,CTCP Kim khí Thành phố Hồ Chí Minh - VNSTEEL,VNSTEEL - HoChiMinh City Metal Corporation,STOCK,1
HNA,HOSE,CTCP Thủy điện Hủa Na,Hua Na Hydropower Joint Stock Company,STOCK,1
HPG,HOSE,CTCP Tập đoàn Hòa Phát,Hoa Phat Group Joint Stock Company,STOCK,1
HPX,HOSE,CTCP Đầu tư Hải Phát,Hai Phat Investment Joint Stock Company,STOCK,1
HQC,HOSE,CTCP Tư vấn Thương mại Dịch vụ Địa Ốc Hoàng Quân,Hoang Quan Consulting-Trading-Service Real Estate Corporation,STOCK,1
HRC,HOSE,CTCP Cao su Hòa Bình,Hoa Binh Rubber Joint Stock Company,STOCK,1
HSG,HOSE,CTCP Tập đoàn Hoa Sen,Hoa Sen Group,STOCK,1
HSL,HOSE,CTCP Đầu tư Phát triển Thực phẩm Hồng Hà,Hong Ha Food Investment Development Joint Stock Company,STOCK,1
HT1,HOSE,CTCP Xi Măng Vicem Hà Tiên,Vicem Ha Tien Cement Joint Stock Company,STOCK,1
HTG,HOSE,Tổng Công ty cổ phần Dệt may Hòa Thọ,Hoa Tho Textile - Garment Joint Stock Corporation,STOCK,1
HTI,HOSE,CTCP Đầu tư Phát triển Hạ tầng IDICO,IDICO Infrastructure Development Investment Joint Stock Company,STOCK,1
HTN,HOSE,CTCP Hưng Thịnh Incons,Hung Thinh Incons Joint Stock Company,STOCK,1
HUB,HOSE,CTCP Xây lắp Thừa Thiên Huế,Thua Thien Hue Construction Joint Stock Corporation,STOCK,1
HVH,HOSE,CTCP Đầu tư và Công nghệ HVC,HVC Investment and Technology Joint Stock Company,STOCK,1
HVN,HOSE,Tổng Công ty Hàng không Việt Nam - CTCP,Vietnam Airlines Joint Stock Company,STOCK,1
ICT,HOSE,CTCP Viễn thông - Tin học Bưu điện,Joint Stock Company for Telecom and Informatics,STOCK,1
IDI,HOSE,CTCP Đầu tư và Phát triển Đa Quốc Gia - IDI,I.D.I International Development and Investment Corporation,STOCK,1
IJC,HOSE,CTCP Phát triển Hạ tầng Kỹ thuật,Becamex Infrastructure Development Joint Stock Company,STOCK,1
ILB,HOSE,CTCP ICD Tân Cảng - Long Bình,ICD Tan Cang - Long Binh Joint Stock Company,STOCK,1
IMP,HOSE,CTCP Dược phẩm Imexpharm,Imexpharm Corporation,STOCK,1
ITC,HOSE,CTCP Đầu tư và Kinh doanh Nhà,Investment and Trading of Real Estate Joint stock Company,STOCK,1
ITD,HOSE,CTCP Công nghệ ITD,ITD Technology Corporation,STOCK,1
JVC,HOSE,CTCP Đầu tư và Phát triển Y tế Việt Nhật,Japan Vietnam Medical Investment and Development Joint Stock Company,STOCK,1
KBC,HOSE,Tổng Công ty Phát triển Đô thị Kinh Bắc - CTCP,Kinh Bac City Development Holding Corporation,STOCK,1
KDC,HOSE,CTCP Tập đoàn KIDO,KIDO Group Corporation,STOCK,1
KDH,HOSE,CTCP Đầu tư và Kinh doanh Nhà Khang Điền,Khang Dien House Trading and Investment Joint Stock Company,STOCK,1
KHG,HOSE,CTCP Tập đoàn Khải Hoàn Land,Khai Hoan Land Group Joint Stock Company,STOCK,1
KHP,HOSE,CTCP Điện lực Khánh Hòa,Khanh Hoa Power Joint Stock Company,STOCK,1
KLB,HOSE,Ngân hàng TMCP Kiên Long,Kien Long Commercial Joint Stock Bank,STOCK,1
KMR,HOSE,CTCP Mirae,Mirae Joint Stock Company,STOCK,1
KOS,HOSE,CTCP KOSY,KOSY Joint Stock Company,STOCK,1
KSB,HOSE,CTCP Khoáng sản và Xây dựng Bình Dương,Binh Duong Mineral and Construction Joint Stock Company,STOCK,1
LBM,HOSE,CTCP Khoáng sản và Vật liệu Xây dựng Lâm Đồng,LamDong Minerals and Building Materials Joint Stock Company,STOCK,1
LCG,HOSE,CTCP Lizen,Lizen Joint Stock Company,STOCK,1
LDG,HOSE,CTCP Đầu tư LDG,LDG Investment Joint stock Company,STOCK,1
LGL,HOSE,CTCP Đầu tư và Phát triển Đô thị Long Giang,Long Giang Investment and Urban Development Joint-Stock Company,STOCK,1
LHG,HOSE,CTCP Long Hậu,Long Hau Corporation,STOCK,1
LIX,HOSE,CTCP Bột Giặt Lix,Lix Detergent Joint Stock Company,STOCK,1
LM8,HOSE,CTCP Lilama 18,Lilama 18 Joint Stock Company,STOCK,1
LPB,HOSE,Ngân hàng TMCP Lộc Phát Việt Nam,Fortune Vietnam Joint Stock Commercial Bank,STOCK,1
LSS,HOSE,CTCP Mía Đường Lam Sơn,Lam Son Sugar Joint Stock Corporation,STOCK,1
MBB,HOSE,Ngân hàng TMCP Quân đội,Military Commercial Joint Stock Bank,STOCK,1
MCH,HOSE,CTCP Hàng tiêu dùng Masan,Masan Consumer Corporation,STOCK,1
MCM,HOSE,CTCP Giống Bò sữa Mộc Châu,MocChau Dairy Cattle Breeding Joint Stock Company,STOCK,1
MHC,HOSE,CTCP MHC,MHC Joint Stock Company,STOCK,1
MIG,HOSE,Tổng Công ty cổ phần Bảo hiểm Quân Đội,Military Insurance Corporation,STOCK,1
MSB,HOSE,Ngân hàng TMCP Hàng hải Việt Nam,Vietnam Maritime Commercial Joint Stock Bank,STOCK,1
MSH,HOSE,CTCP May Sông Hồng,Song Hong Garment Joint Stock Company,STOCK,1
MSN,HOSE,CTCP Tập đoàn Masan,Masan Group Corporation,STOCK,1
MWG,HOSE,CTCP Đầu tư Thế giới Di động,Mobile World Investment Corporation,STOCK,1
MZG,HOSE,CTCP Miza,Miza Corporation,STOCK,1
NAB,HOSE,Ngân hàng TMCP Nam Á,Nam A Commercial Joint Stock Bank,STOCK,1
NAF,HOSE,CTCP Nafoods Group,Nafoods Group Joint Stock Company,STOCK,1
NBB,HOSE,CTCP Đầu tư Năm Bảy Bảy,577 Investment Corporation,STOCK,1
NCT,HOSE,CTCP Dịch vụ Hàng hóa Nội Bài,NoiBai Cargo Terminal Services Joint Stock Company,STOCK,1
NHA,HOSE,Tổng Công ty Đầu tư Phát triển Nhà và Đô thị Nam Hà Nội,Ha Noi South Housing and Urban Development Corporation,STOCK,1
NHH,HOSE,CTCP Nhựa Hà Nội,HaNoi Plastics Joint Stock Company,STOCK,1
NHT,HOSE,CTCP Sản xuất và Thương mại Nam Hoa,Nam Hoa Trading & Production Corporation,STOCK,1
NKG,HOSE,CTCP Thép Nam Kim,Nam Kim Steel Joint Stock Company,STOCK,1
NLG,HOSE,CTCP Đầu tư Nam Long,Nam Long Investment Corporation,STOCK,1
NNC,HOSE,CTCP Đá Núi Nhỏ,Nui Nho Stone Joint Stock Company,STOCK,1
NO1,HOSE,CTCP Tập đoàn 911,911 Group Joint Stock Company,STOCK,1
NSC,HOSE,CTCP Tập đoàn Giống cây trồng Việt Nam,Vietnam National Seed Group Joint Stock Company,STOCK,1
NT2,HOSE,CTCP Điện lực Dầu khí Nhơn Trạch 2,PetroVietnam Power Nhon Trach 2 Joint Stock Company,STOCK,1
NTC,HOSE,CTCP Khu Công nghiệp Nam Tân Uyên,Nam Tan Uyen Joint Stock Company,STOCK,1
NTL,HOSE,CTCP Phát triển Đô thị Từ Liêm,Tu Liem Urban Development Joint-Stock Company,STOCK,1
NVL,HOSE,CTCP Tập đoàn Đầu tư Địa ốc No Va ,No Va Land Investment Group Corporation ,STOCK,1
NVT,HOSE,CTCP Bất động sản Du lịch Ninh Vân Bay,Ninh Van Bay Travel Real Estate Joint Stock Company,STOCK,1
OCB,HOSE,Ngân hàng TMCP Phương Đông,Orient Commercial Joint Stock Bank,STOCK,1
OGC,HOSE,CTCP Tập đoàn Đại Dương,Ocean Group Joint Stock Company,STOCK,1
OPC,HOSE,CTCP Dược phẩm OPC,OPC Pharmaceutical Joint Stock Company,STOCK,1
ORS,HOSE,CTCP Chứng khoán Tiên Phong,Tien Phong Securities Corporation,STOCK,1
PAC,HOSE,CTCP Pin Ắc quy Miền Nam,Dry Cell and Storage Battery Joint Stock Company,STOCK,1
PAN,HOSE,CTCP Tập đoàn PAN,The PAN Group Joint Stock Company,STOCK,1
PC1,HOSE,CTCP Tập Đoàn PC1,PC1 Group Joint Stock Company,STOCK,1
PDN,HOSE,CTCP Cảng Đồng Nai,Dong Nai Port Joint Stock Company,STOCK,1
PDR,HOSE,CTCP Phát triển Bất động sản Phát Đạt,Phat Dat Real Estate Development Corporation,STOCK,1
PDV,HOSE,CTCP Vận Tải Và Tiếp Vận Phương Đông Việt,Phuong Dong Viet Shipping And Logistics Corporation,STOCK,1
PET,HOSE,Tổng Công ty cổ phần Dịch vụ Tổng hợp Dầu khí,Petrovietnam General Services Corporation,STOCK,1
PGC,HOSE,Tổng Công ty Gas Petrolimex - CTCP,Petrolimex Gas Corporation - Joint Stock Company,STOCK,1
PGD,HOSE,CTCP Phân phối khí thấp áp Dầu khí Việt Nam,PetroVietNam Low Pressure Gas Distribution Joint Stock Company,STOCK,1
PGI,HOSE,Tổng Công ty cổ phần Bảo hiểm Petrolimex,Petrolimex Insurance Corporation,STOCK,1
PGV,HOSE,Tổng Công ty Phát điện 3 - CTCP,Power Generation Joint Stock Corporation 3,STOCK,1
PHC,HOSE,CTCP Xây dựng Phục Hưng Holdings,Phuc Hung Holdings Construction Joint Stock Company,STOCK,1
PHR,HOSE,CTCP Cao su Phước Hòa,Phuoc Hoa Rubber Joint Stock Company,STOCK,1
PJT,HOSE,CTCP Vận tải Xăng dầu Đường Thủy Petrolimex,Petrolimex Joint Stock Tanker Company,STOCK,1
PLP,HOSE,CTCP Sản xuất và Công nghệ Nhựa Pha Lê,Pha Le Plastics Manufacturing and Technology Joint Stock Company,STOCK,1
PLX,HOSE,Tập đoàn Xăng Dầu Việt Nam,VietNam National Petroleum Group,STOCK,1
PMG,HOSE,CTCP Đầu tư và Sản xuất Petro Miền Trung,Petro Center Corporation,STOCK,1
PNJ,HOSE,CTCP Vàng bạc Đá quý Phú Nhuận,Phu Nhuan Jewelry Joint Stock Company,STOCK,1
POW,HOSE,Tổng Công ty Điện lực Dầu khí Việt Nam - CTCP,PetroVietnam Power Corporation,STOCK,1
PPC,HOSE,CTCP Nhiệt điện Phả Lại,Pha Lai Thermal Power Joint Stock Company,STOCK,1
PTB,HOSE,CTCP Phú Tài,Phu Tai Joint Stock Company,STOCK,1
PTC,HOSE,CTCP Đầu Tư Icapital,Icapital Investment Joint Stock Company,STOCK,1
PTL,HOSE,CTCP Victory Group,Victory Group Joint Stock Company,STOCK,1
PVD,HOSE,Tổng Công ty cổ phần Khoan và Dịch vụ khoan Dầu khí,PetroVietnam Drilling & Well Services Corporation,STOCK,1
PVP,HOSE,CTCP Vận tải Dầu khí Thái Bình Dương,Pacific Petroleum Transportation Joint Stock Company,STOCK,1
PVT,HOSE,Tổng Công ty cổ phần Vận tải Dầu khí,PetroVietnam Transportation Corporation,STOCK,1
QCG,HOSE,CTCP Quốc Cường Gia Lai,Quoc Cuong Gia Lai Joint Stock Company,STOCK,1
QNP,HOSE,CTCP Cảng Quy Nhơn,Quy Nhon Port Joint Stock Company,STOCK,1
RAL,HOSE,CTCP Bóng đèn Phích nước Rạng Đông,Rang Dong Light Source and Vacuum Flask Joint Stock Company,STOCK,1
REE,HOSE,CTCP Cơ Điện Lạnh,Refrigeration Electrical Engineering Corporation,STOCK,1
RYG,HOSE,CTCP Sản xuất và Đầu tư Hoàng Gia,Royal Manufacture and Investment Joint Stock Company,STOCK,1
S4A,HOSE,CTCP Thủy điện Sê San 4A,Se San 4A HydroPower Joint Stock Company,STOCK,1
SAB,HOSE,Tổng Công ty cổ phần Bia - Rượu - Nước giải khát Sài Gòn,Saigon Beer - Alcohol - Beverage Corporation,STOCK,1
SAM,HOSE,CTCP SAM Holdings,SAM Holdings Corporation,STOCK,1
SAV,HOSE,CTCP Hợp tác Kinh tế và Xuất nhập khẩu Savimex,Savimex Corporation,STOCK,1
SBA,HOSE,CTCP Sông Ba,Song Ba Joint Stock Company,STOCK,1
SBG,HOSE,CTCP Tập đoàn Cơ khí Công nghệ cao Siba,Siba High-Tech Mechanical Group Joint Stock Company,STOCK,1
SBT,HOSE,CTCP Thành Thành Công - Biên Hòa,Thanh Thanh Cong - Bien Hoa Joint Stock Company,STOCK,1
SBV,HOSE,CTCP Siam Brothers Việt Nam,Siam Brothers Vietnam Joint Stock Company,STOCK,1
SCR,HOSE,CTCP Địa ốc Sài Gòn Thương Tín,Sai Gon Thuong Tin Real Estate Joint Stock Company,STOCK,1
SCS,HOSE,CTCP Dịch vụ Hàng hóa Sài Gòn,Sai Gon Cargo Service Corporation,STOCK,1
SFG,HOSE,CTCP Phân Bón Miền Nam,The Southern Fertilizer Joint Stock Company,STOCK,1
SFI,HOSE,CTCP Đại lý Vận tải SAFI,Sea & Air Freight International,STOCK,1
SGN,HOSE,CTCP Phục vụ Mặt đất Sài Gòn,Saigon Ground Services Joint Stock Company,STOCK,1
SGR,HOSE,CTCP Tổng CTCP Địa ốc Sài Gòn,Saigon Real Estate Group Joint Stock Company,STOCK,1
SGT,HOSE,CTCP Công nghệ Viễn Thông Sài Gòn,SaiGon Telecommunication & Technologies Corporation,STOCK,1
SHA,HOSE,CTCP Sơn Hà Sài Gòn,Son Ha Sai Gon Joint Stock Company,STOCK,1
SHB,HOSE,Ngân hàng TMCP Sài Gòn - Hà Nội,Saigon Hanoi Commercial Joint Stock Bank,STOCK,1
SHI,HOSE,CTCP Quốc tế Sơn Hà,Son Ha International Corporation,STOCK,1
SHP,HOSE,CTCP Thủy điện Miền Nam,Southern Hydropower Joint Stock Company,STOCK,1
SIP,HOSE,CTCP Đầu tư Sài Gòn VRG,Sai Gon VRG Investment Corporation,STOCK,1
SJD,HOSE,CTCP Thủy điện Cần Đơn,Candon HydroPower Joint Stock Company,STOCK,1
SJS,HOSE,CTCP SJ Group,SJ Group Joint Stock Company,STOCK,1
SKG,HOSE,CTCP Tàu cao tốc Superdong - Kiên Giang,Superdong Fast Ferry Kieng Giang Joint Stock Company,STOCK,1
SMB,HOSE,CTCP Bia Sài Gòn - Miền Trung,Sai Gon - Mien Trung Beer Joint Stock Company,STOCK,1
SMC,HOSE,CTCP Đầu tư Thương mại SMC,SMC Trading Investment Joint Stock Company,STOCK,1
SRC,HOSE,CTCP Cao su Sao Vàng,Sao Vang Rubber Joint Stock Company,STOCK,1
SRF,HOSE,CTCP SEAREFICO,Searefico Corporation,STOCK,1
SSB,HOSE,Ngân hàng TMCP Đông Nam Á,Southeast Asia Commercial Joint Stock Bank,STOCK,1
SSI,HOSE,CTCP Chứng khoán SSI,SSI Securities Corporation,STOCK,1
ST8,HOSE,CTCP Tập đoàn ST8,ST8 Holdings Joint Stock Company,STOCK,1
STB,HOSE,Ngân hàng TMCP Sài Gòn Tài Lộc,Saigon Treasure Commercial Joint Stock Bank,STOCK,1
STG,HOSE,CTCP Kho vận Miền Nam,South Logistics Joint Stock Company,STOCK,1
STK,HOSE,CTCP Sợi Thế Kỷ,Century Synthetic Fiber Corporation,STOCK,1
SVC,HOSE,CTCP Dịch vụ Tổng hợp Sài Gòn,Saigon General Service Corporation,STOCK,1
SVD,HOSE,CTCP Đầu tư & Thương mại Vũ Đăng,Vu Dang Investment & Trading Joint Stock Company,STOCK,1
SZC,HOSE,CTCP Sonadezi Châu Đức,Sonadezi Chau Duc Shareholding Company,STOCK,1
SZL,HOSE,CTCP Sonadezi Long Thành,Sonadezi Long Thanh Shareholding Company,STOCK,1
TAL,HOSE,CTCP Đầu tư Bất động sản Taseco,Taseco Land Investment Joint Stock Company,STOCK,1
TBC,HOSE,CTCP Thủy điện Thác Bà,Thac Ba Hydro Power Joint Stock Company,STOCK,1
TCB,HOSE,Ngân hàng TMCP Kỹ thương Việt Nam,Vietnam Technological and Commercial Joint Stock Bank,STOCK,1
TCH,HOSE,CTCP Đầu tư Dịch vụ Tài chính Hoàng Huy,Hoang Huy Investment Financial Services Joint Stock Company,STOCK,1
TCI,HOSE,CTCP Chứng khoán Thành Công,ThanhCong Securities Company,STOCK,1
TCL,HOSE,CTCP Đại lý Giao nhận Vận tải Xếp dỡ Tân Cảng,Tan Cang Logistics and Stevedoring Joint Stock Company,STOCK,1
TCM,HOSE,CTCP Dệt may - Đầu tư - Thương mại Thành Công,Thanh Cong Textile Garment Investment Trading Joint Stock Company,STOCK,1
TCO,HOSE,CTCP Janus Group,Janus Group Joint Stock Company,STOCK,1
TCT,HOSE,CTCP Cáp treo Núi Bà Tây Ninh,Tay Ninh Cable Car Tour Company,STOCK,1
TCX,HOSE,CTCP Chứng khoán Kỹ Thương,Techcom Securities Joint Stock Company,STOCK,1
TDC,HOSE,CTCP Kinh doanh và Phát triển Bình Dương,Binh Duong Trade And Development Joint Stock Company,STOCK,1
TDG,HOSE,CTCP Đầu tư TDG Global,TDG Global Investment Joint Stock Company,STOCK,1
TDH,HOSE,CTCP Phát triển Nhà Thủ Đức,Thu Duc Housing Development Corporation,STOCK,1
TDM,HOSE,CTCP Nước Thủ Dầu Một,Thu Dau Mot Water Joint Stock Company,STOCK,1
TDP,HOSE,CTCP Thuận Đức,Thuan Duc Joint Stock Company,STOCK,1
TEG,HOSE,CTCP Trường Thành Energy Group,Truong Thanh Energy Group Joint Stock Company,STOCK,1
THG,HOSE,CTCP Đầu tư và Xây dựng Tiền Giang,Tien Giang Investment and Construction Joint Stock Company,STOCK,1
TIP,HOSE,CTCP Phát triển Khu Công nghiệp Tín Nghĩa,Tin Nghia Industrial Park Development Joint Stock Company,STOCK,1
TIX,HOSE,CTCP Sản xuất Kinh doanh Xuất nhập khẩu Dịch vụ và Đầu tư Tân Bình,Tan Binh Import - Export Joint Stock Corporation,STOCK,1
TLD,HOSE,CTCP Đầu tư Xây dựng và Phát triển Đô thị Thăng Long,Thang Long Urban Development and Construction Investment Joint Stock Company,STOCK,1
TLG,HOSE,CTCP Tập đoàn Thiên Long,Thien Long Group Corporation,STOCK,1
TLH,HOSE,CTCP Tập đoàn Thép Tiến Lên,Tien Len Steel Corporation Joint - Stock Company,STOCK,1
TMP,HOSE,CTCP Thủy điện Thác Mơ,Thac Mo Hydropower Joint Stock Company,STOCK,1
TMS,HOSE,CTCP Transimex,Transimex Corporation,STOCK,1
TMT,HOSE,CTCP Ô tô TMT,TMT Motors Corporation,STOCK,1
TN1,HOSE,CTCP Rox Key Holdings,Rox Key Holdings Joint Stock Company,STOCK,1
TNH,HOSE,CTCP Tập đoàn Bệnh viện TNH,TNH Hospital Group Joint Stock Company,STOCK,1
TNI,HOSE,CTCP Tập đoàn Thành Nam,Thanh Nam Group Joint Stock Company,STOCK,1
TNT,HOSE,CTCP Tập đoàn TNT,TNT Group Joint Stock Company,STOCK,1
TPB,HOSE,Ngân hàng TMCP Tiên Phong,Tien Phong Commercial Joint Stock Bank,STOCK,1
TPC,HOSE,CTCP Nhựa Tân Đại Hưng,Tan Dai Hung Plastic Joint Stock Company,STOCK,1
TRA,HOSE,CTCP Traphaco,Traphaco Joint Stock Company,STOCK,1
TRC,HOSE,CTCP Cao su Tây Ninh,Tay Ninh Rubber Joint Stock Company ,STOCK,1
TSA,HOSE,CTCP Đầu tư và Xây lắp Trường Sơn,Truong Son Investment And Construction Joint Stock Company,STOCK,1
TSC,HOSE,CTCP Vật tư Kỹ thuật nông nghiệp Cần Thơ,Techno - Agricultural Supplying Joint Stock Company,STOCK,1
TTA,HOSE,CTCP Đầu tư Xây dựng và Phát triển Trường Thành,Truong Thanh Development and Construction Investment Joint Stock Company,STOCK,1
TTF,HOSE,CTCP Tập đoàn Kỹ nghệ gỗ Trường Thành,Truong Thanh Furniture Corporation,STOCK,1
TV2,HOSE,CTCP Tư vấn Xây dựng Điện 2,Power Engineering Consulting Joint Stock Company 2,STOCK,1
TVB,HOSE,CTCP Chứng khoán T-Cap,T-Cap Securities Joint Stock Company,STOCK,1
TVS,HOSE,CTCP Chứng khoán Thiên Việt,Thien Viet Securities Joint Stock Company,STOCK,1
TVT,HOSE,Tổng Công ty Việt Thắng - CTCP,Viet Thang Corporation,STOCK,1
VAB,HOSE,Ngân hàng TMCP Việt Á,Vietnam - Asia Commercial Joint Stock Bank,STOCK,1
VBB,HOSE,Ngân hàng TMCP Việt Nam Thương Tín,Vietnam Thuong Tin Commercial Joint Stock Bank,STOCK,1
VCB,HOSE,Ngân hàng TMCP Ngoại thương Việt Nam,Joint Stock Commercial Bank for Foreign Trade of Vietnam,STOCK,1
VCF,HOSE,CTCP Vinacafé Biên Hòa,Vinacafé Bien Hoa Joint Stock Company,STOCK,1
VCG,HOSE,Tổng Công ty cổ phần Xuất nhập khẩu và Xây dựng Việt Nam,Viet Nam Construction And Import - Export Joint Stock Corporation,STOCK,1
VCI,HOSE,CTCP Chứng khoán Vietcap,Vietcap Securities Joint Stock Company,STOCK,1
VCK,HOSE,CTCP Chứng khoán VPS,VPS Securities Joint Stock Company,STOCK,1
VDP,HOSE,CTCP Dược phẩm Trung ương VIDIPHA,VIDIPHA Central Pharmaceutical Joint - Stock Company,STOCK,1
VDS,HOSE,CTCP Chứng khoán Rồng Việt,Viet Dragon Securities Corporation,STOCK,1
VFG,HOSE,CTCP Khử trùng Việt Nam,Viet Nam Fumigation Joint Stock Company,STOCK,1
VGC,HOSE,Tổng Công ty Viglacera - CTCP,Viglacera Corporation - JSC,STOCK,1
VHC,HOSE,CTCP Vĩnh Hoàn,Vinh Hoan Corporation,STOCK,1
VHM,HOSE,CTCP Vinhomes,Vinhomes Joint Stock Company,STOCK,1
VIB,HOSE,Ngân hàng TMCP Quốc tế Việt Nam,Vietnam International Commercial Joint Stock Bank,STOCK,1
VIC,HOSE,Tập đoàn VINGROUP - CTCP,Vingroup Joint Stock Company,STOCK,1
VID,HOSE,CTCP Đầu tư Phát triển Thương mại Viễn Đông,Vien Dong Investment Development Trading Corporation,STOCK,1
VIP,HOSE,CTCP Vận tải Xăng dầu VIPCO,Vietnam Petroleum Transport Joint Stock Company,STOCK,1
VIX,HOSE,CTCP Chứng khoán VIX,VIX Securities Joint Stock Company,STOCK,1
VJC,HOSE,CTCP Hàng không Vietjet,Vietjet Aviation Joint Stock Company,STOCK,1
VND,HOSE,CTCP Chứng khoán VNDIRECT,VNDIRECT Securities Corporation,STOCK,1
VNG,HOSE,CTCP Du lịch Thành Thành Công,Thanh Thanh Cong Tourist Joint Stock Company,STOCK,1
VNM,HOSE,CTCP Sữa Việt Nam,Vietnam Dairy Products Joint Stock Company,STOCK,1
VNS,HOSE,CTCP Ánh Dương Việt Nam,Vietnam Sun Corporation,STOCK,1
VOS,HOSE,CTCP Vận tải Biển Việt Nam,Vietnam Ocean Shipping Joint Stock Company,STOCK,1
VPB,HOSE,Ngân hàng TMCP Việt Nam Thịnh Vượng,Vietnam Prosperity Joint Stock Commercial Bank,STOCK,1
VPD,HOSE,CTCP Phát triển Điện lực Việt Nam,Vietnam Power Development Joint Stock Company,STOCK,1
VPG,HOSE,CTCP Đầu tư Thương mại Xuất nhập khẩu Việt Phát,Viet Phat Import Export Trading Investment Joint Stock Company,STOCK,1
VPH,HOSE,CTCP Vạn Phát Hưng,Van Phat Hung Corporation,STOCK,1
VPI,HOSE,CTCP Phát triển Bất động sản Văn Phú,Van Phu Real Estate Development Joint Stock Company,STOCK,1
VPL,HOSE,CTCP Vinpearl,Vinpearl Joint Stock Company,STOCK,1
VPS,HOSE,CTCP Thuốc sát trùng Việt Nam ,Vietnam Pesticide Joint Stock Company,STOCK,1
VPX,HOSE,CTCP Chứng khoán VPBank,VPBank Securities Joint Stock Company,STOCK,1
VRC,HOSE,CTCP Bất động sản và Đầu tư VRC,VRC Real Estate and Investment Joint Stock Company,STOCK,1
VRE,HOSE,CTCP Vincom Retail,Vincom Retail Joint Stock Company,STOCK,1
VSC,HOSE,CTCP Container Việt Nam,Vietnam Container Shipping Joint Stock Corporation,STOCK,1
VSH,HOSE,CTCP Thủy điện Vĩnh Sơn - Sông Hinh,Vinh Son - Song Hinh Hydropower Joint Stock Company,STOCK,1
VTO,HOSE,CTCP Vận tải Xăng dầu Vitaco,Vietnam Tanker Joint Stock Company,STOCK,1
VTP,HOSE,Tổng Công ty cổ phần Bưu chính Viettel,Viettel Post Joint Stock Corporation,STOCK,1
VVS,HOSE,CTCP Đầu tư phát triển máy Việt Nam,Vietnam Machine Investment Development Joint Stock Company,STOCK,1
YBM,HOSE,CTCP YBM,YBM Joint Stock Company,STOCK,1
YEG,HOSE,CTCP Tập đoàn Yeah1,Yeah1 Group Corporation,STOCK,1
AAH,UPCOM,CTCP Hợp Nhất,Hop Nhat Joint Stock Company,STOCK,1
AAS,UPCOM,CTCP Chứng khoán SmartInvest ,SmartInvest Securities Joint Stock Company,STOCK,1
AAV,UPCOM,CTCP AAV Group,AAV Group Joint Stock Company,STOCK,1
ABB,UPCOM,Ngân hàng TMCP An Bình,An Binh Commercial Joint Stock Bank,STOCK,1
ABI,UPCOM,CTCP Bảo hiểm Ngân hàng Nông nghiệp Việt Nam,Agriculture Bank Insurance Joint Stock Corporation,STOCK,1
ABW,UPCOM,CTCP Chứng khoán An Bình,An Binh Securities Joint Stock Company,STOCK,1
ACM,UPCOM,CTCP Tập đoàn Khoáng sản Á Cường,A Cuong Mineral Group Joint Stock Company,STOCK,1
ACV,UPCOM,Tổng Công ty Cảng Hàng không Việt Nam - CTCP,Airports Corporation of Vietnam,STOCK,1
AGF,UPCOM,CTCP Xuất nhập khẩu Thủy sản An Giang,Angiang Fisheries Import  Export JSC,STOCK,1
AGP,UPCOM,CTCP Dược phẩm Agimexpharm,Agimexpharm Pharmaceutical Joint Stock Company,STOCK,1
AIC,UPCOM,Tổng Công ty Cổ phần Bảo hiểm DBV,DBV Insurance Group Joint Stock Company,STOCK,1
AIG,UPCOM,CTCP Nguyên liệu Á Châu AIG,AIG Asia Ingredients Corporation,STOCK,1
ALV,UPCOM,CTCP Tập đoàn MCST,MCST Group Joint Stock Company,STOCK,1
AMS,UPCOM,CTCP Cơ khí Xây dựng AMECC,AMECC Mechanical Construction Joint Stock Company,STOCK,1
APF,UPCOM,CTCP Nông sản Thực phẩm Quảng Ngãi,Quang Ngai Agricultural Products and Foodstuff Joint Stock Company,STOCK,1
AVC,UPCOM,CTCP Thủy điện A Vương,A Vuong Hydropower Joint Stock Company,STOCK,1
BCA,UPCOM,CTCP B.C.H,B.C.H Joint Stock Company,STOCK,1
BDG,UPCOM,CTCP May mặc Bình Dương,Protrade Garment Joint Stock Company,STOCK,1
BDT,UPCOM,CTCP Xây lắp và Vật liệu Xây dựng Đồng Tháp,Dong Thap Building Materials & Contruction Joint Stock Company,STOCK,1
BGE,UPCOM,CTCP BCG Energy,BCG Energy Joint Stock Company,STOCK,1
BHA,UPCOM,CTCP Thủy điện Bắc Hà,Bac Ha Hydropower Joint Stock Company,STOCK,1
BHI,UPCOM,Tổng Công ty cổ phần Bảo hiểm Sài Gòn - Hà Nội,Sai Gon - Ha Noi Insurance Corporation,STOCK,1
BIG,UPCOM,CTCP Tập đoàn Đầu tư Big,Big Investment Group Joint Stock Company,STOCK,1
BLI,UPCOM,Tổng Công ty cổ phần Bảo hiểm Bảo Long,Bao Long Insurance Corporation,STOCK,1
BMJ,UPCOM,CTCP Khoáng sản Miền Đông AHP,Easterns AHP Minerals Joint Stock Company,STOCK,1
BMS,UPCOM,CTCP Chứng khoán Bảo Minh,Bao Minh Securities Company Limited,STOCK,1
BMV,UPCOM,CTCP Bột mỳ Vinafood 1,Vinafood 1 Flour Joint Stock Company,STOCK,1
BNW,UPCOM,CTCP Nước sạch Bắc Ninh,Bac Ninh Clean Water Joint Stock Company,STOCK,1
BOT,UPCOM,CTCP BOT Cầu Thái Hà,Thai Ha Bridge BOT Joint Stock Company,STOCK,1
BRR,UPCOM,CTCP Cao su Bà Rịa,BaRia Rubber Joint Stock Company,STOCK,1
BSA,UPCOM,CTCP Thủy điện Buôn Đôn,Buon Don Hydropower Joint Stock Company,STOCK,1
BSG,UPCOM,CTCP Xe khách Sài Gòn,Saigon Passenger Transport JSC,STOCK,1
BSL,UPCOM,CTCP Bia Sài Gòn - Sông Lam,SaiGon-SongLam Beer Joint Stock Company,STOCK,1
BSQ,UPCOM,CTCP Bia Sài Gòn - Quảng Ngãi,Sai Gon - Quang Ngai Beer Joint Stock Company,STOCK,1
BTH,UPCOM,CTCP Chế tạo Biến thế và Vật liệu Điện Hà Nội,Ha Noi Transformer Manufacturing And Electric Material Joint Stock Company,STOCK,1
BTV,UPCOM,CTCP Dịch vụ Du lịch Bến Thành,BenThanh Tourist Service Corporation ,STOCK,1
BVL,UPCOM,CTCP BV Land,BV Land Joint Stock Company,STOCK,1
BWS,UPCOM,CTCP Cấp nước Bà Rịa - Vũng Tàu,Ba Ria - Vung Tau Water Supply Joint Stock Company,STOCK,1
C4G,UPCOM,CTCP Tập đoàn CIENCO4,CIENCO4 Group Joint Stock Company,STOCK,1
CBI,UPCOM,CTCP Gang thép Cao Bằng,Cao Bang Cast Iron and Steel Joint Stock Company ,STOCK,1
CC1,UPCOM,Tổng Công ty Xây dựng Số 1 - CTCP,Construction Corporation No 1 Joint Stock Company,STOCK,1
CDO,UPCOM,CTCP Tư vấn Thiết kế và Phát triển Đô thị,Consultancy Design and Urban Development Joint Stock Company,STOCK,1
CDR,UPCOM,CTCP Xây dựng Cao su Đồng Nai,Dong Nai Rubber Construction Joint Stock Company,STOCK,1
CEN,UPCOM,CTCP CENCON Việt Nam,CENCON Vietnam Joint Stock Company,STOCK,1
CHS,UPCOM,CTCP Chiếu sáng Công cộng Thành phố Hồ Chí Minh,Ho Chi Minh City Public Lighting Joint Stock Company,STOCK,1
CKD,UPCOM,CTCP Cơ khí Đông Anh LICOGI,Dong Anh Licogi Mechanical Joint Stock Company,STOCK,1
CLI,UPCOM,CTCP Tập đoàn CNCTech,CNCTech Group Joint Stock Company,STOCK,1
CLX,UPCOM,CTCP Xuất nhập khẩu và Đầu tư Chợ Lớn (CHOLIMEX),Cho Lon Investment And Import Export Corporation (CHOLIMEX),STOCK,1
CMM,UPCOM,CTCP Camimex,Camimex Joint Stock Company,STOCK,1
CMN,UPCOM,CTCP Lương thực Thực phẩm Colusa - Miliket,Colusa - Miliket Foodstuff Joint Stock Company,STOCK,1
CNT,UPCOM,CTCP Tập đoàn CNT,CNT Group Corporation,STOCK,1
CPA,UPCOM,CTCP Cà phê Phước An,PhuocAn Coffee Joint Stock Company,STOCK,1
CPI,UPCOM,CTCP Đầu tư Cảng Cái Lân,Cailan Port  Investment Joint Stock Company,STOCK,1
CQN,UPCOM,CTCP Cảng Quảng Ninh,Quang Ninh Port Joint Stock Company,STOCK,1
CQT,UPCOM,CTCP Xi măng Quán Triều VVMI,VVMI Quan Trieu Cement Joint Stock Company,STOCK,1
CTW,UPCOM,CTCP Cấp thoát nước Cần Thơ,Can Tho Water Supply - Sewerage Joint Stock Company,STOCK,1
CTX,UPCOM,Tổng Công ty cổ phần Đầu tư Xây dựng và Thương mại Việt Nam,Vietnam Investment Construction and Trading Joint Stock Corporation,STOCK,1
CVN,UPCOM,CTCP Vinam,Vinam Joint Stock Company,STOCK,1
DAN,UPCOM,CTCP Dược Danapha,Danapha Pharmaceutical Joint Stock Company,STOCK,1
DCF,UPCOM,CTCP Xây dựng và Thiết kế Số 1,Design and Construction Joint Stock Company No.1,STOCK,1
DCS,UPCOM,CTCP Tập đoàn EDX,EDX Holding Joint Stock Company,STOCK,1
DCT,UPCOM,CTCP Tấm lợp Vật liệu Xây dựng Đồng Nai,Dong Nai Roofsheet & Construction Material Joint Stock Company,STOCK,1
DDG,UPCOM,CTCP Đầu tư Công nghiệp Xuất nhập khẩu Đông Dương,Indochine Import Export Investment Industrial Joint Stock Company,STOCK,1
DDV,UPCOM,CTCP DAP - VINACHEM,DAP - VINACHEM Joint Stock Company,STOCK,1
DFF,UPCOM,CTCP Tập đoàn Đua Fat,Dua Fat Group Joint Stock Company,STOCK,1
DGT,UPCOM,CTCP Công trình Giao thông Đồng Nai,DONA Transportation Construction Joint Stock Company,STOCK,1
DHB,UPCOM,CTCP Phân đạm và Hóa chất Hà Bắc,Habac Nitrogenous Fertilizer & Chemicals Joint Stock Company,STOCK,1
DHD,UPCOM,CTCP Dược Vật tư Y tế Hải Dương,Hai Duong Pharmaceutical Medical Materials Joint Stock Company,STOCK,1
DIC,UPCOM,CTCP Đầu tư và Thương mại DIC,DIC Investment and Trading Joint Stock Company,STOCK,1
DNA,UPCOM,CTCP Điện Nước An Giang,An Giang Power and Water Supply Joint Stock Company,STOCK,1
DNH,UPCOM,CTCP Thủy điện Đa Nhim - Hàm Thuận - Đa Mi,Da Nhim - Ham Thuan - Da Mi Hydro Power Joint Stock Company,STOCK,1
DNM,UPCOM,Tổng Công ty cổ phần Y tế DANAMECO,Danameco Medical Joint Stock Corporation,STOCK,1
DNN,UPCOM,CTCP Cấp nước Đà Nẵng,Da Nang Water Supply Joint Stock Company,STOCK,1
DNW,UPCOM,CTCP Cấp nước Đồng Nai,Dong Nai Water Joint Stock Company,STOCK,1
DP1,UPCOM,CTCP Dược phẩm Trung ương CPC1,Central Pharmaceutical CPC1. JSC,STOCK,1
DRI,UPCOM,CTCP Đầu tư Cao su Đắk Lắk,DakLak Rubber Investment Joint Stock Company,STOCK,1
DSD,UPCOM,CTCP DHC Suối Đôi,DHC Suoi Doi Corporation,STOCK,1
DSG,UPCOM,CTCP Kính Đáp Cầu,Dap Cau Sheet Glass Joint Stock Company,STOCK,1
DSH,UPCOM,CTCP Đông Sơn Holding,Dong Son Holdings Joint Stock Company,STOCK,1
DSP,UPCOM,CTCP Dịch vụ Du lịch Phú Thọ,Phu Tho Tourist Service Joint Stock Company,STOCK,1
DTI,UPCOM,CTCP Đầu tư Đức Trung,Duc Trung Investment Joint Stock Company,STOCK,1
DTP,UPCOM,CTCP Dược phẩm CPC1 Hà Nội,Ha Noi CPC1 Pharmaceutical Joint Stock Company,STOCK,1
DVG,UPCOM,CTCP Đại Việt Group DVG,Dai Viet DVG Group Joint Stock Company,STOCK,1
DVN,UPCOM,Tổng Công ty Dược Việt Nam - CTCP,Vietnam Pharmaceutical Corporation - Joint Stock Company,STOCK,1
DWS,UPCOM,CTCP Cấp nước và Môi trường đô thị Đồng Tháp,Dong Thap Water Supply & Urban Environment Joint - Stock Company,STOCK,1
EFI,UPCOM,CTCP Đầu tư Tài chính Giáo dục,Education Financial Investment Joint Stock Company,STOCK,1
EIC,UPCOM,CTCP EVN Quốc tế,EVN International Joint Stock Company,STOCK,1
EIN,UPCOM,CTCP Đầu tư - Thương mại - Dịch vụ Điện Lực,Electricity Investment - Service - Trade Joint Stock Company,STOCK,1
EMS,UPCOM,Tổng Công ty Chuyển phát nhanh Bưu Điện - CTCP,VN Post Express Joint Stock Corporation,STOCK,1
F88,UPCOM,CTCP Đầu tư F88,F88 Investment Joint Stock company,STOCK,1
FCS,UPCOM,CTCP Lương thực Thành phố Hồ Chí Minh,Ho Chi Minh City Food Joint Stock Company,STOCK,1
FIC,UPCOM,Tổng Công ty Vật liệu Xây dựng số 1 - CTCP,Fico Corporation JSC,STOCK,1
FOC,UPCOM,CTCP Dịch vụ Trực tuyến FPT,FPT Online Service Joint Stock Company,STOCK,1
FOX,UPCOM,CTCP Viễn thông FPT,FPT Telecom Joint Stock Company,STOCK,1
FTM,UPCOM,CTCP Đầu tư và Phát triển Đức Quân,Duc Quan Investment and Development Joint Stock Company,STOCK,1
G36,UPCOM,Tổng Công ty 36 - CTCP,36 Corporation,STOCK,1
GCF,UPCOM,CTCP Thực phẩm G.C,G.C Food Joint Stock Company,STOCK,1
GDA,UPCOM,CTCP Tôn Đông Á,Ton Dong A Corporation,STOCK,1
GGG,UPCOM,CTCP Ô tô Giải Phóng,Giai Phong Motor Joint Stock Company,STOCK,1
GMC,UPCOM,CTCP Garmex Sài Gòn,Garmex Saigon Corporation,STOCK,1
GPC,UPCOM,CTCP Tập đoàn Green+,Green Plus Joint Stock Corporation,STOCK,1
GSM,UPCOM,CTCP Thủy điện Hương Sơn,Huong Son Hydro Power Joint Stock Company,STOCK,1
GTS,UPCOM,CTCP Công trình Giao thông Sài Gòn,SaiGon Traffic Construction Joint Stock Company,STOCK,1
HAC,UPCOM,CTCP Chứng khoán Hải Phòng,Hai Phong Securities Joint Stock Company,STOCK,1
HAN,UPCOM,Tổng Công ty Xây dựng Hà Nội - CTCP,Hanoi Construction Corporation - Joint Stock Company,STOCK,1
HBC,UPCOM,CTCP Tập đoàn Xây dựng Hòa Bình,Hoa Binh Construction Group Joint Stock Company,STOCK,1
HDW,UPCOM,CTCP Kinh doanh Nước sạch Hải Dương,Hai Duong Water Joint Stock Company,STOCK,1
HEP,UPCOM,CTCP Môi trường và Công trình Đô thị Huế,Hue Urban Environment And Public Works Joint Stock Company,STOCK,1
HHG,UPCOM,CTCP Hoàng Hà,Hoang Ha Joint Stock Company,STOCK,1
HIO,UPCOM,CTCP Helio Energy,Helio Energy Joint Stock Company,STOCK,1
HKB,UPCOM,CTCP Nông nghiệp và Thực phẩm Hà Nội - Kinh Bắc,Ha Noi - Kinh Bac Agriculture and Food Joint Stock Company,STOCK,1
HND,UPCOM,CTCP Nhiệt điện Hải Phòng,Hai Phong Thermal Power Joint Stock Company,STOCK,1
HNF,UPCOM,CTCP Thực phẩm Hữu Nghị,Huu Nghi Food Joint Stock Company,STOCK,1
HNG,UPCOM,CTCP Nông nghiệp Quốc tế Hoàng Anh Gia Lai,Hoang Anh Gia Lai Agricultural Joint Stock Company,STOCK,1
HNI,UPCOM,CTCP May Hữu Nghị,Huu Nghi Garment Joint Stock Company,STOCK,1
HNM,UPCOM,CTCP Sữa Hà Nội,Hanoi Milk Joint-Stock Company,STOCK,1
HPI,UPCOM,CTCP Khu công nghiệp Hiệp Phước,Hiep Phuoc Industrial Park Joint Stock Company,STOCK,1
HPP,UPCOM,CTCP Sơn Hải Phòng,Hai Phong Paint Joint Stock Company,STOCK,1
HPW,UPCOM,CTCP Cấp nước Hải Phòng,Hai Phong Water Joint Stock Company,STOCK,1
HTE,UPCOM,CTCP Đầu tư Kinh doanh Điện lực Thành phố Hồ Chí Minh,Ho Chi Minh City Electric Power Trading Investment Corporation,STOCK,1
HTM,UPCOM,Tổng Công ty Thương mại Hà Nội - CTCP,Hanoi Trade Joint Stock Corporation,STOCK,1
HTT,UPCOM,CTCP Thương mại Hà Tây,Ha Tay Trading Joint Stock Company,STOCK,1
HU3,UPCOM,CTCP Đầu tư và Xây dựng HUD3,HUD3 Investment and Construction Joint Stock Company,STOCK,1
HVX,UPCOM,CTCP Xi măng VICEM Hải Vân,Vicem Hai Van Cement Joint Stock Company,STOCK,1
HWS,UPCOM,CTCP Cấp nước Huế,Hue Water Supply Joint Stock Company,STOCK,1
ICN,UPCOM,CTCP Đầu tư Xây dựng Dầu khí IDICO,IDICO Investment Construction Oil and Natural Gas Joint Stock Company,STOCK,1
IFS,UPCOM,CTCP Thực phẩm Quốc tế,Interfood Shareholding Company,STOCK,1
ILS,UPCOM,CTCP Đầu tư Thương mại và Dịch vụ Quốc tế,International Investment Trade and Service Joint Stock Company,STOCK,1
ISH,UPCOM,CTCP Thủy điện Srok Phu Miêng IDICO,IDICO Srok Phu Mieng Hydropower Joint Stock Company,STOCK,1
ITS,UPCOM,CTCP Đầu tư Thương mại và Dịch vụ - Vinacomin,"Vinacomin - Investment, Trading and Service Joint Stock Company",STOCK,1
JOS,UPCOM,CTCP Chế biến Thủy sản xuất khẩu Minh Hải,Minh Hai Export Frozen Seafood Processing Joint - Stock Company,STOCK,1
KGM,UPCOM,CTCP Xuất nhập khẩu Kiên Giang,Kien Giang Import & Export Joint Stock Company,STOCK,1
KHW,UPCOM,CTCP Cấp thoát nước Khánh Hòa,Khanh Hoa Water Supply And Sewerage Joint Stock Company,STOCK,1
KSQ,UPCOM,CTCP CNC Capital Việt Nam,CNC Capital Viet Nam Joint Stock Company,STOCK,1
KTL,UPCOM,CTCP Kim Khí Thăng Long,ThangLong Metal Wares Joint Stock Company,STOCK,1
KVC,UPCOM,CTCP Sản xuất Xuất nhập khẩu Inox Kim Vĩ,Kim Vi Inox Import Export Production Joint Stock Company,STOCK,1
L35,UPCOM,CTCP Cơ khí Lắp máy Lilama,Lilama Erection Mechanical Joint Stock Company,STOCK,1
LAI,UPCOM,CTCP Đầu Tư Xây dựng Long An IDICO,IDICO-LongAn Investment Construction Joint Stock Company,STOCK,1
LCM,UPCOM,CTCP Khai thác và Chế biến khoáng sản Lào Cai,Lao Cai Mineral Exploitation and Processing Joint Stock Company,STOCK,1
LDW,UPCOM,CTCP Cấp thoát nước Lâm Đồng,Lam Dong Water Supply And Sewerage Joint Stock Company,STOCK,1
LEC,UPCOM,CTCP Bất động sản Điện lực Miền Trung,Central Power Real Estate Joint Stock Company,STOCK,1
LIC,UPCOM,Tổng Công ty LICOGI - CTCP,LICOGI Corporation - JSC,STOCK,1
LLM,UPCOM,Tổng Công ty Lắp máy Việt Nam - CTCP,VietNam Machinery Installation Corporation - JSC,STOCK,1
LMH,UPCOM,CTCP Quốc Tế Holding,Quoc Te Holding Joint Stock Company,STOCK,1
LSG,UPCOM,CTCP Bất động sản Sài Gòn Vina,Saigon Vina Land Joint Stock Company,STOCK,1
M10,UPCOM,Tổng Công ty May 10 - CTCP,Garment 10 Corporation - Joint Stock Company,STOCK,1
MCG,UPCOM,CTCP Năng lượng và Bất động sản MCG,MCG Energy and Real Estate Joint Stock Company,STOCK,1
MDF,UPCOM,CTCP Gỗ MDF VRG - Quảng Trị,MDF VRG - Quang Tri Wood Joint Stock Company,STOCK,1
MFS,UPCOM,CTCP Dịch vụ Kỹ thuật Mobifone,Mobifone Technical Services Joint Stock Company,STOCK,1
MH3,UPCOM,CTCP Khu Công nghiệp Cao su Bình Long,Binh Long Rubber Industrial Park Corporation,STOCK,1
MIE,UPCOM,Tổng Công ty Máy và Thiết bị Công nghiệp - CTCP,Machines and Industrial Equipment Corporation,STOCK,1
MKP,UPCOM,CTCP Hoá - Dược phẩm Mekophar,Mekophar Chemical Pharmaceutical Joint Stock Company,STOCK,1
MML,UPCOM,CTCP Masan MeatLife,Masan MeatLife Corporation,STOCK,1
MPC,UPCOM,CTCP Tập đoàn Thủy sản Minh Phú,Minh Phu Seafood Joint Stock Company,STOCK,1
MSR,UPCOM,CTCP Masan High-Tech Materials,Masan High-Tech Materials Corporation,STOCK,1
MTA,UPCOM,Tổng Công ty Khoáng sản và Thương mại Hà Tĩnh - CTCP,Ha Tinh Minerals and Trading Joint Stock Corporation,STOCK,1
MVC,UPCOM,CTCP Vật liệu và Xây dựng Bình Dương,Binh Duong Building Materials and Construction Corporation ,STOCK,1
MVN,UPCOM,Tổng Công ty Hàng hải Việt Nam - CTCP,Vietnam Maritime Corporation,STOCK,1
NAW,UPCOM,CTCP Cấp nước Nghệ An,Nghe An Water Supply Joint Stock Company,STOCK,1
NBT,UPCOM,CTCP Cấp thoát nước Bến Tre,Ben Tre Water Supply and Sewerage Joint Stock Company,STOCK,1
NCG,UPCOM,CTCP Đầu tư Anova Agri,Anova Agri Investment Joint Stock Company,STOCK,1
ND2,UPCOM,CTCP Đầu tư và Phát triển Điện Miền Bắc 2,Northern Electricity Development and Investment Joint Stock Company No. 2,STOCK,1
NDW,UPCOM,CTCP Cấp nước Nam Định,Nam Dinh Water Supply Joint Stock Company,STOCK,1
NED,UPCOM,CTCP Đầu tư và Phát triển Điện Tây Bắc,North - West Electric Investment and Development Joint Stock Company,STOCK,1
NQN,UPCOM,CTCP Nước sạch Quảng Ninh,Quang Ninh Clean Water Joint Stock Company,STOCK,1
NTT,UPCOM,CTCP Dệt - May Nha Trang,Nha Trang Textile & Garment Joint Stock Company,STOCK,1
OIL,UPCOM,Tổng Công ty Dầu Việt Nam - CTCP,PetroVietnam Oil Corporation,STOCK,1
PAP,UPCOM,CTCP Dầu khí Đầu tư Khai thác Cảng Phước An,Petro Vietnam Phuoc An Port Investment  & Operation Joint Stock Company,STOCK,1
PAS,UPCOM,CTCP Quốc tế Phương Anh,Phuong Anh International Joint Stock Company,STOCK,1
PAT,UPCOM,CTCP Phốt Pho Apatit Việt Nam,Viet Nam Apatite - Phosphorus Joint Stock Company,STOCK,1
PBC,UPCOM,CTCP Dược phẩm Trung ương I - Pharbaco,Pharbaco Central Pharmaceutical Joint Stock Company No1,STOCK,1
PEG,UPCOM,Tổng Công ty Thương mại Kỹ thuật và Đầu tư - CTCP,Petec Trading and Investment Corporation,STOCK,1
PFL,UPCOM,CTCP Dầu khí Đông Đô,Petroleum Dong Do Joint Stock Company,STOCK,1
PGB,UPCOM,Ngân hàng TMCP Thịnh vượng và Phát triển,Prosperity and Growth Commercial Joint Stock Bank,STOCK,1
PHP,UPCOM,CTCP Cảng Hải Phòng,Port of Hai Phong Joint Stock Company,STOCK,1
PHS,UPCOM,CTCP Chứng khoán Phú Hưng,Phu Hung Securities Corporation,STOCK,1
PIS,UPCOM,Tổng Công ty Pisico Bình Định - CTCP,PISICO Binh Dinh Corporation Joint Stock Company,STOCK,1
PIV,UPCOM,CTCP PIV,PIV Joint Stock Company,STOCK,1
PMW,UPCOM,CTCP Cấp nước Phú Mỹ,Phu My Water Supply Joint Stock Company,STOCK,1
POM,UPCOM,CTCP Thép Pomina,Pomina Steel Corporation,STOCK,1
POS,UPCOM,CTCP Vận hành và Xây lắp PTSC,PTSC Offshore Services Joint Stock Company,STOCK,1
PPH,UPCOM,Tổng Công ty cổ phần Phong Phú,Phong Phu Corporation,STOCK,1
PRT,UPCOM,Tổng Công ty Sản xuất - Xuất nhập khẩu Bình Dương - CTCP,Binh Duong Producing and Trading Corporation,STOCK,1
PSB,UPCOM,CTCP Cảng Kỹ thuật PTSC Sao Mai,PTSC Sao Mai Technical Port Joint Stock Company,STOCK,1
PSL,UPCOM,CTCP Chăn nuôi Phú Sơn,Phu Son Livestock Joint Stock Company,STOCK,1
PSN,UPCOM,CTCP Dịch Vụ Kỹ Thuật PTSC Thanh Hóa,PTSC Thanh Hoa Technical Services Company,STOCK,1
PSP,UPCOM,CTCP Cảng Dịch vụ Dầu khí Đình Vũ,Dinh Vu Petroleum Service Port Joint Stock Company,STOCK,1
PTM,UPCOM,CTCP Sản xuất Thương mại và Dịch vụ Ô tô PTM,"PTM Automobile Service, Trading And Manufacturing Joint Stock Company",STOCK,1
PTV,UPCOM,CTCP Thương mại Dầu khí,Petroleum Trading Joint Stock Company,STOCK,1
PVE,UPCOM,Tổng Công ty Tư vấn thiết kế Dầu khí - CTCP,PetroVietnam Engineering Consultancy Joint Stock Company,STOCK,1
PVH,UPCOM,CTCP Xây lắp Dầu khí Thanh Hóa,Thanh Hoa Petroleum Construction Joint Stock Company,STOCK,1
PVL,UPCOM,CTCP Địa ốc Dầu khí,Petroleum Real Estate Joint Stock Company,STOCK,1
PVM,UPCOM,CTCP Máy - Thiết bị Dầu khí,PetroVietnam Machinery-Technology Joint Stock Company,STOCK,1
PVR,UPCOM,CTCP Đầu tư PVR Hà Nội,Ha Noi PVR Investment Joint Stock Company,STOCK,1
PVV,UPCOM,CTCP Vinaconex 39,Vinaconex 39 Joint Stock Company,STOCK,1
PVX,UPCOM,Tổng Công ty cổ phần Xây lắp Dầu khí Việt Nam,Petro Vietnam Construction Joint Stock Corporation,STOCK,1
PVY,UPCOM,CTCP Chế tạo Giàn khoan Dầu khí,PetroVietnam Marine Shipyard Joint Stock Company,STOCK,1
PWS,UPCOM,CTCP Cấp thoát nước Phú Yên,Phu Yen Water Supply And Sewerage Joint Stock Company,STOCK,1
PXI,UPCOM,CTCP Xây dựng Công nghiệp và Dân dụng Dầu khí,Petroleum Industrial and Civil Construction Joint Stock Company,STOCK,1
PXL,UPCOM,CTCP Đầu tư Khu Công nghiệp Dầu khí Long Sơn,Long Son Petroleum Industrial Zone Investment Joint Stock Company,STOCK,1
PXM,UPCOM,CTCP Xây lắp Dầu khí Miền Trung,Mien Trung Petroleum Construction Joint Stock Company,STOCK,1
PXS,UPCOM,CTCP Kết cấu Kim loại và Lắp máy Dầu khí,Petroleum Equipment Assembly and Metal Structure Joint Stock Company,STOCK,1
QBS,UPCOM,CTCP Xuất nhập khẩu Quảng Bình,Quang Binh Import and Export Joint Stock Company,STOCK,1
QNC,UPCOM,CTCP Xi măng và Xây dựng Quảng Ninh,Quang Ninh Construction and Cement Joint Stock Company,STOCK,1
QNS,UPCOM,CTCP Đường Quảng Ngãi,Quang Ngai Sugar Joint Stock Company,STOCK,1
QTP,UPCOM,CTCP Nhiệt điện Quảng Ninh,Quang Ninh Thermal Power Joint Stock Company,STOCK,1
RCC,UPCOM,CTCP Tổng Công ty Công trình Đường sắt Việt Nam,Vietnam Railway Construction Corporation Joint Stock Company,STOCK,1
RIC,UPCOM,CTCP Quốc tế Hoàng Gia,Royal International Joint Stock Corporation,STOCK,1
RTB,UPCOM,CTCP Cao su Tân Biên,Tan Bien Rubber Joint Stock Company,STOCK,1
SAS,UPCOM,CTCP Dịch vụ Hàng không Sân bay Tân Sơn Nhất,Southern Airports Services Joint Stock Company,STOCK,1
SBB,UPCOM,CTCP Tập đoàn Bia Sài Gòn - Bình Tây,SaiGon Binh Tay Beer Group Joint Stock Company,STOCK,1
SBH,UPCOM,CTCP Thủy điện Sông Ba Hạ,Song Ba Ha Hydro Power Joint Stock Company,STOCK,1
SBM,UPCOM,CTCP Đầu tư Phát triển Bắc Minh,Bac Minh Development Investment Joint Stock Company,STOCK,1
SBR,UPCOM,CTCP Cao su Sông Bé,Song Be Rubber Joint Stock Company,STOCK,1
SBS,UPCOM,CTCP Chứng khoán SBS,SBS Securities Joint Stock Company,STOCK,1
SCJ,UPCOM,CTCP Xi măng Sài Sơn,Sai Son Cement Joint Stock Company,STOCK,1
SCL,UPCOM,CTCP Sông Đà Cao Cường,Song Da Cao Cuong Joint Stock Company,STOCK,1
SD6,UPCOM,CTCP Sông Đà 6,Song Da 6 Joint Stock Company,STOCK,1
SDA,UPCOM,CTCP Simco Sông Đà,SIMCO Song Da Joint Stock Company,STOCK,1
SDK,UPCOM,CTCP Cơ khí Luyện kim,Mechanical Engineering & Metallurgy Joint-Stock Company,STOCK,1
SDT,UPCOM,CTCP Sông Đà 10,Song Da No 10 Joint Stock Company,STOCK,1
SEA,UPCOM,Tổng Công ty Thủy sản Việt Nam - CTCP,Vietnam Seaproducts Joint Stock Corporation,STOCK,1
SGB,UPCOM,Ngân hàng TMCP Sài Gòn Công Thương,Saigon Bank For Industry and Trade,STOCK,1
SGI,UPCOM,CTCP Đầu tư SGI Holdings,SGI Holdings Investment Joint Stock Company,STOCK,1
SGP,UPCOM,CTCP Cảng Sài Gòn,Saigon Port Joint Stock Company,STOCK,1
SID,UPCOM,CTCP Đầu tư Phát triển Sài Gòn Co.op,Saigon Co.op Investment Development Joint Stock Company,STOCK,1
SII,UPCOM,CTCP Hạ tầng Nước Sài Gòn,Sai Gon Water Infrastructure Corporation,STOCK,1
SIV,UPCOM,CTCP SIVICO,SIVICO Joint Stock Company,STOCK,1
SJG,UPCOM,Tổng Công ty Sông Đà - CTCP,Song Da Corporation - JSC,STOCK,1
SKH,UPCOM,CTCP Nước giải khát Sanest Khánh Hòa,Khanh Hoa Sanest Soft Drink Joint Stock Company,STOCK,1
SKV,UPCOM,CTCP Nước giải khát Yến sào Khánh Hòa,Khanh Hoa Salanganes Nest Soft Drink Joint Stock Company,STOCK,1
SNZ,UPCOM,Tổng Công ty cổ phần Phát triển Khu Công nghiệp,Sonadezi Corporation,STOCK,1
SP2,UPCOM,CTCP Thủy điện Sử Pán 2,Su Pan 2 Hydroprwer Joint Stock Company,STOCK,1
SSH,UPCOM,CTCP Phát triển Sunshine Homes,Sunshine Homes Development Joint Stock Company,STOCK,1
SVG,UPCOM,CTCP Hơi Kỹ nghệ Que hàn,Industrial Gas and Welding Electrode Joint Stock Company,STOCK,1
SWC,UPCOM,Tổng Công ty cổ phần Đường sông Miền Nam,Southern Waterborne Transport Corporation,STOCK,1
SZE,UPCOM,CTCP Môi trường Sonadezi,Sonadezi Environment Joint Stock Company,STOCK,1
SZG,UPCOM,CTCP Sonadezi Giang Điền,Sonadezi Giang Dien Shareholding Company,STOCK,1
TAH,UPCOM,CTCP Thương mại Dịch vụ Giấy Thuận An,Thuan An Paper Service Trading Joint Stock Company,STOCK,1
TAR,UPCOM,CTCP Nông nghiệp Công nghệ cao Trung An,Trung An Hi-Tech Farming Joint Stock Company,STOCK,1
TBD,UPCOM,Tổng Công ty Thiết bị Điện Đông Anh - CTCP,Dong Anh Electrical Equipment Corporation - Joint Stock Company,STOCK,1
TCD,UPCOM,CTCP Tập đoàn Xây dựng TRACODI,TRACODI Construction Holdings Joint Stock Company,STOCK,1
TCW,UPCOM,CTCP Kho Vận Tân Cảng,Tan Cang Warehousing Joint Stock Company,STOCK,1
TDB,UPCOM,CTCP Thủy điện Định Bình,Dinh Binh Hydro Power Joint Stock Company,STOCK,1
TDF,UPCOM,CTCP Trung Đô,Trung Do Joint Stock Company,STOCK,1
TGP,UPCOM,CTCP Trường Phú,Truong Phu Corporation,STOCK,1
THN,UPCOM,CTCP Cấp nước Thanh Hóa,Thanh Hoa Water Supply Joint Stock Company,STOCK,1
THP,UPCOM,CTCP Thủy sản và Thương mại Thuận Phước,Thuan Phuoc Seafoods and Trading Corporation,STOCK,1
TID,UPCOM,CTCP Tổng Công ty Tín Nghĩa,Tin Nghia Corporation,STOCK,1
TIN,UPCOM,Công Ty Tài chính tổng hợp cổ phần Tín Việt,VietCredit General Finance Joint Stock Company,STOCK,1
TIS,UPCOM,CTCP Gang thép Thái Nguyên,Thai Nguyen Iron and Steel Joint Stock Corporation,STOCK,1
TLP,UPCOM,Tổng Công ty Thương mại Xuất nhập khẩu Thanh Lễ - CTCP,Thanh Le Corporation,STOCK,1
TNS,UPCOM,CTCP Thép tấm lá Thống Nhất,Thong Nhat Flat Steel Joint Stock Company,STOCK,1
TOS,UPCOM,CTCP Dịch vụ biển Tân Cảng,Tan Cang Offshore Services Joint Stock Company,STOCK,1
TRV,UPCOM,CTCP Vận tải Đường sắt,Railway Transport Joint Stock Company,STOCK,1
TS3,UPCOM,CTCP Trường Sơn 532,Truong Son 532 Joint Stock Company,STOCK,1
TSJ,UPCOM,CTCP Du lịch Dịch vụ Hà Nội,HaNoi Tourist Service Joint Stock Company,STOCK,1
TTN,UPCOM,CTCP Công nghệ và Truyền thông Việt Nam,Viet Nam Technology and Telecommunication Joint Stock Company,STOCK,1
TTS,UPCOM,CTCP Cán Thép Thái Trung,Thai Trung Rooling Joint Stock Company,STOCK,1
TV1,UPCOM,CTCP Tư vấn Xây dựng Điện 1,Power Engineering Consulting Joint Stock Company 1,STOCK,1
TVN,UPCOM,Tổng Công ty Thép Việt Nam - CTCP,Viet Nam Steel Corporation ,STOCK,1
UDC,UPCOM,CTCP Đầu tư Xây dựng UDCons,UDCons Construction Investment Corporation,STOCK,1
ULG,UPCOM,CTCP Logistics U&I,U&I Logistics Corporation,STOCK,1
VAF,UPCOM,CTCP Phân lân Nung chảy Văn Điển,Van Dien Fused Magnesium Phosphate Fertilizer Joint Stock Company,STOCK,1
VAV,UPCOM,CTCP VIWACO,VIWACO Joint Stock Company,STOCK,1
VCP,UPCOM,CTCP Xây Dựng Và Năng Lượng VCP,VCP Power & Construction Joint Stock Company,STOCK,1
VCR,UPCOM,CTCP Đầu tư và Phát triển Du lịch ITC,ITC Investment and Tourism Development Joint Stock Company,STOCK,1
VCX,UPCOM,CTCP Xi măng Yên Bình,YenBinh Cement Joint - Stock Company,STOCK,1
VEA,UPCOM,Tổng Công ty Máy động lực và Máy nông nghiệp Việt Nam – CTCP,Viet Nam Engine and Agricultural Machinery Corporation,STOCK,1
VEC,UPCOM,Tổng Công ty cổ phần Điện tử và Tin học Việt Nam,Vietnam Electronics and Informatics Joint Stock Corporation,STOCK,1
VEF,UPCOM,CTCP Trung tâm Hội chợ Triển lãm Việt Nam,Vietnam Exhibition Fair Centre Joint Stock Company,STOCK,1
VGG,UPCOM,Tổng Công ty cổ phần May Việt Tiến,Viet Tien Garment Corporation,STOCK,1
VGI,UPCOM,Tổng Công ty cổ phần Đầu tư Quốc tế Viettel,Viettel Global Investment Joint Stock Company,STOCK,1
VGR,UPCOM,CTCP Cảng Xanh Vip, Vip Greenport Joint Stock Company ,STOCK,1
VGT,UPCOM,Tập đoàn Dệt May Việt Nam,Vietnam National Textile and Garment Group,STOCK,1
VGV,UPCOM,Tổng Công ty Tư vấn Xây dựng Việt Nam - CTCP,Vietnam National Construction Consultant Corporation - JSC,STOCK,1
VHD,UPCOM,CTCP Đầu tư Phát triển Nhà và Đô Thị VINAHUD,VINAHUD Urban and Housing Development Investment Joint Stock Company,STOCK,1
VHF,UPCOM,CTCP Xây dựng và Chế biến Lương thực Vĩnh Hà,Vinh Ha Food Processing and Construction Joint Stock Company,STOCK,1
VHG,UPCOM,CTCP Đầu tư Phát triển Việt Trung Nam,Viet Trung Nam Investment and Development Joint Stock Company,STOCK,1
VIM,UPCOM,CTCP Khoáng sản Viglacera,Viglacera Mineral Joint Stock Company,STOCK,1
VIN,UPCOM,CTCP Giao nhận Kho vận Ngoại Thương Việt Nam,Vinatrans,STOCK,1
VIW,UPCOM,Tổng Công ty Đầu tư Nước và Môi trường Việt Nam,Vietnam Water and Environment Investment Corporation - JSC,STOCK,1
VLB,UPCOM,CTCP Xây dựng và Sản xuất Vật liệu xây dựng Biên Hòa,Bien Hoa Building Materials Production and Construction Joint Stock Company,STOCK,1
VLC,UPCOM,Tổng Công ty Chăn Nuôi Việt Nam - CTCP,Vietnam Livestock Corporation - Joint Stock Company,STOCK,1
VLS,UPCOM,CTCP Sản xuất Thép Việt Long,Viet Long Steel Production Joint Stock Company,STOCK,1
VLW,UPCOM,CTCP Cấp nước Vĩnh Long,Vinh Long Water Supply Joint Stock Company ,STOCK,1
VNA,UPCOM,CTCP Vận tải Biển Vinaship,Vinaship Joint Stock Company,STOCK,1
VNB,UPCOM,CTCP Sách Việt Nam,Vietnam Books Joint Stock Company,STOCK,1
VNE,UPCOM,Tổng Công ty cổ phần Xây dựng Điện Việt Nam,Vietnam Electricity Construction Joint Stock Corporation,STOCK,1
VNZ,UPCOM,CTCP Tập đoàn VNG ,VNG Group Joint Stock Company,STOCK,1
VRG,UPCOM,CTCP Phát triển Đô thị và Khu công nghiệp Cao su Việt Nam,Viet Nam Rubber Industrial Zone and Urban Development Joint Stock Company,STOCK,1
VSF,UPCOM,Tổng Công ty Lương thực Miền Nam - CTCP,Vietnam Southern Food Corporation - Joint Stock Company,STOCK,1
VSN,UPCOM,CTCP Việt Nam Kỹ nghệ Súc sản,Vissan Joint Stock Company,STOCK,1
VST,UPCOM,CTCP Vận tải và Thuê tàu biển Việt Nam,Vietnam Sea Transport and Chartering Joint Stock Company,STOCK,1
VTD,UPCOM,CTCP Vietourist Holdings,Vietourist Holdings Joint Stock Company,STOCK,1
VTK,UPCOM,CTCP Tư Vấn Và Dịch Vụ Viettel,Viettel Consultancy And Services Joint Stock Company,STOCK,1
VTR,UPCOM,CTCP Du lịch Vietravel,Vietravel Tourism Joint Stock Company,STOCK,1
VUA,UPCOM,CTCP Chứng khoán Stanley Brothers,Stanley Brothers Securities Incorporation,STOCK,1
VVN,UPCOM,Tổng Công ty cổ phần Xây dựng Công nghiệp Việt Nam,Vietnam Industrial Construction Corporation,STOCK,1
XDH,UPCOM,CTCP Đầu tư Xây dựng Dân dụng Hà Nội,Hanoi Civil Construction Investment Joint Stock Company,STOCK,1
XHC,UPCOM,CTCP Xuân Hòa Việt Nam,Xuan Hoa Viet Nam Joint Stock Company,STOCK,1
XMC,UPCOM,CTCP Đầu tư và Xây dựng Xuân Mai,Xuan Mai Investment and Construction Corporation,STOCK,1
