symbol,exchange,source,status,sessions_available,latest_date,latest_close,ma200,ma200_status,avg_volume_10,avg_volume_10_status,updated_at,elapsed_seconds,error
ADC,HNX,KBS,PARTIAL,116,2026-07-30,16.5,,NOT_ENOUGH_DATA,1890.0,OK,2026-07-31T01:24:32.911814+07:00,4.6,
AMV,HNX,KBS,PARTIAL,113,2026-07-30,1.3,,NOT_ENOUGH_DATA,573950.0,OK,2026-07-31T01:24:37.601779+07:00,1.39,
API,HNX,KBS,OK,297,2026-07-30,5.5,6.373499999999999,OK,94310.0,OK,2026-07-31T01:24:42.474770+07:00,1.57,
APS,HNX,KBS,OK,297,2026-07-30,5.8,6.984000000000001,OK,393570.0,OK,2026-07-31T01:24:47.388317+07:00,1.61,
ARM,HNX,KBS,PARTIAL,23,2026-03-16,45.8,,NOT_ENOUGH_DATA,1160.0,OK,2026-07-31T01:24:52.073497+07:00,1.38,
ATS,HNX,KBS,PARTIAL,56,2026-06-30,24.7,,NOT_ENOUGH_DATA,160.0,OK,2026-07-31T01:24:56.720596+07:00,1.35,
BAB,HNX,KBS,OK,297,2026-07-30,10.6,10.880249999999998,OK,8130.0,OK,2026-07-31T01:25:01.177006+07:00,1.16,
BVS,HNX,KBS,OK,297,2026-07-30,26.2,29.315199999999994,OK,1334090.0,OK,2026-07-31T01:25:06.052079+07:00,1.57,
C69,HNX,KBS,OK,297,2026-07-30,17.4,15.721000000000002,OK,603610.0,OK,2026-07-31T01:25:10.970691+07:00,1.62,
CAR,HNX,KBS,PARTIAL,24,2026-07-30,13.6,,NOT_ENOUGH_DATA,118210.0,OK,2026-07-31T01:25:15.644496+07:00,1.37,
CEO,HNX,KBS,OK,297,2026-07-30,11.7,18.394000000000002,OK,6589040.0,OK,2026-07-31T01:25:20.529508+07:00,1.58,
DST,HNX,KBS,OK,297,2026-07-30,7.1,9.096,OK,257980.0,OK,2026-07-31T01:25:25.276923+07:00,1.45,
DTD,HNX,KBS,OK,297,2026-07-30,12.4,14.73195,OK,118400.0,OK,2026-07-31T01:25:30.201348+07:00,1.62,
DXP,HNX,KBS,OK,297,2026-07-30,14.0,12.314,OK,204610.0,OK,2026-07-31T01:25:34.688917+07:00,1.19,
EVS,HNX,KBS,OK,297,2026-07-30,5.9,5.501500000000001,OK,670820.0,OK,2026-07-31T01:25:39.158004+07:00,1.17,
HUT,HNX,KBS,OK,297,2026-07-30,14.8,16.1425,OK,2644820.0,OK,2026-07-31T01:25:44.044158+07:00,1.59,
IDC,HNX,KBS,OK,297,2026-07-30,32.5,36.423950000000005,OK,1128670.0,OK,2026-07-31T01:25:48.509608+07:00,1.16,
IDJ,HNX,KBS,OK,297,2026-07-30,3.8,4.5995,OK,358970.0,OK,2026-07-31T01:25:52.954624+07:00,1.14,
KSF,HNX,KBS,OK,297,2026-07-30,78.2,79.7105,OK,174700.0,OK,2026-07-31T01:25:57.828423+07:00,1.57,
L14,HNX,KBS,OK,297,2026-07-30,18.2,25.679499999999997,OK,48240.0,OK,2026-07-31T01:26:02.690713+07:00,1.56,
LAS,HNX,KBS,OK,297,2026-07-30,11.7,16.088,OK,207600.0,OK,2026-07-31T01:26:07.555451+07:00,1.56,
MBG,HNX,KBS,OK,297,2026-07-30,2.4,3.011,OK,205370.0,OK,2026-07-31T01:26:12.414918+07:00,1.56,
MBS,HNX,KBS,OK,297,2026-07-30,18.4,21.211350000000003,OK,7530340.0,OK,2026-07-31T01:26:17.312192+07:00,1.6,
MST,HNX,KBS,OK,297,2026-07-30,10.4,7.423500000000001,OK,3327350.0,OK,2026-07-31T01:26:21.785491+07:00,1.17,
NDN,HNX,KBS,OK,297,2026-07-30,9.1,11.026499999999999,OK,153310.0,OK,2026-07-31T01:26:26.927181+07:00,1.84,
NRC,HNX,KBS,OK,297,2026-07-30,4.6,6.068,OK,3014030.0,OK,2026-07-31T01:26:31.787211+07:00,1.56,
NTP,HNX,KBS,OK,297,2026-07-30,48.4,50.04215,OK,73880.0,OK,2026-07-31T01:26:36.264028+07:00,1.18,
NVB,HNX,KBS,OK,297,2026-07-30,11.6,12.633999999999999,OK,420240.0,OK,2026-07-31T01:26:41.149187+07:00,1.58,
PLC,HNX,KBS,OK,297,2026-07-30,19.3,24.965500000000002,OK,122950.0,OK,2026-07-31T01:26:46.003329+07:00,1.55,
PVC,HNX,KBS,OK,297,2026-07-30,12.1,13.75,OK,424250.0,OK,2026-07-31T01:26:50.483324+07:00,1.18,
PVS,HNX,KBS,OK,297,2026-07-30,34.8,37.51455000000001,OK,3408240.0,OK,2026-07-31T01:26:55.377282+07:00,1.59,
SHN,HNX,KBS,OK,295,2026-07-30,8.6,4.5735,OK,483330.0,OK,2026-07-31T01:26:59.871496+07:00,1.19,
SHS,HNX,KBS,OK,297,2026-07-30,15.6,19.242000000000004,OK,13358520.0,OK,2026-07-31T01:27:04.742634+07:00,1.57,
SVN,HNX,KBS,OK,297,2026-07-30,2.8,2.4665,OK,234000.0,OK,2026-07-31T01:27:09.211686+07:00,1.17,
TIG,HNX,KBS,OK,297,2026-07-30,6.0,7.3870000000000005,OK,613300.0,OK,2026-07-31T01:27:14.122977+07:00,1.61,
TNG,HNX,KBS,OK,297,2026-07-30,17.6,19.724800000000002,OK,588950.0,OK,2026-07-31T01:27:18.571400+07:00,1.15,
VC3,HNX,KBS,OK,297,2026-07-30,25.8,26.828000000000003,OK,1466980.0,OK,2026-07-31T01:27:23.033560+07:00,1.16,
VC7,HNX,KBS,OK,297,2026-07-30,7.3,8.800350000000002,OK,94050.0,OK,2026-07-31T01:27:27.492003+07:00,1.16,
VFS,HNX,KBS,OK,297,2026-07-30,9.8,12.880450000000002,OK,713350.0,OK,2026-07-31T01:27:31.943313+07:00,1.15,
VHE,HNX,KBS,OK,297,2026-07-30,3.0,3.5615000000000006,OK,145440.0,OK,2026-07-31T01:27:36.432375+07:00,1.19,
VTV,HNX,KBS,OK,297,2026-07-30,13.0,14.345500000000001,OK,59140.0,OK,2026-07-31T01:27:41.297188+07:00,1.56,
VTZ,HNX,KBS,OK,297,2026-07-30,20.4,19.721500000000002,OK,1027960.0,OK,2026-07-31T01:27:45.776908+07:00,1.18,
AAA,HOSE,KBS,OK,297,2026-07-30,7.09,7.2482500000000005,OK,761990.0,OK,2026-07-31T01:27:50.250630+07:00,1.17,
ABS,HOSE,KBS,OK,297,2026-07-30,3.1,3.025550000000001,OK,566900.0,OK,2026-07-31T01:27:54.804212+07:00,1.25,
ACB,HOSE,KBS,OK,297,2026-07-30,22.35,21.18545,OK,17872710.0,OK,2026-07-31T01:27:59.689180+07:00,1.58,
ACC,HOSE,KBS,OK,290,2026-07-30,4.83,12.491700000000002,OK,756300.0,OK,2026-07-31T01:28:04.151447+07:00,1.16,
AFX,HOSE,KBS,OK,291,2026-07-30,10.1,10.77575,OK,121270.0,OK,2026-07-31T01:28:08.626540+07:00,1.17,
AGG,HOSE,KBS,OK,297,2026-07-30,11.75,13.693249999999999,OK,410080.0,OK,2026-07-31T01:28:13.068225+07:00,1.14,
AGR,HOSE,KBS,OK,297,2026-07-30,13.25,15.335999999999999,OK,452050.0,OK,2026-07-31T01:28:17.946946+07:00,1.58,
ANV,HOSE,KBS,OK,297,2026-07-30,17.6,24.902849999999997,OK,596310.0,OK,2026-07-31T01:28:22.811934+07:00,1.56,
APG,HOSE,KBS,OK,297,2026-07-30,4.66,7.9606,OK,224330.0,OK,2026-07-31T01:28:27.299244+07:00,1.19,
APH,HOSE,KBS,OK,297,2026-07-30,5.61,5.9687,OK,169710.0,OK,2026-07-31T01:28:31.776993+07:00,1.18,
ASM,HOSE,KBS,OK,297,2026-07-30,5.95,6.23035,OK,579130.0,OK,2026-07-31T01:28:36.245076+07:00,1.17,
ASP,HOSE,KBS,OK,297,2026-07-30,11.15,5.98875,OK,409960.0,OK,2026-07-31T01:28:40.727708+07:00,1.18,
BAF,HOSE,KBS,OK,297,2026-07-30,29.65,29.398399999999995,OK,1531880.0,OK,2026-07-31T01:28:45.203545+07:00,1.18,
BCE,HOSE,KBS,OK,297,2026-07-30,5.48,8.816849999999999,OK,627310.0,OK,2026-07-31T01:28:49.682424+07:00,1.18,
BCM,HOSE,KBS,OK,297,2026-07-30,36.3,58.45195,OK,615260.0,OK,2026-07-31T01:28:54.159308+07:00,1.18,
BFC,HOSE,KBS,OK,297,2026-07-30,51.0,53.27525,OK,202640.0,OK,2026-07-31T01:28:58.631490+07:00,1.17,
BID,HOSE,KBS,OK,297,2026-07-30,37.25,41.143600000000006,OK,4074260.0,OK,2026-07-31T01:29:03.106247+07:00,1.17,
BKG,HOSE,KBS,OK,297,2026-07-30,2.08,2.674,OK,341110.0,OK,2026-07-31T01:29:07.583311+07:00,1.18,
BSI,HOSE,KBS,OK,297,2026-07-30,28.0,34.2434,OK,526490.0,OK,2026-07-31T01:29:12.026000+07:00,1.14,
BSR,HOSE,KBS,OK,297,2026-07-30,25.7,23.33185,OK,8375300.0,OK,2026-07-31T01:29:16.488439+07:00,1.16,
BVB,HOSE,KBS,OK,289,2026-07-30,12.4,13.103,OK,3004310.0,OK,2026-07-31T01:29:21.354679+07:00,1.57,
BVH,HOSE,KBS,OK,297,2026-07-30,61.1,65.27205,OK,292180.0,OK,2026-07-31T01:29:25.803350+07:00,1.15,
BWE,HOSE,KBS,OK,297,2026-07-30,43.0,43.54330000000001,OK,156840.0,OK,2026-07-31T01:29:30.693569+07:00,1.59,
CDC,HOSE,KBS,OK,297,2026-07-30,18.9,17.78405,OK,125290.0,OK,2026-07-31T01:29:35.179494+07:00,1.19,
CII,HOSE,KBS,OK,297,2026-07-30,13.4,19.81825,OK,8793230.0,OK,2026-07-31T01:29:39.656010+07:00,1.18,
CMG,HOSE,KBS,OK,297,2026-07-30,24.1,31.0079,OK,207780.0,OK,2026-07-31T01:29:44.143368+07:00,1.19,
CRC,HOSE,KBS,OK,297,2026-07-30,5.83,8.4898,OK,266930.0,OK,2026-07-31T01:29:49.045232+07:00,1.6,
CRE,HOSE,KBS,OK,297,2026-07-30,7.2,8.03785,OK,138430.0,OK,2026-07-31T01:29:53.898472+07:00,1.55,
CSM,HOSE,KBS,OK,297,2026-07-30,14.6,12.93675,OK,605280.0,OK,2026-07-31T01:29:58.407275+07:00,1.21,
CSV,HOSE,KBS,OK,297,2026-07-30,21.25,27.633500000000005,OK,432480.0,OK,2026-07-31T01:30:03.278837+07:00,1.57,
CTD,HOSE,KBS,OK,297,2026-07-30,59.1,75.2648,OK,466430.0,OK,2026-07-31T01:30:07.773710+07:00,1.19,
CTF,HOSE,KBS,OK,297,2026-07-30,17.65,18.79615,OK,319210.0,OK,2026-07-31T01:30:12.642090+07:00,1.57,
CTG,HOSE,KBS,OK,297,2026-07-30,30.45,34.5742,OK,8716350.0,OK,2026-07-31T01:30:17.560432+07:00,1.62,
CTI,HOSE,KBS,OK,297,2026-07-30,19.4,22.243000000000002,OK,185510.0,OK,2026-07-31T01:30:22.423250+07:00,1.56,
CTR,HOSE,KBS,OK,297,2026-07-30,71.0,76.90145000000001,OK,260180.0,OK,2026-07-31T01:30:26.889288+07:00,1.17,
CTS,HOSE,KBS,OK,297,2026-07-30,21.6,24.842799999999997,OK,2713850.0,OK,2026-07-31T01:30:31.784802+07:00,1.59,
DBC,HOSE,KBS,OK,297,2026-07-30,16.45,21.4687,OK,2285860.0,OK,2026-07-31T01:30:36.688544+07:00,1.6,
DC4,HOSE,KBS,OK,297,2026-07-30,6.59,8.70905,OK,118160.0,OK,2026-07-31T01:30:41.562662+07:00,1.57,
DCL,HOSE,KBS,OK,297,2026-07-30,38.0,42.441,OK,561640.0,OK,2026-07-31T01:30:46.037987+07:00,1.17,
DCM,HOSE,KBS,OK,297,2026-07-30,31.25,36.00355,OK,2049680.0,OK,2026-07-31T01:30:51.004972+07:00,1.67,
DGC,HOSE,KBS,OK,297,2026-07-30,39.05,64.81945,OK,1132180.0,OK,2026-07-31T01:30:55.879427+07:00,1.57,
DGW,HOSE,KBS,OK,297,2026-07-30,36.5,41.746700000000004,OK,792180.0,OK,2026-07-31T01:31:00.363270+07:00,1.18,
DHC,HOSE,KBS,OK,297,2026-07-30,32.95,31.18515,OK,344700.0,OK,2026-07-31T01:31:05.226141+07:00,1.56,
DHM,HOSE,KBS,OK,296,2026-07-30,6.7,6.05725,OK,115790.0,OK,2026-07-31T01:31:10.123014+07:00,1.6,
DIG,HOSE,KBS,OK,297,2026-07-30,10.2,15.796750000000001,OK,11490660.0,OK,2026-07-31T01:31:14.980451+07:00,1.56,
DLG,HOSE,KBS,OK,297,2026-07-30,2.3,2.7247000000000003,OK,662540.0,OK,2026-07-31T01:31:19.854106+07:00,1.57,
DPG,HOSE,KBS,OK,297,2026-07-30,28.1,40.618900000000004,OK,373260.0,OK,2026-07-31T01:31:24.309302+07:00,1.15,
DPM,HOSE,KBS,OK,297,2026-07-30,23.45,25.174,OK,2590670.0,OK,2026-07-31T01:31:29.201963+07:00,1.59,
DRC,HOSE,KBS,OK,297,2026-07-30,10.4,13.418800000000001,OK,264680.0,OK,2026-07-31T01:31:33.657050+07:00,1.15,
DSE,HOSE,KBS,OK,297,2026-07-30,22.1,23.118399999999998,OK,534760.0,OK,2026-07-31T01:31:38.138062+07:00,1.18,
DXG,HOSE,KBS,OK,297,2026-07-30,10.6,14.04875,OK,12895940.0,OK,2026-07-31T01:31:43.011627+07:00,1.57,
DXS,HOSE,KBS,OK,297,2026-07-30,5.93,8.1272,OK,1708190.0,OK,2026-07-31T01:31:47.925451+07:00,1.61,
EIB,HOSE,KBS,OK,297,2026-07-30,17.9,21.783,OK,7534550.0,OK,2026-07-31T01:31:52.395163+07:00,1.17,
ELC,HOSE,KBS,OK,297,2026-07-30,14.9,19.553,OK,416790.0,OK,2026-07-31T01:31:56.867500+07:00,1.17,
EVF,HOSE,KBS,OK,297,2026-07-30,12.4,12.775499999999997,OK,1916370.0,OK,2026-07-31T01:32:01.321551+07:00,1.15,
EVG,HOSE,KBS,OK,297,2026-07-30,4.29,6.7075,OK,478060.0,OK,2026-07-31T01:32:05.817898+07:00,1.2,
FCN,HOSE,KBS,OK,297,2026-07-30,10.75,13.5578,OK,410080.0,OK,2026-07-31T01:32:10.690703+07:00,1.57,
FIT,HOSE,KBS,OK,297,2026-07-30,3.04,4.33475,OK,280600.0,OK,2026-07-31T01:32:15.158025+07:00,1.17,
FPT,HOSE,KBS,OK,297,2026-07-30,67.0,83.86055,OK,6456220.0,OK,2026-07-31T01:32:19.642409+07:00,1.18,
FRT,HOSE,KBS,OK,297,2026-07-30,116.3,136.6146,OK,381910.0,OK,2026-07-31T01:32:24.119479+07:00,1.18,
FTS,HOSE,KBS,OK,297,2026-07-30,21.85,26.95175,OK,1482930.0,OK,2026-07-31T01:32:28.580886+07:00,1.16,
GAS,HOSE,KBS,OK,297,2026-07-30,68.7,80.557,OK,1443810.0,OK,2026-07-31T01:32:33.056171+07:00,1.17,
GEE,HOSE,KBS,OK,297,2026-07-30,66.9,101.22675,OK,1193790.0,OK,2026-07-31T01:32:37.505638+07:00,1.15,
GEG,HOSE,KBS,OK,297,2026-07-30,12.15,14.0097,OK,221810.0,OK,2026-07-31T01:32:41.766311+07:00,0.96,
GEL,HOSE,KBS,PARTIAL,117,2026-07-30,25.35,,NOT_ENOUGH_DATA,1663470.0,OK,2026-07-31T01:32:46.492978+07:00,1.43,
GEX,HOSE,KBS,OK,297,2026-07-30,22.1,29.034399999999994,OK,13756340.0,OK,2026-07-31T01:32:51.373404+07:00,1.58,
GIL,HOSE,KBS,OK,297,2026-07-30,6.7,13.3351,OK,326990.0,OK,2026-07-31T01:32:56.245600+07:00,1.57,
GMD,HOSE,KBS,OK,297,2026-07-30,76.4,69.51299999999999,OK,1404220.0,OK,2026-07-31T01:33:00.707778+07:00,1.16,
GVR,HOSE,KBS,OK,297,2026-07-30,27.55,32.1736,OK,1463730.0,OK,2026-07-31T01:33:05.198022+07:00,1.19,
HAG,HOSE,KBS,OK,297,2026-07-30,14.2,16.237750000000002,OK,2648790.0,OK,2026-07-31T01:33:09.658068+07:00,1.16,
HAH,HOSE,KBS,OK,297,2026-07-30,45.2,54.47125,OK,476130.0,OK,2026-07-31T01:33:14.119110+07:00,1.16,
HAX,HOSE,KBS,OK,297,2026-07-30,8.46,10.375,OK,171500.0,OK,2026-07-31T01:33:18.574329+07:00,1.15,
HCM,HOSE,KBS,OK,297,2026-07-30,25.7,21.492449999999998,OK,5747860.0,OK,2026-07-31T01:33:23.405277+07:00,1.53,
HDB,HOSE,KBS,OK,297,2026-07-30,25.7,26.089899999999997,OK,11914070.0,OK,2026-07-31T01:33:27.862353+07:00,1.16,
HDC,HOSE,KBS,OK,297,2026-07-30,11.6,18.601599999999998,OK,1649330.0,OK,2026-07-31T01:33:32.360849+07:00,1.2,
HDG,HOSE,KBS,OK,297,2026-07-30,16.5,24.197249999999993,OK,1619900.0,OK,2026-07-31T01:33:37.229496+07:00,1.57,
HHP,HOSE,KBS,OK,297,2026-07-30,15.25,13.101750000000003,OK,1205820.0,OK,2026-07-31T01:33:41.723058+07:00,1.19,
HHS,HOSE,KBS,OK,297,2026-07-30,9.8,12.59375,OK,987530.0,OK,2026-07-31T01:33:46.196603+07:00,1.17,
HHV,HOSE,KBS,OK,297,2026-07-30,10.05,11.918800000000001,OK,2493130.0,OK,2026-07-31T01:33:50.693990+07:00,1.2,
HII,HOSE,KBS,OK,297,2026-07-30,6.63,5.573250000000001,OK,328740.0,OK,2026-07-31T01:33:55.186796+07:00,1.19,
HPG,HOSE,KBS,OK,297,2026-07-30,21.8,23.886599999999998,OK,30905820.0,OK,2026-07-31T01:33:59.665327+07:00,1.18,
HPX,HOSE,KBS,OK,297,2026-07-30,4.18,4.7012,OK,668220.0,OK,2026-07-31T01:34:04.527356+07:00,1.56,
HQC,HOSE,KBS,OK,297,2026-07-30,2.15,2.7764499999999996,OK,2183730.0,OK,2026-07-31T01:34:09.450889+07:00,1.62,
HSG,HOSE,KBS,OK,297,2026-07-30,10.9,12.157050000000002,OK,2645780.0,OK,2026-07-31T01:34:14.313202+07:00,1.56,
HSL,HOSE,KBS,OK,297,2026-07-30,8.1,7.075900000000001,OK,341240.0,OK,2026-07-31T01:34:19.200643+07:00,1.59,
HT1,HOSE,KBS,OK,297,2026-07-30,12.3,15.153500000000001,OK,136670.0,OK,2026-07-31T01:34:23.677475+07:00,1.18,
HTN,HOSE,KBS,OK,297,2026-07-30,6.6,7.9033500000000005,OK,93000.0,OK,2026-07-31T01:34:28.845121+07:00,1.87,
HVH,HOSE,KBS,OK,297,2026-07-30,11.4,11.220799999999999,OK,241920.0,OK,2026-07-31T01:34:33.730663+07:00,1.59,
HVN,HOSE,KBS,OK,297,2026-07-30,21.8,25.51525,OK,941530.0,OK,2026-07-31T01:34:38.593497+07:00,1.56,
IDI,HOSE,KBS,OK,297,2026-07-30,4.7,6.5482,OK,306470.0,OK,2026-07-31T01:34:43.500676+07:00,1.61,
IJC,HOSE,KBS,OK,297,2026-07-30,7.2,9.96665,OK,2282890.0,OK,2026-07-31T01:34:48.385978+07:00,1.58,
KBC,HOSE,KBS,OK,297,2026-07-30,28.05,32.79675,OK,1444640.0,OK,2026-07-31T01:34:53.271345+07:00,1.58,
KDH,HOSE,KBS,OK,297,2026-07-30,17.5,27.2125,OK,5873300.0,OK,2026-07-31T01:34:57.753438+07:00,1.18,
KHG,HOSE,KBS,OK,297,2026-07-30,4.73,6.1366499999999995,OK,3207120.0,OK,2026-07-31T01:35:02.226945+07:00,1.17,
KLB,HOSE,KBS,OK,291,2026-07-30,11.25,11.738950000000003,OK,525310.0,OK,2026-07-31T01:35:07.125123+07:00,1.6,
KSB,HOSE,KBS,OK,297,2026-07-30,13.4,16.64425,OK,742780.0,OK,2026-07-31T01:35:11.577784+07:00,1.15,
LCG,HOSE,KBS,OK,297,2026-07-30,7.05,9.1099,OK,920460.0,OK,2026-07-31T01:35:16.454429+07:00,1.58,
LDG,HOSE,KBS,OK,297,2026-07-30,2.69,3.74485,OK,509750.0,OK,2026-07-31T01:35:21.371126+07:00,1.62,
LPB,HOSE,KBS,OK,297,2026-07-30,52.6,45.3916,OK,4125290.0,OK,2026-07-31T01:35:25.834671+07:00,1.16,
MBB,HOSE,KBS,OK,297,2026-07-30,22.5,24.551400000000005,OK,14598350.0,OK,2026-07-31T01:35:30.762003+07:00,1.63,
MCH,HOSE,KBS,OK,292,2026-07-30,142.9,145.7751,OK,437530.0,OK,2026-07-31T01:35:35.305525+07:00,1.24,
MIG,HOSE,KBS,OK,297,2026-07-30,16.8,17.80375,OK,125730.0,OK,2026-07-31T01:35:39.986977+07:00,1.38,
MSB,HOSE,KBS,OK,297,2026-07-30,15.75,13.14925,OK,6857550.0,OK,2026-07-31T01:35:44.434447+07:00,1.15,
MSN,HOSE,KBS,OK,297,2026-07-30,67.9,76.0235,OK,5005700.0,OK,2026-07-31T01:35:49.301297+07:00,1.57,
MWG,HOSE,KBS,OK,297,2026-07-30,69.8,80.87575,OK,6622130.0,OK,2026-07-31T01:35:53.773004+07:00,1.17,
MZG,HOSE,KBS,OK,289,2026-07-30,11.8,11.432,OK,488120.0,OK,2026-07-31T01:35:58.632146+07:00,1.56,
NAB,HOSE,KBS,OK,297,2026-07-30,12.3,11.9656,OK,2081450.0,OK,2026-07-31T01:36:03.092519+07:00,1.16,
NAF,HOSE,KBS,OK,297,2026-07-30,48.25,43.26175,OK,605990.0,OK,2026-07-31T01:36:07.592885+07:00,1.2,
NKG,HOSE,KBS,OK,297,2026-07-30,11.1,13.3092,OK,2073780.0,OK,2026-07-31T01:36:12.051043+07:00,1.16,
NLG,HOSE,KBS,OK,297,2026-07-30,21.55,29.156499999999998,OK,1979490.0,OK,2026-07-31T01:36:16.522896+07:00,1.17,
NT2,HOSE,KBS,OK,297,2026-07-30,21.05,24.26875,OK,662520.0,OK,2026-07-31T01:36:20.982206+07:00,1.16,
NTL,HOSE,KBS,OK,297,2026-07-30,13.7,16.5103,OK,282200.0,OK,2026-07-31T01:36:25.457728+07:00,1.18,
NVL,HOSE,KBS,OK,297,2026-07-30,13.0,13.19915,OK,16216610.0,OK,2026-07-31T01:36:30.364680+07:00,1.61,
OCB,HOSE,KBS,OK,297,2026-07-30,10.35,10.3581,OK,2297080.0,OK,2026-07-31T01:36:34.876530+07:00,1.21,
OGC,HOSE,KBS,OK,297,2026-07-30,2.12,3.33185,OK,288650.0,OK,2026-07-31T01:36:39.573958+07:00,1.4,
ORS,HOSE,KBS,OK,297,2026-07-30,14.2,13.62375,OK,5207300.0,OK,2026-07-31T01:36:44.264805+07:00,1.39,
PAC,HOSE,KBS,OK,297,2026-07-30,15.8,20.687800000000003,OK,145710.0,OK,2026-07-31T01:36:49.148626+07:00,1.58,
PAN,HOSE,KBS,OK,297,2026-07-30,21.3,22.822799999999997,OK,310740.0,OK,2026-07-31T01:36:53.616220+07:00,1.17,
PC1,HOSE,KBS,OK,297,2026-07-30,21.65,22.7933,OK,2239940.0,OK,2026-07-31T01:36:58.072041+07:00,1.16,
PDR,HOSE,KBS,OK,297,2026-07-30,11.85,17.651999999999997,OK,8358550.0,OK,2026-07-31T01:37:02.574328+07:00,1.2,
PET,HOSE,KBS,OK,297,2026-07-30,38.0,28.35165,OK,352710.0,OK,2026-07-31T01:37:07.052121+07:00,1.18,
PHR,HOSE,KBS,OK,297,2026-07-30,57.2,60.63325,OK,387360.0,OK,2026-07-31T01:37:11.901791+07:00,1.55,
PLX,HOSE,KBS,OK,297,2026-07-30,33.85,41.13775,OK,1618530.0,OK,2026-07-31T01:37:16.744700+07:00,1.54,
PNJ,HOSE,KBS,OK,297,2026-07-30,32.5,65.05075,OK,11815150.0,OK,2026-07-31T01:37:21.209376+07:00,1.16,
POW,HOSE,KBS,OK,297,2026-07-30,13.7,13.274849999999999,OK,7127880.0,OK,2026-07-31T01:37:25.672295+07:00,1.16,
PPC,HOSE,KBS,OK,297,2026-07-30,8.84,9.9113,OK,131540.0,OK,2026-07-31T01:37:30.174989+07:00,1.2,
PVP,HOSE,KBS,OK,297,2026-07-30,17.3,15.783400000000002,OK,614490.0,OK,2026-07-31T01:37:34.841565+07:00,1.37,
PVT,HOSE,KBS,OK,297,2026-07-30,18.15,18.92465,OK,3215490.0,OK,2026-07-31T01:37:39.325847+07:00,1.18,
QCG,HOSE,KBS,OK,297,2026-07-30,9.9,13.48625,OK,180650.0,OK,2026-07-31T01:37:43.813769+07:00,1.19,
REE,HOSE,KBS,OK,297,2026-07-30,45.3,53.156499999999994,OK,561930.0,OK,2026-07-31T01:37:48.306409+07:00,1.19,
SAB,HOSE,KBS,OK,297,2026-07-30,43.4,43.79455,OK,614070.0,OK,2026-07-31T01:37:52.751959+07:00,1.15,
SBT,HOSE,KBS,OK,297,2026-07-30,21.3,22.060499999999998,OK,625140.0,OK,2026-07-31T01:37:57.222962+07:00,1.17,
SCR,HOSE,KBS,OK,297,2026-07-30,4.68,6.63645,OK,1382850.0,OK,2026-07-31T01:38:01.698558+07:00,1.18,
SCS,HOSE,KBS,OK,297,2026-07-30,43.4,49.5098,OK,141110.0,OK,2026-07-31T01:38:06.559805+07:00,1.56,
SHB,HOSE,KBS,OK,297,2026-07-30,11.75,15.020199999999999,OK,60812130.0,OK,2026-07-31T01:38:11.407274+07:00,1.55,
SHI,HOSE,KBS,OK,297,2026-07-30,14.0,14.361500000000001,OK,126780.0,OK,2026-07-31T01:38:15.862949+07:00,1.16,
SSI,HOSE,KBS,OK,297,2026-07-30,24.0,29.300099999999997,OK,24786590.0,OK,2026-07-31T01:38:20.739321+07:00,1.58,
STB,HOSE,KBS,OK,297,2026-07-30,71.6,62.3715,OK,4756500.0,OK,2026-07-31T01:38:25.201464+07:00,1.16,
SZC,HOSE,KBS,OK,297,2026-07-30,17.95,28.184250000000002,OK,364720.0,OK,2026-07-31T01:38:30.050674+07:00,1.55,
TAL,HOSE,KBS,OK,289,2026-07-30,20.8,30.890349999999998,OK,219900.0,OK,2026-07-31T01:38:34.930777+07:00,1.58,
TCB,HOSE,KBS,OK,297,2026-07-30,29.3,32.94385,OK,12728500.0,OK,2026-07-31T01:38:39.815248+07:00,1.58,
TCH,HOSE,KBS,OK,297,2026-07-30,11.55,16.8539,OK,5097580.0,OK,2026-07-31T01:38:44.688277+07:00,1.57,
TCM,HOSE,KBS,OK,297,2026-07-30,16.7,22.96635,OK,1483620.0,OK,2026-07-31T01:38:49.563775+07:00,1.58,
TCX,HOSE,KBS,PARTIAL,193,2026-07-30,40.6,,NOT_ENOUGH_DATA,1390970.0,OK,2026-07-31T01:38:54.461157+07:00,1.6,
TDC,HOSE,KBS,OK,297,2026-07-30,7.01,10.1782,OK,347980.0,OK,2026-07-31T01:38:59.338833+07:00,1.58,
TDP,HOSE,KBS,OK,297,2026-07-30,28.0,29.0838,OK,254630.0,OK,2026-07-31T01:39:03.811996+07:00,1.17,
TNI,HOSE,KBS,OK,297,2026-07-30,6.9,5.175650000000001,OK,1764110.0,OK,2026-07-31T01:39:08.260665+07:00,1.15,
TPB,HOSE,KBS,OK,297,2026-07-30,14.4,16.564049999999998,OK,9357370.0,OK,2026-07-31T01:39:12.951430+07:00,1.39,
TTF,HOSE,KBS,OK,297,2026-07-30,1.82,2.70775,OK,428260.0,OK,2026-07-31T01:39:17.427711+07:00,1.18,
TV2,HOSE,KBS,OK,297,2026-07-30,25.55,33.5883,OK,142010.0,OK,2026-07-31T01:39:22.288316+07:00,1.56,
VAB,HOSE,KBS,OK,289,2026-07-30,10.25,10.6657,OK,574880.0,OK,2026-07-31T01:39:26.737331+07:00,1.15,
VCB,HOSE,KBS,OK,297,2026-07-30,56.5,60.78665,OK,4574120.0,OK,2026-07-31T01:39:31.230303+07:00,1.19,
VCG,HOSE,KBS,OK,297,2026-07-30,15.65,19.442249999999998,OK,3695740.0,OK,2026-07-31T01:39:36.124495+07:00,1.59,
VCI,HOSE,KBS,OK,297,2026-07-30,21.5,25.70275,OK,10471160.0,OK,2026-07-31T01:39:41.037874+07:00,1.61,
VCK,HOSE,KBS,PARTIAL,153,2026-07-30,31.15,,NOT_ENOUGH_DATA,2891910.0,OK,2026-07-31T01:39:45.302635+07:00,0.96,
VDS,HOSE,KBS,OK,297,2026-07-30,12.2,16.18175,OK,1265720.0,OK,2026-07-31T01:39:50.175588+07:00,1.57,
VGC,HOSE,KBS,OK,297,2026-07-30,37.75,42.076950000000004,OK,450970.0,OK,2026-07-31T01:39:54.650443+07:00,1.17,
VHC,HOSE,KBS,OK,297,2026-07-30,54.1,58.45400000000001,OK,204760.0,OK,2026-07-31T01:39:59.141356+07:00,1.19,
VHM,HOSE,KBS,OK,297,2026-07-30,147.9,118.90415000000002,OK,4233670.0,OK,2026-07-31T01:40:03.605137+07:00,1.16,
VIB,HOSE,KBS,OK,297,2026-07-30,14.75,16.5425,OK,7159330.0,OK,2026-07-31T01:40:08.061639+07:00,1.16,
VIC,HOSE,KBS,OK,297,2026-07-30,220.0,165.7015,OK,3641290.0,OK,2026-07-31T01:40:12.971056+07:00,1.61,
VIX,HOSE,KBS,OK,297,2026-07-30,13.05,18.94965,OK,50384890.0,OK,2026-07-31T01:40:17.442697+07:00,1.17,
VJC,HOSE,KBS,OK,297,2026-07-30,124.2,136.91505,OK,1066370.0,OK,2026-07-31T01:40:21.900593+07:00,1.16,
VND,HOSE,KBS,OK,297,2026-07-30,17.05,17.785349999999998,OK,14098650.0,OK,2026-07-31T01:40:26.768811+07:00,1.57,
VNM,HOSE,KBS,OK,297,2026-07-30,61.2,59.843199999999996,OK,6269280.0,OK,2026-07-31T01:40:31.239488+07:00,1.17,
VOS,HOSE,KBS,OK,297,2026-07-30,11.1,12.89275,OK,390820.0,OK,2026-07-31T01:40:35.702218+07:00,1.16,
VPB,HOSE,KBS,OK,297,2026-07-30,25.0,27.3143,OK,15363400.0,OK,2026-07-31T01:40:40.164014+07:00,1.16,
VPG,HOSE,KBS,OK,297,2026-07-30,1.81,4.5504,OK,239130.0,OK,2026-07-31T01:40:44.617872+07:00,1.15,
VPI,HOSE,KBS,OK,297,2026-07-30,64.9,58.522999999999996,OK,1538090.0,OK,2026-07-31T01:40:49.799545+07:00,1.88,
VPL,HOSE,KBS,OK,297,2026-07-30,79.5,85.62100000000001,OK,661940.0,OK,2026-07-31T01:40:54.258036+07:00,1.16,
VPX,HOSE,KBS,PARTIAL,156,2026-07-30,25.4,,NOT_ENOUGH_DATA,1558400.0,OK,2026-07-31T01:40:58.526385+07:00,0.97,
VRE,HOSE,KBS,OK,297,2026-07-30,24.3,29.62805,OK,5779660.0,OK,2026-07-31T01:41:03.314403+07:00,1.49,
VSC,HOSE,KBS,OK,297,2026-07-30,13.65,21.533999999999995,OK,9083220.0,OK,2026-07-31T01:41:07.804722+07:00,1.19,
VTO,HOSE,KBS,OK,297,2026-07-30,10.55,10.7152,OK,98660.0,OK,2026-07-31T01:41:12.241367+07:00,1.14,
VTP,HOSE,KBS,OK,297,2026-07-30,47.0,61.072250000000004,OK,407980.0,OK,2026-07-31T01:41:16.712952+07:00,1.17,
VVS,HOSE,KBS,OK,270,2026-07-30,98.8,59.5863,OK,241550.0,OK,2026-07-31T01:41:21.590050+07:00,1.58,
YEG,HOSE,KBS,OK,297,2026-07-30,7.55,10.33955,OK,628250.0,OK,2026-07-31T01:41:26.086411+07:00,1.2,
AAH,UPCOM,KBS,OK,297,2026-07-30,1.9,3.242,OK,511530.0,OK,2026-07-31T01:41:30.584419+07:00,1.2,
AAS,UPCOM,KBS,OK,297,2026-07-30,7.4,8.9795,OK,788120.0,OK,2026-07-31T01:41:35.084150+07:00,1.2,
AAV,UPCOM,KBS,OK,290,2026-07-30,6.4,6.623499999999999,OK,330020.0,OK,2026-07-31T01:41:39.568973+07:00,1.18,
ABB,UPCOM,KBS,OK,297,2026-07-30,17.4,12.89765,OK,1827640.0,OK,2026-07-31T01:41:44.033718+07:00,1.16,
ABW,UPCOM,KBS,OK,297,2026-07-30,14.0,11.214500000000001,OK,519160.0,OK,2026-07-31T01:41:48.906386+07:00,1.57,
ACV,UPCOM,KBS,OK,297,2026-07-30,39.5,49.036,OK,441930.0,OK,2026-07-31T01:41:53.406725+07:00,1.2,
AIG,UPCOM,KBS,OK,293,2026-07-30,52.0,46.82599999999999,OK,20230.0,OK,2026-07-31T01:41:57.873695+07:00,1.17,
BIG,UPCOM,KBS,OK,297,2026-07-30,4.3,5.427099999999999,OK,454360.0,OK,2026-07-31T01:42:02.341392+07:00,1.17,
BMS,UPCOM,KBS,OK,297,2026-07-30,13.3,13.09165,OK,134230.0,OK,2026-07-31T01:42:06.825940+07:00,1.18,
C4G,UPCOM,KBS,OK,297,2026-07-30,5.7,7.575999999999999,OK,208150.0,OK,2026-07-31T01:42:11.461438+07:00,1.34,
CLI,UPCOM,KBS,PARTIAL,62,2026-07-30,26.6,,NOT_ENOUGH_DATA,311050.0,OK,2026-07-31T01:42:15.910157+07:00,1.15,
CVN,UPCOM,KBS,PARTIAL,76,2026-07-30,1.4,,NOT_ENOUGH_DATA,487930.0,OK,2026-07-31T01:42:20.545716+07:00,1.34,
DDG,UPCOM,KBS,PARTIAL,162,2026-07-30,0.9,,NOT_ENOUGH_DATA,478420.0,OK,2026-07-31T01:42:25.018924+07:00,1.17,
DDV,UPCOM,KBS,OK,297,2026-07-30,18.3,25.511299999999995,OK,322330.0,OK,2026-07-31T01:42:29.704196+07:00,1.38,
DHB,UPCOM,KBS,OK,284,2026-07-30,14.0,10.053,OK,197330.0,OK,2026-07-31T01:42:34.168472+07:00,1.16,
DRI,UPCOM,KBS,OK,297,2026-07-30,13.0,13.054,OK,455000.0,OK,2026-07-31T01:42:39.049822+07:00,1.58,
DSH,UPCOM,KBS,OK,271,2026-07-30,14.0,13.39335,OK,63750.0,OK,2026-07-31T01:42:43.944203+07:00,1.59,
F88,UPCOM,KBS,OK,243,2026-07-30,72.4,67.15185,OK,158600.0,OK,2026-07-31T01:42:48.403454+07:00,1.16,
FOX,UPCOM,KBS,OK,297,2026-07-30,64.5,73.8805,OK,66160.0,OK,2026-07-31T01:42:53.090164+07:00,1.39,
HBC,UPCOM,KBS,OK,297,2026-07-30,4.1,5.678,OK,717590.0,OK,2026-07-31T01:42:57.543075+07:00,1.15,
HNG,UPCOM,KBS,OK,297,2026-07-30,6.8,6.4495,OK,2817690.0,OK,2026-07-31T01:43:02.221875+07:00,1.38,
HNM,UPCOM,KBS,OK,297,2026-07-30,7.8,8.0185,OK,273720.0,OK,2026-07-31T01:43:06.692224+07:00,1.17,
MSR,UPCOM,KBS,OK,297,2026-07-30,36.3,35.179,OK,937830.0,OK,2026-07-31T01:43:11.564060+07:00,1.57,
OIL,UPCOM,KBS,OK,297,2026-07-30,13.4,13.855,OK,1145000.0,OK,2026-07-31T01:43:16.194970+07:00,1.33,
PAS,UPCOM,KBS,OK,297,2026-07-30,2.4,2.8705000000000003,OK,114370.0,OK,2026-07-31T01:43:20.647637+07:00,1.15,
PHP,UPCOM,KBS,OK,297,2026-07-30,38.0,34.48755,OK,147800.0,OK,2026-07-31T01:43:25.084436+07:00,1.14,
PIV,UPCOM,KBS,OK,297,2026-07-30,6.5,6.09,OK,99230.0,OK,2026-07-31T01:43:29.545596+07:00,1.16,
QTP,UPCOM,KBS,OK,297,2026-07-30,11.2,12.1756,OK,183570.0,OK,2026-07-31T01:43:34.020473+07:00,1.17,
SBS,UPCOM,KBS,OK,297,2026-07-30,4.8,5.4030000000000005,OK,588290.0,OK,2026-07-31T01:43:38.667072+07:00,1.35,
SCL,UPCOM,KBS,OK,297,2026-07-30,22.8,17.66115,OK,138420.0,OK,2026-07-31T01:43:43.340165+07:00,1.37,
TAH,UPCOM,KBS,PARTIAL,8,2026-07-30,24.6,,NOT_ENOUGH_DATA,,NOT_ENOUGH_DATA,2026-07-31T01:43:47.579177+07:00,0.94,
TOS,UPCOM,KBS,OK,296,2026-07-30,92.6,96.81905,OK,64600.0,OK,2026-07-31T01:43:52.046267+07:00,1.17,
TVN,UPCOM,KBS,OK,297,2026-07-30,8.7,8.920499999999999,OK,435150.0,OK,2026-07-31T01:43:56.485791+07:00,1.14,
VEA,UPCOM,KBS,OK,297,2026-07-30,34.2,34.8033,OK,231860.0,OK,2026-07-31T01:44:00.957093+07:00,1.17,
VGI,UPCOM,KBS,OK,297,2026-07-30,78.8,88.492,OK,211530.0,OK,2026-07-31T01:44:05.435917+07:00,1.18,
VGT,UPCOM,KBS,OK,297,2026-07-30,10.8,12.2289,OK,190990.0,OK,2026-07-31T01:44:09.894798+07:00,1.16,
VHG,UPCOM,KBS,OK,297,2026-07-30,1.6,1.8375,OK,260480.0,OK,2026-07-31T01:44:14.318209+07:00,1.12,
VIW,UPCOM,KBS,OK,238,2026-07-30,24.6,23.0025,OK,138100.0,OK,2026-07-31T01:44:19.074258+07:00,1.46,
VNE,UPCOM,KBS,OK,287,2026-07-30,2.1,4.85135,OK,667690.0,OK,2026-07-31T01:44:23.940162+07:00,1.57,
