scan_date,scan_at,symbol,exchange,close_price,previous_close_price,price_change_30m_pct,volume_accumulated,previous_volume_accumulated,avg_volume_10,expected_volume_at_time,rvol_time,ma200_vnd,distance_to_ma200_pct,below_ma200,price_surge_30m,volume_surge,strong_setup,has_any_signal,signal_name,is_baseline_snapshot,session_elapsed_minutes,session_progress,ma200_status,avg_volume_10_status,previous_scan_at,time,reference_price,open_price,high_price,low_price,average_price,total_value,price_change,percent_change,ceiling_price,floor_price,bid_price_1,bid_vol_1,bid_price_2,bid_vol_2,bid_price_3,bid_vol_3,ask_price_1,ask_vol_1,ask_price_2,ask_vol_2,ask_price_3,ask_vol_3,foreign_buy_volume,foreign_sell_volume,foreign_room,latest_date,latest_close,ma200,latest_close_vnd
2026-07-31,2026-07-31T19:31:22.749775+07:00,HUT,HNX,14800,14800,0.0,5375100,5375100,2644820.0,2644820.0,2.0323122178446926,16142.499999999998,-8.31655567601052,True,False,True,False,True,BELOW_MA200|VOLUME_SURGE,False,270,1.0,OK,OK,2026-07-31T15:03:25.480595+07:00,1785484801443,14800,14800,14800,14300,14598,78465170000,0,0.0,16200,13400,14600.0,3000,14500,500,14400,9800,14800.0,678600,14900,128900,15000,148400,5400,32100,499838134,2026-07-30,14.8,16.1425,14800.0
2026-07-31,2026-07-31T19:31:22.749775+07:00,VHE,HNX,3000,3000,0.0,1723500,1723500,145440.0,145440.0,11.850247524752476,3561.500000000001,-15.7658290046329,True,False,True,False,True,BELOW_MA200|VOLUME_SURGE,False,270,1.0,OK,OK,2026-07-31T15:03:25.480595+07:00,1785484800687,3000,3000,3000,2900,2902,5001220000,0,0.0,3300,2700,2900.0,22000,2800,106700,2700,76100,3000.0,103000,3100,120200,3200,57900,0,0,0,2026-07-30,3.0,3.561500000000001,3000.0
2026-07-31,2026-07-31T19:31:22.749775+07:00,AFX,HOSE,10300,10300,0.0,470100,470100,121270.0,121270.0,3.8764739836727964,10775.75,-4.415005916061527,True,False,True,False,True,BELOW_MA200|VOLUME_SURGE,False,270,1.0,OK,OK,2026-07-31T15:03:25.480595+07:00,1785484800863,10100,10100,10500,10000,10265,4825795000,200,1.9801980198019802,10800,9400,10200.0,300,10150,3400,10100,31300,10300.0,4400,10350,9000,10400,15500,0,0,-600,2026-07-30,10.1,10.77575,10100.0
2026-07-31,2026-07-31T19:31:22.749775+07:00,BID,HOSE,38000,38000,0.0,9566200,9566200,4074260.0,4074260.0,2.347960120365416,41143.600000000006,-7.640556489952279,True,False,True,False,True,BELOW_MA200|VOLUME_SURGE,False,270,1.0,OK,OK,2026-07-31T15:03:25.480595+07:00,1785486781966,37250,37350,39400,37100,38296,366344930000,750,2.013422818791946,39850,34650,38000.0,233400,37950,24200,37900,48400,38050.0,22600,38100,14900,38150,34500,775301,1115100,907897244,2026-07-30,37.25,41.143600000000006,37250.0
2026-07-31,2026-07-31T19:31:22.749775+07:00,BVH,HOSE,60100,60100,0.0,720500,720500,292180.0,292180.0,2.465945649941817,65272.049999999996,-7.923835699966518,True,False,True,False,True,BELOW_MA200|VOLUME_SURGE,False,270,1.0,OK,OK,2026-07-31T15:03:25.480595+07:00,1785484801209,61100,61100,63300,60100,62112,44751540000,-1000,-1.6366612111292964,65300,56900,60100.0,9600,60000,29200,59900,200,61100.0,1000,62000,5700,62300,3500,302300,157800,160812414,2026-07-30,61.1,65.27205,61100.0
2026-07-31,2026-07-31T19:31:22.749775+07:00,CRC,HOSE,5800,5800,0.0,622100,622100,266930.0,266930.0,2.3305735586108716,8489.800000000001,-31.682725152535994,True,False,True,False,True,BELOW_MA200|VOLUME_SURGE,False,270,1.0,OK,OK,2026-07-31T15:03:25.480595+07:00,1785484800747,5830,5760,5830,5740,5795,3605291000,-30,-0.5145797598627788,6230,5430,5750.0,600,5740,6400,5730,3000,5800.0,81300,5810,1500,5820,5400,0,3100,53245541,2026-07-30,5.83,8.4898,5830.0
2026-07-31,2026-07-31T19:31:22.749775+07:00,EVG,HOSE,4130,4130,0.0,1049000,1049000,478060.0,478060.0,2.1942852361628247,6707.5,-38.42713380544167,True,False,True,False,True,BELOW_MA200|VOLUME_SURGE,False,270,1.0,OK,OK,2026-07-31T15:03:25.480595+07:00,1785484800558,4290,4480,4480,4080,4216,4423083000,-160,-3.7296037296037294,4590,3990,4130.0,8600,4120,4700,4110,2800,4150.0,2000,4160,800,4170,900,5500,42800,110034211,2026-07-30,4.29,6.7075,4290.0
2026-07-31,2026-07-31T19:31:22.749775+07:00,FRT,HOSE,124400,124400,0.0,1254600,1254600,381910.0,381910.0,3.2850671624204657,136614.6,-8.940918466986695,True,False,True,False,True,BELOW_MA200|VOLUME_SURGE,False,270,1.0,OK,OK,2026-07-31T15:03:25.480595+07:00,1785486787671,116300,124400,124400,123300,124357,156018040000,8100,6.964746345657781,124400,108200,124400.0,992800,124300,11000,124200,10100,,0,0,0,0,0,620397,115900,30129828,2026-07-30,116.3,136.6146,116300.0
2026-07-31,2026-07-31T19:31:22.749775+07:00,MCH,HOSE,141000,141000,0.0,1491200,1491200,437530.0,437530.0,3.4082234361072383,145775.1,-3.275662304467639,True,False,True,False,True,BELOW_MA200|VOLUME_SURGE,False,270,1.0,OK,OK,2026-07-31T15:03:25.480595+07:00,1785484800950,142900,143000,143600,139900,141189,210540720000,-1900,-1.3296011196641007,152900,132900,140100.0,600,140000,11200,139900,2400,141000.0,22400,141100,600,141200,3300,280000,426000,1103574931,2026-07-30,142.9,145.7751,142900.0
2026-07-31,2026-07-31T19:31:22.749775+07:00,NLG,HOSE,22200,22200,0.0,4513200,4513200,1979490.0,1979490.0,2.279981207280663,29156.5,-23.859173769142387,True,False,True,False,True,BELOW_MA200|VOLUME_SURGE,False,270,1.0,OK,OK,2026-07-31T15:03:25.480595+07:00,1785484801433,21550,21650,22200,21500,21772,98261180000,650,3.0162412993039442,23050,20050,22200.0,575600,21500,156700,21450,95400,22250.0,10300,22300,700,22350,100,94300,2472900,45278452,2026-07-30,21.55,29.1565,21550.0
2026-07-31,2026-07-31T19:31:22.749775+07:00,REE,HOSE,46500,46500,0.0,1294700,1294700,561930.0,561930.0,2.3040236328368304,53156.5,-12.52245727239378,True,False,True,False,True,BELOW_MA200|VOLUME_SURGE,False,270,1.0,OK,OK,2026-07-31T15:03:25.480595+07:00,1785486738749,45300,45700,46500,45300,46191,59803985000,1200,2.6490066225165565,48450,42150,46500.0,371600,45850,200,45800,5400,46600.0,3700,46650,1100,46700,500,100800,55620,0,2026-07-30,45.3,53.1565,45300.0
2026-07-31,2026-07-31T19:31:22.749775+07:00,VCB,HOSE,59300,59300,0.0,18314600,18314600,4574120.0,4574120.0,4.00396141771532,60786.65,-2.445685031170498,True,False,True,False,True,BELOW_MA200|VOLUME_SURGE,False,270,1.0,OK,OK,2026-07-31T15:03:25.480595+07:00,1785486744152,56500,57700,60400,57300,59248,1085096920000,2800,4.95575221238938,60400,52600,59200.0,71100,59100,20500,59000,537900,59300.0,149000,59400,85100,59500,69600,5484825,921300,824841263,2026-07-30,56.5,60.78665,56500.0
2026-07-31,2026-07-31T19:31:22.749775+07:00,VRE,HOSE,24800,24800,0.0,11683500,11683500,5779660.0,5779660.0,2.021485692930034,29628.050000000003,-16.29553750584329,True,False,True,False,True,BELOW_MA200|VOLUME_SURGE,False,270,1.0,OK,OK,2026-07-31T15:03:25.480595+07:00,1785486747154,24300,25200,25750,24400,25005,292140280000,500,2.05761316872428,26000,22600,24750.0,100,24700,17200,24650,7500,24800.0,29100,24850,34900,24900,26700,5616750,2726206,873001418,2026-07-30,24.3,29.62805,24300.0
2026-07-31,2026-07-31T19:31:22.749775+07:00,DSH,UPCOM,13000,13000,0.0,565700,565700,63750.0,63750.0,8.873725490196078,13393.35,-2.9369052552199437,True,False,True,False,True,BELOW_MA200|VOLUME_SURGE,False,270,1.0,OK,OK,2026-07-31T15:03:25.480595+07:00,1785484804144,13900,14300,14600,12700,13264,7503480000,-900,-6.474820143884892,15900,11900,12900.0,1000,12800,7700,12700,11200,13000.0,1900,13200,1500,13300,5000,0,0,0,2026-07-30,14.0,13.39335,14000.0
2026-07-31,2026-07-31T19:31:22.749775+07:00,VGI,UPCOM,81100,81100,0.0,432000,432000,211530.0,211530.0,2.042263508722167,88492.0,-8.353297473217918,True,False,True,False,True,BELOW_MA200|VOLUME_SURGE,False,270,1.0,OK,OK,2026-07-31T15:03:25.480595+07:00,1785484805262,77500,79500,84100,78300,80681,34854330000,3600,4.645161290322581,89100,65900,80900.0,100,80800,400,80700,6500,81300.0,5000,81400,1500,81500,700,0,0,-453912,2026-07-30,78.8,88.492,78800.0
2026-07-31,2026-07-31T19:31:22.749775+07:00,HSL,HOSE,8290,8290,0.0,708400,708400,341240.0,341240.0,2.075958269839409,7075.900000000001,17.158241354456667,False,False,True,False,True,VOLUME_SURGE,False,270,1.0,OK,OK,2026-07-31T15:03:25.480595+07:00,1785484801312,8100,8100,8460,8070,8291,5873136000,190,2.345679012345679,8660,7540,8200.0,1000,8180,1000,8100,7600,8290.0,3100,8300,5600,8320,500,24300,49400,18690652,2026-07-30,8.1,7.075900000000001,8100.0
2026-07-31,2026-07-31T19:31:22.749775+07:00,HVH,HOSE,11800,11800,0.0,496600,496600,241920.0,241920.0,2.052744708994709,11220.800000000001,5.161842292884632,False,False,True,False,True,VOLUME_SURGE,False,270,1.0,OK,OK,2026-07-31T15:03:25.480595+07:00,1785484800984,11400,11500,12000,11500,11787,5853490000,400,3.508771929824561,12150,10650,11750.0,5900,11700,1900,11650,3400,11800.0,11500,11850,11200,11900,10300,5800,1800,34138052,2026-07-30,11.4,11.2208,11400.0
2026-07-31,2026-07-31T19:31:22.749775+07:00,SCL,UPCOM,23800,23800,0.0,318100,318100,138420.0,138420.0,2.2980783123826036,17661.149999999998,34.7590615560142,False,False,True,False,True,VOLUME_SURGE,False,270,1.0,OK,OK,2026-07-31T15:03:25.480595+07:00,1785484804943,22500,22800,24800,22800,23896,7601370000,1300,5.777777777777778,25800,19200,23700.0,900,23600,5600,23500,1200,23900.0,5800,24000,3300,24100,5600,200,0,18576077,2026-07-30,22.8,17.66115,22800.0
2026-07-31,2026-07-31T19:31:22.749775+07:00,API,HNX,5500,5500,0.0,91500,91500,94310.0,94310.0,0.9702046442582971,6373.499999999999,-13.705185533851088,True,False,False,False,True,BELOW_MA200,False,270,1.0,OK,OK,2026-07-31T15:03:25.480595+07:00,1785484801195,5500,5500,5500,5300,5411,495110000,0,0.0,6000,5000,5400.0,1900,5300,9300,5200,4700,5500.0,15500,5600,11200,5700,17400,0,10100,39212818,2026-07-30,5.5,6.373499999999999,5500.0
2026-07-31,2026-07-31T19:31:22.749775+07:00,APS,HNX,5700,5700,0.0,348400,348400,393570.0,393570.0,0.8852300734303936,6984.000000000001,-18.38487972508592,True,False,False,False,True,BELOW_MA200,False,270,1.0,OK,OK,2026-07-31T15:03:25.480595+07:00,1785484801384,5800,5800,5900,5600,5749,2002970000,-100,-1.7241379310344827,6300,5300,5600.0,66500,5500,60300,5400,38700,5700.0,7700,5800,43500,5900,80800,0,43700,82441534,2026-07-30,5.8,6.984000000000001,5800.0
2026-07-31,2026-07-31T19:31:22.749775+07:00,BAB,HNX,10500,10500,0.0,13600,13600,8130.0,8130.0,1.6728167281672817,10880.249999999998,-3.4948645481491534,True,False,False,False,True,BELOW_MA200,False,270,1.0,OK,OK,2026-07-31T15:03:25.480595+07:00,1785484800872,10600,10600,10600,10400,10449,142100000,-100,-0.9433962264150944,11600,9600,10300.0,4200,10200,1600,10100,1500,10500.0,3000,10600,800,10700,6600,0,0,345631953,2026-07-30,10.6,10.880249999999998,10600.0
2026-07-31,2026-07-31T19:31:22.749775+07:00,BVS,HNX,25100,25100,0.0,1177200,1177200,1334090.0,1334090.0,0.8823992384321897,29315.199999999997,-14.378888767601783,True,False,False,False,True,BELOW_MA200,False,270,1.0,OK,OK,2026-07-31T15:03:25.480595+07:00,1785484800494,26200,26300,26500,25100,25725,30283620000,-1100,-4.198473282442748,28800,23600,25100.0,57800,25000,34000,24900,5200,25600.0,18000,25700,5600,25800,6700,0,260700,71055229,2026-07-30,26.2,29.315199999999997,26200.0
2026-07-31,2026-07-31T19:31:22.749775+07:00,CEO,HNX,11400,11400,0.0,4518200,4518200,6589040.0,6589040.0,0.685714459162488,18394.0,-38.02326845710558,True,False,False,False,True,BELOW_MA200,False,270,1.0,OK,OK,2026-07-31T15:03:25.480595+07:00,1785484800563,11700,11700,12000,11400,11614,52475640000,-300,-2.564102564102564,12800,10600,11400.0,353200,11300,411100,11200,195100,11500.0,60400,11600,95800,11700,232700,44100,593900,271479008,2026-07-30,11.7,18.394,11700.0
2026-07-31,2026-07-31T19:31:22.749775+07:00,DST,HNX,6600,6600,0.0,142200,142200,257980.0,257980.0,0.551205519807737,9096.0,-27.440633245382585,True,False,False,False,True,BELOW_MA200,False,270,1.0,OK,OK,2026-07-31T15:03:25.480595+07:00,1785484800721,7100,7100,7200,6500,6700,952670000,-500,-7.042253521126761,7800,6400,6600.0,10400,6500,34700,6400,88500,6900.0,1700,7000,8100,7100,5900,0,0,-8850,2026-07-30,7.1,9.096,7100.0
2026-07-31,2026-07-31T19:31:22.749775+07:00,DTD,HNX,12100,12100,0.0,134800,134800,118400.0,118400.0,1.1385135135135136,14731.949999999999,-17.865591452591133,True,False,False,False,True,BELOW_MA200,False,270,1.0,OK,OK,2026-07-31T15:03:25.480595+07:00,1785484800367,12400,12400,12400,12100,12198,1644350000,-300,-2.4193548387096775,13600,11200,12100.0,11500,12000,16400,11900,11900,12300.0,22100,12400,17900,12500,21100,0,1921,35727829,2026-07-30,12.4,14.73195,12400.0
2026-07-31,2026-07-31T19:31:22.749775+07:00,IDC,HNX,32600,32600,0.0,868100,868100,1128670.0,1128670.0,0.7691353540007265,36423.950000000004,-10.498449509182842,True,False,False,False,True,BELOW_MA200,False,270,1.0,OK,OK,2026-07-31T15:03:25.480595+07:00,1785484800586,32500,32500,33300,32500,32861,28527030000,100,0.3076923076923077,35700,29300,32600.0,43800,32500,44800,32400,5200,32700.0,3200,32800,4200,32900,15300,31700,131400,127809207,2026-07-30,32.5,36.423950000000005,32500.0
2026-07-31,2026-07-31T19:31:22.749775+07:00,IDJ,HNX,3700,3700,0.0,385000,385000,358970.0,358970.0,1.0725130233724267,4599.5,-19.55647352973149,True,False,False,False,True,BELOW_MA200,False,270,1.0,OK,OK,2026-07-31T15:03:25.480595+07:00,1785484800736,3800,3800,3800,3600,3698,1423560000,-100,-2.631578947368421,4100,3500,3600.0,282700,3500,143800,0,0,3700.0,6000,3800,200100,3900,294500,0,0,85744257,2026-07-30,3.8,4.5995,3800.0
2026-07-31,2026-07-31T19:31:22.749775+07:00,KSF,HNX,78500,78500,0.0,170600,170600,174700.0,174700.0,0.976531196336577,79710.5,-1.5186205079631918,True,False,False,False,True,BELOW_MA200,False,270,1.0,OK,OK,2026-07-31T15:03:25.480595+07:00,1785484801082,78200,79700,83700,78500,80275,13695000000,300,0.3836317135549872,86000,70400,78500.0,500,78300,2200,78200,2400,79200.0,300,79600,1000,79700,1400,8900,6400,449783168,2026-07-30,78.2,79.7105,78200.0
2026-07-31,2026-07-31T19:31:22.749775+07:00,L14,HNX,17700,17700,0.0,34800,34800,48240.0,48240.0,0.7213930348258707,25679.5,-31.07342432679764,True,False,False,False,True,BELOW_MA200,False,270,1.0,OK,OK,2026-07-31T15:03:25.480595+07:00,1785484800684,18200,18700,18700,17700,18030,627440000,-500,-2.7472527472527473,20000,16400,17700.0,2700,17500,10300,17400,1700,17800.0,200,17900,2000,18000,2000,0,4800,15354370,2026-07-30,18.2,25.6795,18200.0
2026-07-31,2026-07-31T19:31:22.749775+07:00,LAS,HNX,11600,11600,0.0,81000,81000,207600.0,207600.0,0.3901734104046243,16088.000000000002,-27.89656887120836,True,False,False,False,True,BELOW_MA200,False,270,1.0,OK,OK,2026-07-31T15:03:25.480595+07:00,1785484800625,11700,11800,11800,11600,11660,944430000,-100,-0.8547008547008548,12800,10600,11600.0,32400,11500,55300,11400,19000,11700.0,35000,11800,8100,11900,20900,0,800,55260346,2026-07-30,11.7,16.088,11700.0
2026-07-31,2026-07-31T19:31:22.749775+07:00,MBG,HNX,2300,2300,0.0,39000,39000,205370.0,205370.0,0.18990115401470517,3011.0,-23.61341746927931,True,False,False,False,True,BELOW_MA200,False,270,1.0,OK,OK,2026-07-31T15:03:25.480595+07:00,1785484800808,2400,2400,2400,2300,2359,92010000,-100,-4.166666666666666,2600,2200,2300.0,218000,2200,114800,0,0,2400.0,67300,2500,236500,2600,307900,0,0,57090278,2026-07-30,2.4,3.011,2400.0
2026-07-31,2026-07-31T19:31:22.749775+07:00,MBS,HNX,18000,18000,0.0,5252900,5252900,7530340.0,7530340.0,0.6975647845913996,21211.350000000002,-15.139771867420047,True,False,False,False,True,BELOW_MA200,False,270,1.0,OK,OK,2026-07-31T15:03:25.480595+07:00,1785484801245,18400,18400,19000,18000,18195,95574540000,-400,-2.1739130434782608,20200,16600,18000.0,283200,17900,202900,17800,259100,18100.0,25900,18200,70400,18300,82000,77600,359200,486858047,2026-07-30,18.4,21.211350000000003,18400.0
2026-07-31,2026-07-31T19:31:22.749775+07:00,NDN,HNX,9000,9000,0.0,119900,119900,153310.0,153310.0,0.7820755332333181,11026.5,-18.378451911304587,True,False,False,False,True,BELOW_MA200,False,270,1.0,OK,OK,2026-07-31T15:03:25.480595+07:00,1785484801162,9100,9200,9200,8900,9004,1079580000,-100,-1.098901098901099,10000,8200,8900.0,23800,8800,11100,8700,500,9000.0,17900,9100,36900,9200,16500,0,0,35031303,2026-07-30,9.1,11.0265,9100.0
2026-07-31,2026-07-31T19:31:22.749775+07:00,NRC,HNX,4700,4700,0.0,623000,623000,3014030.0,3014030.0,0.2066999996682183,6068.0,-22.544495715227423,True,False,False,False,True,BELOW_MA200,False,270,1.0,OK,OK,2026-07-31T15:03:25.480595+07:00,1785484800748,4600,4700,4700,4500,4597,2864210000,100,2.1739130434782608,5000,4200,4600.0,16800,4500,156300,4400,98700,4700.0,139300,4800,65500,4900,34100,0,7700,46167587,2026-07-30,4.6,6.068,4600.0
2026-07-31,2026-07-31T19:31:22.749775+07:00,NTP,HNX,47900,47900,0.0,71300,71300,73880.0,73880.0,0.9650785056848944,50042.15,-4.280691377169049,True,False,False,False,True,BELOW_MA200,False,270,1.0,OK,OK,2026-07-31T15:03:25.480595+07:00,1785484800736,48400,48500,48500,47000,48127,3431440000,-500,-1.0330578512396695,53200,43600,47900.0,800,47800,1200,47700,200,48400.0,300,48500,1600,48600,3000,1900,9760,69273514,2026-07-30,48.4,50.04215,48400.0
2026-07-31,2026-07-31T19:31:22.749775+07:00,NVB,HNX,11400,11400,0.0,343300,343300,420240.0,420240.0,0.8169141442984961,12634.0,-9.767294601867976,True,False,False,False,True,BELOW_MA200,False,270,1.0,OK,OK,2026-07-31T15:03:25.480595+07:00,1785484801497,11600,11700,11700,11400,11481,3941500000,-200,-1.7241379310344827,12700,10500,11400.0,13200,11300,26700,11200,39500,11500.0,23200,11600,30700,11700,26500,0,23900,251001743,2026-07-30,11.6,12.634,11600.0
2026-07-31,2026-07-31T19:31:22.749775+07:00,PLC,HNX,18800,18800,0.0,146500,146500,122950.0,122950.0,1.1915412769418463,24965.5,-24.69608059121588,True,False,False,False,True,BELOW_MA200,False,270,1.0,OK,OK,2026-07-31T15:03:25.480595+07:00,1785484800563,19300,19300,20200,18800,19352,2835080000,-500,-2.5906735751295336,21200,17400,18800.0,12800,18700,5300,18600,12100,19200.0,2000,19300,100,19400,2000,4100,600,39428999,2026-07-30,19.3,24.9655,19300.0
2026-07-31,2026-07-31T19:31:22.749775+07:00,PVC,HNX,11800,11800,0.0,638500,638500,424250.0,424250.0,1.5050088391278726,13750.0,-14.181818181818182,True,False,False,False,True,BELOW_MA200,False,270,1.0,OK,OK,2026-07-31T15:03:25.480595+07:00,1785484800802,12100,12200,12600,11500,12071,7707570000,-300,-2.479338842975207,13300,10900,11700.0,32800,11600,23800,11500,41600,11800.0,1500,11900,5000,12000,29800,0,0,-135895,2026-07-30,12.1,13.75,12100.0
2026-07-31,2026-07-31T19:31:22.749775+07:00,PVS,HNX,34100,34100,0.0,2386800,2386800,3408240.0,3408240.0,0.7003027955777762,37514.55000000001,-9.101935115841744,True,False,False,False,True,BELOW_MA200,False,270,1.0,OK,OK,2026-07-31T15:03:25.480595+07:00,1785484801471,34800,34900,35100,34100,34431,82180410000,-700,-2.0114942528735633,38200,31400,34100.0,20600,34000,55300,33900,13600,34200.0,15600,34300,12900,34400,17600,398100,462200,170054708,2026-07-30,34.8,37.51455000000001,34800.0
2026-07-31,2026-07-31T19:31:22.749775+07:00,SHS,HNX,15200,15200,0.0,8583400,8583400,13358520.0,13358520.0,0.6425412395983986,19242.000000000004,-21.006132418667516,True,False,False,False,True,BELOW_MA200,False,270,1.0,OK,OK,2026-07-31T15:03:25.480595+07:00,1785484800526,15600,15700,15900,15200,15428,132427430000,-400,-2.564102564102564,17100,14100,15200.0,385100,15100,559100,15000,1229600,15300.0,101900,15400,113200,15500,184800,5000,560800,359520238,2026-07-30,15.6,19.242000000000004,15600.0
2026-07-31,2026-07-31T19:31:22.749775+07:00,TIG,HNX,6000,6000,0.0,388800,388800,613300.0,613300.0,0.633947497146584,7387.0,-18.776228509543795,True,False,False,False,True,BELOW_MA200,False,270,1.0,OK,OK,2026-07-31T15:03:25.480595+07:00,1785484800790,6000,6000,6000,5800,5882,2286900000,0,0.0,6600,5400,5900.0,50100,5800,110200,5700,100200,6000.0,244800,6100,128800,6200,118900,0,0,74454262,2026-07-30,6.0,7.387,6000.0
2026-07-31,2026-07-31T19:31:22.749775+07:00,TNG,HNX,17900,17900,0.0,481100,481100,588950.0,588950.0,0.8168774938449783,19724.8,-9.251297858533416,True,False,False,False,True,BELOW_MA200,False,270,1.0,OK,OK,2026-07-31T15:03:25.480595+07:00,1785484801093,17600,17600,18100,17600,17923,8622550000,300,1.7045454545454544,19300,15900,17800.0,115300,17700,19000,17600,23700,17900.0,6700,18000,43700,18100,80600,0,62700,35086310,2026-07-30,17.6,19.7248,17600.0
2026-07-31,2026-07-31T19:31:22.749775+07:00,VC3,HNX,25500,25500,0.0,875600,875600,1466980.0,1466980.0,0.5968724863324654,26828.000000000004,-4.950052184285089,True,False,False,False,True,BELOW_MA200,False,270,1.0,OK,OK,2026-07-31T15:03:25.480595+07:00,1785484800770,25800,25800,25800,25400,25579,22397250000,-300,-1.1627906976744187,28300,23300,25400.0,26000,25300,7000,25200,11000,25500.0,11000,25600,8600,25700,10000,2600,17500,67168772,2026-07-30,25.8,26.828000000000003,25800.0
2026-07-31,2026-07-31T19:31:22.749775+07:00,VC7,HNX,7100,7100,0.0,53500,53500,94050.0,94050.0,0.5688463583200425,8800.350000000002,-19.321390626509192,True,False,False,False,True,BELOW_MA200,False,270,1.0,OK,OK,2026-07-31T15:03:25.480595+07:00,1785484800462,7300,7300,7400,7100,7152,382620000,-200,-2.73972602739726,8000,6600,7100.0,35200,7000,42900,6900,20300,7300.0,57100,7400,21300,7500,36100,0,0,47994496,2026-07-30,7.3,8.800350000000002,7300.0
2026-07-31,2026-07-31T19:31:22.749775+07:00,VFS,HNX,9700,9700,0.0,916900,916900,713350.0,713350.0,1.2853438003784958,12880.45,-24.69207209375449,True,False,False,False,True,BELOW_MA200,False,270,1.0,OK,OK,2026-07-31T15:03:25.480595+07:00,1785484800849,9800,9900,10000,9500,9703,8897000000,-100,-1.0204081632653061,10700,8900,9600.0,70500,9500,146900,9400,308400,9700.0,39800,9800,83700,9900,105800,0,24800,153764094,2026-07-30,9.8,12.880450000000002,9800.0
2026-07-31,2026-07-31T19:31:22.749775+07:00,VTV,HNX,13000,13000,0.0,36500,36500,59140.0,59140.0,0.6171795738924586,14345.5,-9.379247847757137,True,False,False,False,True,BELOW_MA200,False,270,1.0,OK,OK,2026-07-31T15:03:25.480595+07:00,1785484801432,13000,12800,13400,12600,12847,468920000,0,0.0,14300,11700,13000.0,1400,12800,5700,12600,1000,13400.0,400,13600,100,13700,8000,0,0,15285416,2026-07-30,13.0,14.3455,13000.0
2026-07-31,2026-07-31T19:31:22.749775+07:00,AAA,HOSE,7110,7110,0.0,1157100,1157100,761990.0,761990.0,1.5185238651425872,7248.25,-1.9073569482288828,True,False,False,False,True,BELOW_MA200,False,270,1.0,OK,OK,2026-07-31T15:03:25.480595+07:00,1785484801193,7090,7140,7260,7110,7163,8288139000,20,0.2820874471086037,7580,6600,7110.0,4800,7100,19000,7090,12700,7120.0,800,7130,1000,7140,6600,210300,1000,387472041,2026-07-30,7.09,7.24825,7090.0
2026-07-31,2026-07-31T19:31:22.749775+07:00,ABS,HOSE,3010,3010,0.0,572700,572700,566900.0,566900.0,1.0102310813194566,3025.5500000000006,-0.5139561402059339,True,False,False,False,True,BELOW_MA200,False,270,1.0,OK,OK,2026-07-31T15:03:25.480595+07:00,1785484800554,3100,2990,3160,2990,3064,1754501000,-90,-2.903225806451613,3310,2890,3010.0,21300,3000,14300,2990,200,3090.0,6600,3100,12200,3110,6300,0,0,-1352,2026-07-30,3.1,3.025550000000001,3100.0
2026-07-31,2026-07-31T19:31:22.749775+07:00,ACC,HOSE,4500,4500,0.0,484200,484200,756300.0,756300.0,0.6402221340737803,12491.7,-63.97608011719782,True,False,False,False,True,BELOW_MA200,False,270,1.0,OK,OK,2026-07-31T15:03:25.480595+07:00,1785484800832,4830,4840,4880,4500,4578,2216808000,-330,-6.832298136645963,5160,4500,,0,0,0,0,0,4500.0,2408300,4520,1800,4540,8100,0,0,-7846896,2026-07-30,4.83,12.491700000000002,4830.0
2026-07-31,2026-07-31T19:31:22.749775+07:00,AGG,HOSE,11450,11450,0.0,273900,273900,410080.0,410080.0,0.6679184549356223,13693.25,-16.38215909298377,True,False,False,False,True,BELOW_MA200,False,270,1.0,OK,OK,2026-07-31T15:03:25.480595+07:00,1785484800447,11750,11850,11850,11450,11551,3163770000,-300,-2.553191489361702,12550,10950,11400.0,15500,11350,14700,11300,6700,11500.0,12500,11550,1000,11600,5100,1600,5700,79955946,2026-07-30,11.75,13.69325,11750.0
2026-07-31,2026-07-31T19:31:22.749775+07:00,AGR,HOSE,12900,12900,0.0,352400,352400,452050.0,452050.0,0.7795597832098219,15336.0,-15.884194053208137,True,False,False,False,True,BELOW_MA200,False,270,1.0,OK,OK,2026-07-31T15:03:25.480595+07:00,1785484801173,13250,13300,13300,12900,13056,4600940000,-350,-2.6415094339622645,14150,12350,12850.0,100,12800,20500,12750,2700,12900.0,300,13000,1900,13050,10600,200,52900,227619388,2026-07-30,13.25,15.336,13250.0
2026-07-31,2026-07-31T19:31:22.749775+07:00,ANV,HOSE,17050,17050,0.0,452300,452300,596310.0,596310.0,0.758498096627593,24902.850000000002,-31.533940894315315,True,False,False,False,True,BELOW_MA200,False,270,1.0,OK,OK,2026-07-31T15:03:25.480595+07:00,1785484800377,17600,17800,17800,17050,17291,7820500000,-550,-3.125,18800,16400,17050.0,9000,17000,72300,16950,20000,17100.0,5800,17150,5100,17200,2000,48400,137200,123208895,2026-07-30,17.6,24.90285,17600.0
2026-07-31,2026-07-31T19:31:22.749775+07:00,APG,HOSE,4570,4570,0.0,263300,263300,224330.0,224330.0,1.1737172914902152,7960.6,-42.59226691455418,True,False,False,False,True,BELOW_MA200,False,270,1.0,OK,OK,2026-07-31T15:03:25.480595+07:00,1785484800442,4660,4670,4750,4560,4624,1217422000,-90,-1.9313304721030045,4980,4340,4570.0,3200,4560,19900,4550,13100,4640.0,9200,4650,7400,4660,14300,1000,23500,160269344,2026-07-30,4.66,7.9606,4660.0
2026-07-31,2026-07-31T19:31:22.749775+07:00,APH,HOSE,5550,5550,0.0,87100,87100,169710.0,169710.0,0.5132284485298451,5968.7,-7.014927873741347,True,False,False,False,True,BELOW_MA200,False,270,1.0,OK,OK,2026-07-31T15:03:25.480595+07:00,1785484800965,5610,5690,5700,5550,5635,490819000,-60,-1.06951871657754,6000,5220,5550.0,3200,5530,1500,5520,1000,5570.0,2000,5600,2300,5610,5900,0,2500,175853301,2026-07-30,5.61,5.9687,5610.0
2026-07-31,2026-07-31T19:31:22.749775+07:00,ASM,HOSE,5920,5920,0.0,455500,455500,579130.0,579130.0,0.7865246145079688,6230.349999999999,-4.981261084850763,True,False,False,False,True,BELOW_MA200,False,270,1.0,OK,OK,2026-07-31T15:03:25.480595+07:00,1785484801218,5950,6000,6000,5890,5934,2703103000,-30,-0.5042016806722689,6360,5540,5890.0,1000,5880,11400,5870,13400,5920.0,54300,5930,50600,5940,19800,5400,0,148418130,2026-07-30,5.95,6.23035,5950.0
2026-07-31,2026-07-31T19:31:22.749775+07:00,BCE,HOSE,5470,5470,0.0,165800,165800,627310.0,627310.0,0.26430313561078256,8816.849999999999,-37.959702161202685,True,False,False,False,True,BELOW_MA200,False,270,1.0,OK,OK,2026-07-31T15:03:25.480595+07:00,1785484800811,5480,5480,5510,5420,5474,907564000,-10,-0.18248175182481752,5860,5100,5440.0,6000,5420,2100,5410,3300,5470.0,1600,5500,12000,5510,9400,0,0,19843389,2026-07-30,5.48,8.816849999999999,5480.0
2026-07-31,2026-07-31T19:31:22.749775+07:00,BCM,HOSE,35700,35700,0.0,485600,485600,615260.0,615260.0,0.7892598251145857,58451.95,-38.92419329038637,True,False,False,False,True,BELOW_MA200,False,270,1.0,OK,OK,2026-07-31T15:03:25.480595+07:00,1785484800974,36300,36600,36900,35650,36016,17489485000,-600,-1.6528925619834711,38800,33800,35650.0,6700,35600,11300,35550,5500,35700.0,13700,35950,1700,36000,19500,10500,227200,344365314,2026-07-30,36.3,58.45195,36300.0
2026-07-31,2026-07-31T19:31:22.749775+07:00,BFC,HOSE,51100,51100,0.0,191400,191400,202640.0,202640.0,0.9445321752862219,53275.25,-4.083040436225076,True,False,False,False,True,BELOW_MA200,False,270,1.0,OK,OK,2026-07-31T15:03:25.480595+07:00,1785484801403,51000,51000,51500,50500,51161,9792200000,100,0.19607843137254902,54500,47450,51100.0,24500,51000,41500,50900,100,51300.0,200,51400,5900,51500,13800,12400,1400,28445374,2026-07-30,51.0,53.27525,51000.0
2026-07-31,2026-07-31T19:31:22.749775+07:00,BKG,HOSE,2090,2090,0.0,182100,182100,341110.0,341110.0,0.5338453871185248,2674.0,-21.839940164547496,True,False,False,False,True,BELOW_MA200,False,270,1.0,OK,OK,2026-07-31T15:03:25.480595+07:00,1785484801413,2080,2040,2180,2040,2085,379689000,10,0.4807692307692308,2220,1940,2090.0,10500,2080,4500,2070,9000,2100.0,1000,2110,10600,2120,2000,0,0,35671670,2026-07-30,2.08,2.674,2080.0
2026-07-31,2026-07-31T19:31:22.749775+07:00,BSI,HOSE,27600,27600,0.0,333900,333900,526490.0,526490.0,0.6342000797735949,34243.4,-19.40052681684646,True,False,False,False,True,BELOW_MA200,False,270,1.0,OK,OK,2026-07-31T15:03:25.480595+07:00,1785484800877,28000,28350,28350,27600,27835,9294065000,-400,-1.4285714285714286,29950,26050,27600.0,13700,27550,800,27500,6300,27700.0,1400,27750,1200,27800,800,0,53400,174061970,2026-07-30,28.0,34.2434,28000.0
2026-07-31,2026-07-31T19:31:22.749775+07:00,BVB,HOSE,12300,12300,0.0,1096700,1096700,3004310.0,3004310.0,0.36504222267342584,13103.0,-6.128367549416165,True,False,False,False,True,BELOW_MA200,False,270,1.0,OK,OK,2026-07-31T15:03:25.480595+07:00,1785484801286,12400,12450,12700,12300,12451,13655290000,-100,-0.8064516129032258,13250,11550,12300.0,60100,12250,31200,12200,96500,12350.0,121000,12400,133900,12450,10700,0,0,31615566,2026-07-30,12.4,13.103,12400.0
2026-07-31,2026-07-31T19:31:22.749775+07:00,BWE,HOSE,43350,43350,0.0,35600,35600,156840.0,156840.0,0.22698291252231573,43543.30000000001,-0.44392593119954193,True,False,False,False,True,BELOW_MA200,False,270,1.0,OK,OK,2026-07-31T15:03:25.480595+07:00,1785484801314,43000,43800,43900,43100,43700,1555715000,350,0.813953488372093,46000,40000,43350.0,400,43300,300,43250,2500,43650.0,400,43700,1800,43800,1000,900,6100,102637556,2026-07-30,43.0,43.54330000000001,43000.0
2026-07-31,2026-07-31T19:31:22.749775+07:00,CII,HOSE,13100,13100,0.0,5923000,5923000,8793230.0,8793230.0,0.6735863840704724,19818.25,-33.899309979438144,True,False,False,False,True,BELOW_MA200,False,270,1.0,OK,OK,2026-07-31T15:03:25.480595+07:00,1785484800384,13400,13550,13550,13050,13245,78447505000,-300,-2.2388059701492535,14300,12500,13050.0,200000,13000,465600,12950,56400,13100.0,28900,13150,58000,13200,139000,191200,1333400,241778190,2026-07-30,13.4,19.81825,13400.0
2026-07-31,2026-07-31T19:31:22.749775+07:00,CMG,HOSE,24300,24300,0.0,335600,335600,207780.0,207780.0,1.6151698912311099,31007.899999999998,-21.632874203025676,True,False,False,False,True,BELOW_MA200,False,270,1.0,OK,OK,2026-07-31T15:03:25.480595+07:00,1785484800846,24100,24350,24700,24150,24370,8178530000,200,0.8298755186721992,25750,22450,24250.0,1300,24200,34700,24150,9600,24300.0,10700,24350,10700,24400,500,31400,900,31552084,2026-07-30,24.1,31.0079,24100.0
2026-07-31,2026-07-31T19:31:22.749775+07:00,CRE,HOSE,7000,7000,0.0,95100,95100,138430.0,138430.0,0.6869898143466012,8037.85,-12.912034934715134,True,False,False,False,True,BELOW_MA200,False,270,1.0,OK,OK,2026-07-31T15:03:25.480595+07:00,1785484800771,7200,7280,7280,6950,7042,669669000,-200,-2.7777777777777777,7700,6700,7000.0,7800,6950,100,6940,17600,7050.0,1800,7060,22600,7070,8600,0,1800,214827494,2026-07-30,7.2,8.03785,7200.0
2026-07-31,2026-07-31T19:31:22.749775+07:00,CSV,HOSE,21200,21200,0.0,350400,350400,432480.0,432480.0,0.8102108768035516,27633.500000000004,-23.281524236886398,True,False,False,False,True,BELOW_MA200,False,270,1.0,OK,OK,2026-07-31T15:03:25.480595+07:00,1785484800997,21250,21500,21600,21200,21339,7477220000,-50,-0.2352941176470588,22700,19800,21200.0,9100,21150,10900,21100,7300,21250.0,1700,21300,24100,21350,5100,82800,12600,54224306,2026-07-30,21.25,27.633500000000005,21250.0
2026-07-31,2026-07-31T19:31:22.749775+07:00,CTD,HOSE,61000,61000,0.0,718500,718500,466430.0,466430.0,1.5404240722080484,75264.79999999999,-18.95281725321796,True,False,False,False,True,BELOW_MA200,False,270,1.0,OK,OK,2026-07-31T15:03:25.480595+07:00,1785484801407,59100,59600,61000,58900,60217,43266210000,1900,3.2148900169204735,63200,55000,61000.0,91200,60200,2000,60100,1000,61100.0,3100,61200,1800,61400,700,70100,113300,2317574,2026-07-30,59.1,75.2648,59100.0
2026-07-31,2026-07-31T19:31:22.749775+07:00,CTF,HOSE,18000,18000,0.0,328900,328900,319210.0,319210.0,1.0303561918486264,18796.15,-4.235707844425594,True,False,False,False,True,BELOW_MA200,False,270,1.0,OK,OK,2026-07-31T15:03:25.480595+07:00,1785484800960,17650,17800,18050,17500,17896,5885935000,350,1.9830028328611897,18850,16450,17700.0,1600,17650,1500,17350,300,18000.0,8700,18050,4700,18100,500,9700,15700,46298810,2026-07-30,17.65,18.79615,17650.0
2026-07-31,2026-07-31T19:31:22.749775+07:00,CTG,HOSE,30800,30800,0.0,15291900,15291900,8716350.0,8716350.0,1.754392606997195,34574.2,-10.916232335093792,True,False,False,False,True,BELOW_MA200,False,270,1.0,OK,OK,2026-07-31T15:03:25.480595+07:00,1785486784067,30450,30800,32000,30550,31216,477349700000,350,1.1494252873563218,32550,28350,30800.0,163200,30750,69100,30700,62600,30850.0,2700,30900,11300,30950,5400,2685550,1854200,423184201,2026-07-30,30.45,34.5742,30450.0
2026-07-31,2026-07-31T19:31:22.749775+07:00,CTI,HOSE,19000,19000,0.0,200900,200900,185510.0,185510.0,1.0829604873052665,22243.0,-14.57986782358495,True,False,False,False,True,BELOW_MA200,False,270,1.0,OK,OK,2026-07-31T15:03:25.480595+07:00,1785484801460,19400,19400,19400,18950,19152,3847635000,-400,-2.0618556701030926,20750,18050,19000.0,7100,18950,7700,18900,4400,19050.0,1400,19100,10700,19150,300,7700,15500,30647198,2026-07-30,19.4,22.243,19400.0
2026-07-31,2026-07-31T19:31:22.749775+07:00,CTR,HOSE,71900,71900,0.0,246600,246600,260180.0,260180.0,0.9478053655161811,76901.45000000001,-6.503713519055896,True,False,False,False,True,BELOW_MA200,False,270,1.0,OK,OK,2026-07-31T15:03:25.480595+07:00,1785484800789,71000,71200,72900,70200,71350,17595020000,900,1.267605633802817,75900,66100,71800.0,200,70800,8200,70700,2600,71900.0,5900,72000,8000,72100,800,69200,10600,50710284,2026-07-30,71.0,76.90145000000001,71000.0
2026-07-31,2026-07-31T19:31:22.749775+07:00,CTS,HOSE,21850,21850,0.0,2331800,2331800,2713850.0,2713850.0,0.8592221382906203,24842.8,-12.046951229330025,True,False,False,False,True,BELOW_MA200,False,270,1.0,OK,OK,2026-07-31T15:03:25.480595+07:00,1785484800952,21600,21600,22400,21350,21879,51016690000,250,1.1574074074074074,23100,20100,21850.0,3800,21800,7400,21750,3600,21900.0,4900,21950,9100,22000,18600,222300,489900,131441206,2026-07-30,21.6,24.8428,21600.0
2026-07-31,2026-07-31T19:31:22.749775+07:00,DBC,HOSE,16300,16300,0.0,1953900,1953900,2285860.0,2285860.0,0.8547767579816786,21468.699999999997,-24.075514586351282,True,False,False,False,True,BELOW_MA200,False,270,1.0,OK,OK,2026-07-31T15:03:25.480595+07:00,1785484801390,16450,16500,16650,16250,16489,32218595000,-150,-0.911854103343465,17600,15300,16300.0,28800,16250,42900,16200,45100,16400.0,4800,16450,7100,16500,36700,88500,162500,204599821,2026-07-30,16.45,21.4687,16450.0
2026-07-31,2026-07-31T19:31:22.749775+07:00,DC4,HOSE,6560,6560,0.0,190300,190300,118160.0,118160.0,1.610528097494922,8709.05,-24.67605536769222,True,False,False,False,True,BELOW_MA200,False,270,1.0,OK,OK,2026-07-31T15:03:25.480595+07:00,1785486784969,6590,6600,6660,6470,6563,1249003000,-30,-0.4552352048558422,7050,6130,6550.0,5000,6520,3000,6510,2000,6560.0,500,6570,10500,6580,2000,0,3640,53179549,2026-07-30,6.59,8.70905,6590.0
2026-07-31,2026-07-31T19:31:22.749775+07:00,DCL,HOSE,38450,38450,0.0,401700,401700,561640.0,561640.0,0.7152268356954633,42441.0,-9.403642703989066,True,False,False,False,True,BELOW_MA200,False,270,1.0,OK,OK,2026-07-31T15:03:25.480595+07:00,1785484800368,38000,38000,38450,37800,37963,15249905000,450,1.1842105263157896,40650,35350,38200.0,2100,38100,2000,38050,2000,38450.0,1500,38500,13300,38550,300,0,0,-666123,2026-07-30,38.0,42.441,38000.0
2026-07-31,2026-07-31T19:31:22.749775+07:00,DCM,HOSE,30700,30700,0.0,1444500,1444500,2049680.0,2049680.0,0.7047441551851996,36003.549999999996,-14.730630729469723,True,False,False,False,True,BELOW_MA200,False,270,1.0,OK,OK,2026-07-31T15:03:25.480595+07:00,1785484801305,31250,31600,31600,30650,30945,44699930000,-550,-1.76,33400,29100,30650.0,62100,30600,55900,30550,6200,30700.0,4200,30750,6300,30800,19100,207400,236300,225303601,2026-07-30,31.25,36.00355,31250.0
2026-07-31,2026-07-31T19:31:22.749775+07:00,DGC,HOSE,39100,39100,0.0,735500,735500,1132180.0,1132180.0,0.6496316840078433,64819.450000000004,-39.678599556151745,True,False,False,False,True,BELOW_MA200,False,270,1.0,OK,OK,2026-07-31T15:03:25.480595+07:00,1785484801041,39050,39550,39650,39000,39163,28804310000,50,0.12804097311139565,41750,36350,39050.0,29000,39000,308400,38950,2400,39100.0,20900,39150,21500,39200,16200,1500,1900,170568967,2026-07-30,39.05,64.81945,39050.0
2026-07-31,2026-07-31T19:31:22.749775+07:00,DGW,HOSE,36600,36600,0.0,1276400,1276400,792180.0,792180.0,1.6112499684415158,41746.7,-12.32839961002905,True,False,False,False,True,BELOW_MA200,False,270,1.0,OK,OK,2026-07-31T15:03:25.480595+07:00,1785484800366,36500,36950,37050,36300,36655,46786395000,100,0.273972602739726,39050,33950,36600.0,21500,36550,26000,36500,69200,36650.0,4000,36700,5500,36800,5100,418300,748900,55562218,2026-07-30,36.5,41.7467,36500.0
2026-07-31,2026-07-31T19:31:22.749775+07:00,DIG,HOSE,10050,10050,0.0,10967400,10967400,11490660.0,11490660.0,0.9544621457775272,15796.75,-36.37931853071043,True,False,False,False,True,BELOW_MA200,False,270,1.0,OK,OK,2026-07-31T15:03:25.480595+07:00,1785484801289,10200,10400,10450,10000,10209,111970550000,-150,-1.4705882352941175,10900,9490,10050.0,367200,10000,795300,9990,66600,10100.0,26600,10150,131900,10200,96800,2900,1926700,371211189,2026-07-30,10.2,15.79675,10200.0
2026-07-31,2026-07-31T19:31:22.749775+07:00,DLG,HOSE,2240,2240,0.0,541200,541200,662540.0,662540.0,0.8168563407492377,2724.7000000000003,-17.789114397915377,True,False,False,False,True,BELOW_MA200,False,270,1.0,OK,OK,2026-07-31T15:03:25.480595+07:00,1785484801492,2300,2330,2340,2210,2276,1231934000,-60,-2.608695652173913,2460,2140,2230.0,2100,2220,2500,2210,21300,2240.0,46300,2250,15000,2270,2400,3000,33600,128814850,2026-07-30,2.3,2.7247000000000003,2300.0
2026-07-31,2026-07-31T19:31:22.749775+07:00,DPG,HOSE,27700,27700,0.0,323100,323100,373260.0,373260.0,0.8656164603761454,40618.899999999994,-31.805144895602776,True,False,False,False,True,BELOW_MA200,False,270,1.0,OK,OK,2026-07-31T15:03:25.480595+07:00,1785484801419,28100,28000,28100,27100,27478,8878210000,-400,-1.4234875444839856,30050,26150,27250.0,5500,27200,8500,27150,20600,27700.0,9700,27750,800,27800,23400,0,90500,35624994,2026-07-30,28.1,40.6189,28100.0
2026-07-31,2026-07-31T19:31:22.749775+07:00,DPM,HOSE,23550,23550,0.0,3890000,3890000,2590670.0,2590670.0,1.5015420721280595,25174.0,-6.4511003416223085,True,False,False,False,True,BELOW_MA200,False,270,1.0,OK,OK,2026-07-31T15:03:25.480595+07:00,1785484800369,23450,23950,23950,23550,23667,92064695000,100,0.42643923240938164,25050,21850,23550.0,51600,23500,132400,23450,99100,23600.0,65500,23650,50400,23700,124200,434800,211200,316988194,2026-07-30,23.45,25.174,23450.0
2026-07-31,2026-07-31T19:31:22.749775+07:00,DRC,HOSE,10350,10350,0.0,82900,82900,264680.0,264680.0,0.3132084025993653,13418.8,-22.86940710048588,True,False,False,False,True,BELOW_MA200,False,270,1.0,OK,OK,2026-07-31T15:03:25.480595+07:00,1785484800965,10400,10400,10450,10300,10354,858370000,-50,-0.4807692307692308,11100,9680,10350.0,100,10300,23600,10250,10100,10400.0,4800,10450,7700,10500,6900,0,0,-2033634,2026-07-30,10.4,13.4188,10400.0
2026-07-31,2026-07-31T19:31:22.749775+07:00,DSE,HOSE,22200,22200,0.0,432900,432900,534760.0,534760.0,0.8095220285735657,23118.4,-3.9725932590490753,True,False,False,False,True,BELOW_MA200,False,270,1.0,OK,OK,2026-07-31T15:03:25.480595+07:00,1785484801271,22100,22200,22300,22050,22188,9605285000,100,0.4524886877828055,23600,20600,22150.0,47300,22100,55300,22050,32600,22200.0,8700,22250,16200,22300,21100,15000,27500,382658921,2026-07-30,22.1,23.1184,22100.0
2026-07-31,2026-07-31T19:31:22.749775+07:00,DXG,HOSE,10300,10300,0.0,7712700,7712700,12895940.0,12895940.0,0.5980719513273169,14048.75,-26.683868671589998,True,False,False,False,True,BELOW_MA200,False,270,1.0,OK,OK,2026-07-31T15:03:25.480595+07:00,1785484800887,10600,10700,10700,10300,10451,80604540000,-300,-2.8301886792452833,11300,9860,10300.0,316700,10250,259100,10200,353400,10350.0,11800,10400,36800,10450,190200,287500,437300,402978755,2026-07-30,10.6,14.04875,10600.0
2026-07-31,2026-07-31T19:31:22.749775+07:00,DXS,HOSE,5750,5750,0.0,2163000,2163000,1708190.0,1708190.0,1.2662525831435614,8127.2,-29.249926173836005,True,False,False,False,True,BELOW_MA200,False,270,1.0,OK,OK,2026-07-31T15:03:25.480595+07:00,1785484800828,5930,6000,6000,5710,5816,12580952000,-180,-3.0354131534569984,6340,5520,5750.0,14800,5740,5700,5730,13600,5760.0,4500,5770,2200,5780,12000,238500,458000,249159234,2026-07-30,5.93,8.1272,5930.0
2026-07-31,2026-07-31T19:31:22.749775+07:00,EIB,HOSE,17800,17800,0.0,6237200,6237200,7534550.0,7534550.0,0.8278132071590207,21783.0,-18.284901069641464,True,False,False,False,True,BELOW_MA200,False,270,1.0,OK,OK,2026-07-31T15:03:25.480595+07:00,1785484800523,17900,17900,18200,17600,17812,111098745000,-100,-0.5586592178770949,19150,16650,17700.0,75100,17650,154500,17600,177600,17800.0,59300,17850,92300,17900,66000,17500,868200,531544185,2026-07-30,17.9,21.783,17900.0
2026-07-31,2026-07-31T19:31:22.749775+07:00,ELC,HOSE,14800,14800,0.0,263000,263000,416790.0,416790.0,0.6310132200868543,19553.0,-24.308290287935357,True,False,False,False,True,BELOW_MA200,False,270,1.0,OK,OK,2026-07-31T15:03:25.480595+07:00,1785484801162,14900,14900,14900,14200,14528,3820785000,-100,-0.6711409395973155,15900,13900,14600.0,100,14300,2000,14250,9700,14800.0,14900,14850,8000,14900,41200,1900,55200,51246442,2026-07-30,14.9,19.553,14900.0
2026-07-31,2026-07-31T19:31:22.749775+07:00,EVF,HOSE,12200,12200,0.0,1391200,1391200,1916370.0,1916370.0,0.7259558436001399,12775.499999999996,-4.504716058079891,True,False,False,False,True,BELOW_MA200,False,270,1.0,OK,OK,2026-07-31T15:03:25.480595+07:00,1785484800918,12400,12400,12450,12200,12341,17168870000,-200,-1.6129032258064515,13250,11550,12200.0,65300,12150,138300,12100,64300,12250.0,13200,12300,37800,12350,66300,31300,54700,111886349,2026-07-30,12.4,12.775499999999996,12400.0
2026-07-31,2026-07-31T19:31:22.749775+07:00,FCN,HOSE,10650,10650,0.0,222000,222000,410080.0,410080.0,0.5413577838470542,13557.800000000001,-21.447432474295248,True,False,False,False,True,BELOW_MA200,False,270,1.0,OK,OK,2026-07-31T15:03:25.480595+07:00,1785484801355,10750,10700,10700,10450,10567,2345835000,-100,-0.9302325581395349,11500,10000,10500.0,4800,10450,25600,10400,54600,10650.0,27100,10700,66100,10750,47300,0,34600,30347618,2026-07-30,10.75,13.5578,10750.0
2026-07-31,2026-07-31T19:31:22.749775+07:00,FIT,HOSE,3000,3000,0.0,161100,161100,280600.0,280600.0,0.5741268709907341,4334.75,-30.79185650844916,True,False,False,False,True,BELOW_MA200,False,270,1.0,OK,OK,2026-07-31T15:03:25.480595+07:00,1785484800490,3040,3030,3080,3000,3033,488602000,-40,-1.3157894736842104,3250,2830,3000.0,6800,2990,2000,2970,900,3010.0,2500,3030,3300,3040,5900,0,0,-19579,2026-07-30,3.04,4.33475,3040.0
2026-07-31,2026-07-31T19:31:22.749775+07:00,FPT,HOSE,67100,67100,0.0,6253600,6253600,6456220.0,6456220.0,0.968616311092249,83860.55,-19.986215210847057,True,False,False,False,True,BELOW_MA200,False,270,1.0,OK,OK,2026-07-31T15:03:25.480595+07:00,1785486787671,67000,67200,67900,66500,67141,419873170000,100,0.1492537313432836,71600,62400,67000.0,210400,66900,8100,66700,200,67100.0,51000,67200,110400,67300,22900,2605487,826800,370784636,2026-07-30,67.0,83.86055,67000.0
2026-07-31,2026-07-31T19:31:22.749775+07:00,FTS,HOSE,21400,21400,0.0,1072000,1072000,1482930.0,1482930.0,0.7228931911823215,26951.75,-20.598847941228307,True,False,False,False,True,BELOW_MA200,False,270,1.0,OK,OK,2026-07-31T15:03:25.480595+07:00,1785486787970,21850,21050,21800,21050,21538,23088525000,-450,-2.059496567505721,23350,20350,21400.0,500,21350,18100,21300,23700,21450.0,1600,21500,6800,21550,2200,116450,188200,287184126,2026-07-30,21.85,26.95175,21850.0
2026-07-31,2026-07-31T19:31:22.749775+07:00,GAS,HOSE,68600,68600,0.0,968600,968600,1443810.0,1443810.0,0.6708638948338078,80557.0,-14.842906265129038,True,False,False,False,True,BELOW_MA200,False,270,1.0,OK,OK,2026-07-31T15:03:25.480595+07:00,1785486788271,68700,69800,69800,68100,68961,66795790000,-100,-0.1455604075691412,73500,63900,68600.0,17500,68500,13300,68400,2600,68700.0,3000,68800,3400,68900,4100,157410,84400,1133610134,2026-07-30,68.7,80.557,68700.0
2026-07-31,2026-07-31T19:31:22.749775+07:00,GEE,HOSE,66800,66800,0.0,980300,980300,1193790.0,1193790.0,0.8211662017607787,101226.75,-34.00953799267486,True,False,False,False,True,BELOW_MA200,False,270,1.0,OK,OK,2026-07-31T15:03:25.480595+07:00,1785486788271,66900,67500,68000,65600,66537,65225860000,-100,-0.14947683109118087,71500,62300,66800.0,3600,66700,500,66600,500,66900.0,8200,67000,21800,67100,2500,79520,199901,313607448,2026-07-30,66.9,101.22675,66900.0
2026-07-31,2026-07-31T19:31:22.749775+07:00,GEG,HOSE,12100,12100,0.0,163900,163900,221810.0,221810.0,0.7389206978945945,14009.7,-13.631269763092718,True,False,False,False,True,BELOW_MA200,False,270,1.0,OK,OK,2026-07-31T15:03:25.480595+07:00,1785484800948,12150,12200,12200,12100,12134,1988740000,-50,-0.411522633744856,13000,11300,12100.0,37100,12050,30200,12000,46300,12200.0,16800,12250,13400,12300,25500,8400,500,22057190,2026-07-30,12.15,14.0097,12150.0
2026-07-31,2026-07-31T19:31:22.749775+07:00,GEX,HOSE,22500,22500,0.0,17674200,17674200,13756340.0,13756340.0,1.2848039522140338,29034.399999999994,-22.505717355963945,True,False,False,False,True,BELOW_MA200,False,270,1.0,OK,OK,2026-07-31T15:03:25.480595+07:00,1785484801189,22100,22500,23050,22350,22632,400006650000,400,1.809954751131222,23600,20600,22450.0,84800,22400,161500,22350,135500,22500.0,136000,22550,55500,22600,50800,1148900,3212000,567831736,2026-07-30,22.1,29.034399999999994,22100.0
2026-07-31,2026-07-31T19:31:22.749775+07:00,GIL,HOSE,6660,6660,0.0,227100,227100,326990.0,326990.0,0.6945166518853788,13335.1,-50.05661749818149,True,False,False,False,True,BELOW_MA200,False,270,1.0,OK,OK,2026-07-31T15:03:25.480595+07:00,1785484800535,6700,6930,6930,6660,6763,1535800000,-40,-0.5970149253731344,7160,6240,6660.0,2100,6650,6200,6620,4600,6690.0,2000,6700,2300,6720,2000,1100,23200,49394192,2026-07-30,6.7,13.3351,6700.0
2026-07-31,2026-07-31T19:31:22.749775+07:00,GVR,HOSE,27500,27500,0.0,2216700,2216700,1463730.0,1463730.0,1.5144186427824804,32173.600000000002,-14.526195390009205,True,False,False,False,True,BELOW_MA200,False,270,1.0,OK,OK,2026-07-31T15:03:25.480595+07:00,1785484800906,27550,27900,28400,27500,27847,61727560000,-50,-0.18148820326678766,29450,25650,27500.0,30800,27450,18000,27400,11800,27600.0,6400,27650,2500,27700,11200,117600,306000,495209320,2026-07-30,27.55,32.1736,27550.0
2026-07-31,2026-07-31T19:31:22.749775+07:00,HAG,HOSE,14000,14000,0.0,2043200,2043200,2648790.0,2648790.0,0.7713710788699746,16237.750000000002,-13.781158103801335,True,False,False,False,True,BELOW_MA200,False,270,1.0,OK,OK,2026-07-31T15:03:25.480595+07:00,1785484801297,14200,14200,14200,13900,14006,28616425000,-200,-1.4084507042253522,15150,13250,13950.0,50600,13900,425200,13850,36600,14000.0,18900,14050,24400,14100,57900,600,141800,597674502,2026-07-30,14.2,16.237750000000002,14200.0
2026-07-31,2026-07-31T19:31:22.749775+07:00,HAH,HOSE,45250,45250,0.0,364300,364300,476130.0,476130.0,0.7651271711507361,54471.25,-16.9286550244395,True,False,False,False,True,BELOW_MA200,False,270,1.0,OK,OK,2026-07-31T15:03:25.480595+07:00,1785484801086,45200,45600,45600,44750,45141,16444810000,50,0.11061946902654868,48350,42050,45200.0,10700,45150,900,44900,1500,45250.0,7100,45300,1800,45350,600,7100,79400,38332842,2026-07-30,45.2,54.47125,45200.0
2026-07-31,2026-07-31T19:31:22.749775+07:00,HAX,HOSE,8570,8570,0.0,136300,136300,171500.0,171500.0,0.7947521865889213,10375.0,-17.397590361445783,True,False,False,False,True,BELOW_MA200,False,270,1.0,OK,OK,2026-07-31T15:03:25.480595+07:00,1785484800958,8460,8500,8600,8500,8574,1168653000,110,1.3002364066193852,9050,7870,8560.0,100,8550,1300,8540,4200,8570.0,3900,8580,2800,8590,2400,1500,1000,46564246,2026-07-30,8.46,10.375,8460.0
2026-07-31,2026-07-31T19:31:22.749775+07:00,HDB,HOSE,25200,25200,0.0,8862700,8862700,11914070.0,11914070.0,0.7438851710624497,26089.9,-3.4108984702892746,True,False,False,False,True,BELOW_MA200,False,270,1.0,OK,OK,2026-07-31T15:03:25.480595+07:00,1785486790070,25700,25700,25800,25200,25419,225282840000,-500,-1.9455252918287937,27450,23950,25200.0,283100,25150,152900,25100,598800,25250.0,34200,25300,66700,25350,166900,883960,1727700,271272663,2026-07-30,25.7,26.0899,25700.0
2026-07-31,2026-07-31T19:31:22.749775+07:00,HDC,HOSE,11400,11400,0.0,1423400,1423400,1649330.0,1649330.0,0.863017103914923,18601.600000000002,-38.71494925167728,True,False,False,False,True,BELOW_MA200,False,270,1.0,OK,OK,2026-07-31T15:03:25.480595+07:00,1785486790371,11600,11600,11600,11400,11503,16372920000,-200,-1.7241379310344827,12400,10800,11400.0,42700,11350,16000,11300,17000,11500.0,3400,11550,8300,11600,37200,1400,537671,109188636,2026-07-30,11.6,18.6016,11600.0
2026-07-31,2026-07-31T19:31:22.749775+07:00,HDG,HOSE,16150,16150,0.0,1334000,1334000,1619900.0,1619900.0,0.823507623927403,24197.249999999996,-33.25687836427692,True,False,False,False,True,BELOW_MA200,False,270,1.0,OK,OK,2026-07-31T15:03:25.480595+07:00,1785486790371,16500,16650,16650,16100,16182,21587305000,-350,-2.1212121212121215,17650,15350,16150.0,61200,16100,69500,16050,209000,16200.0,57400,16250,3300,16300,50200,5800,123012,136740042,2026-07-30,16.5,24.197249999999997,16500.0
2026-07-31,2026-07-31T19:31:22.749775+07:00,HHS,HOSE,9520,9520,0.0,828200,828200,987530.0,987530.0,0.8386580660840683,12593.75,-24.40694789081886,True,False,False,False,True,BELOW_MA200,False,270,1.0,OK,OK,2026-07-31T15:03:25.480595+07:00,1785484800723,9800,9810,9870,9520,9632,7977280000,-280,-2.857142857142857,10450,9120,9520.0,3900,9510,21700,9500,28700,9530.0,300,9580,2200,9590,4600,7600,95700,215065994,2026-07-30,9.8,12.59375,9800.0
2026-07-31,2026-07-31T19:31:22.749775+07:00,HHV,HOSE,9960,9960,0.0,1864900,1864900,2493130.0,2493130.0,0.7480155467223931,11918.8,-16.434540389972142,True,False,False,False,True,BELOW_MA200,False,270,1.0,OK,OK,2026-07-31T15:03:25.480595+07:00,1785484801294,10050,10150,10150,9960,10013,18674067000,-90,-0.8955223880597015,10750,9350,9960.0,55100,9950,42700,9940,15900,9970.0,130500,9980,145100,9990,1000,39500,55700,211026965,2026-07-30,10.05,11.9188,10050.0
2026-07-31,2026-07-31T19:31:22.749775+07:00,HPG,HOSE,21700,21700,0.0,24111500,24111500,30905820.0,30905820.0,0.7801605005141427,23886.600000000002,-9.154086391533337,True,False,False,False,True,BELOW_MA200,False,270,1.0,OK,OK,2026-07-31T15:03:25.480595+07:00,1785486791271,21800,21800,21850,21400,21603,520879895000,-100,-0.45871559633027525,23300,20300,21650.0,300,21600,1100,21550,2300,21700.0,157400,21750,130700,21800,800500,2807273,4709872,2314248364,2026-07-30,21.8,23.8866,21800.0
2026-07-31,2026-07-31T19:31:22.749775+07:00,HPX,HOSE,4170,4170,0.0,316200,316200,668220.0,668220.0,0.473197449941636,4701.2,-11.299242746532796,True,False,False,False,True,BELOW_MA200,False,270,1.0,OK,OK,2026-07-31T15:03:25.480595+07:00,1785484801270,4180,4250,4250,4100,4143,1310061000,-10,-0.23923444976076555,4470,3890,4140.0,400,4130,500,4120,200,4170.0,26500,4180,72900,4190,56200,5500,2200,147964009,2026-07-30,4.18,4.7012,4180.0
2026-07-31,2026-07-31T19:31:22.749775+07:00,HQC,HOSE,2130,2130,0.0,2424600,2424600,2183730.0,2183730.0,1.1103020977868143,2776.4500000000003,-23.28332943146825,True,False,False,False,True,BELOW_MA200,False,270,1.0,OK,OK,2026-07-31T15:03:25.480595+07:00,1785484800628,2150,2190,2200,2130,2157,5230910000,-20,-0.9302325581395349,2300,2000,2120.0,278800,2110,87700,2100,195400,2130.0,800,2150,23200,2160,10800,0,64000,308768818,2026-07-30,2.15,2.77645,2150.0
2026-07-31,2026-07-31T19:31:22.749775+07:00,HSG,HOSE,10700,10700,0.0,1717700,1717700,2645780.0,2645780.0,0.6492225355093773,12157.050000000001,-11.985226679169708,True,False,False,False,True,BELOW_MA200,False,270,1.0,OK,OK,2026-07-31T15:03:25.480595+07:00,1785484800679,10900,11000,11000,10650,10772,18502400000,-200,-1.834862385321101,11650,10150,10700.0,62900,10650,200000,10600,202100,10750.0,28000,10800,41100,10850,23500,0,118700,369678415,2026-07-30,10.9,12.157050000000002,10900.0
2026-07-31,2026-07-31T19:31:22.749775+07:00,HT1,HOSE,12200,12200,0.0,85500,85500,136670.0,136670.0,0.6255944976951782,15153.5,-19.490546738377272,True,False,False,False,True,BELOW_MA200,False,270,1.0,OK,OK,2026-07-31T15:03:25.480595+07:00,1785484800854,12300,12300,12350,12150,12211,1044015000,-100,-0.8130081300813009,13150,11450,12150.0,27100,12100,5600,12050,23400,12200.0,2700,12300,8000,12350,3000,1800,800,178877525,2026-07-30,12.3,15.1535,12300.0
2026-07-31,2026-07-31T19:31:22.749775+07:00,HTN,HOSE,6860,6860,0.0,127600,127600,93000.0,93000.0,1.3720430107526882,7903.349999999999,-13.201363978566045,True,False,False,False,True,BELOW_MA200,False,270,1.0,OK,OK,2026-07-31T15:03:25.480595+07:00,1785484800662,6600,6790,6890,6570,6807,868599000,260,3.939393939393939,7060,6140,6820.0,200,6800,1100,6760,3000,6860.0,5900,6870,2000,6880,7700,0,0,43168426,2026-07-30,6.6,7.90335,6600.0
2026-07-31,2026-07-31T19:31:22.749775+07:00,HVN,HOSE,21500,21500,0.0,922200,922200,941530.0,941530.0,0.9794695867364821,25515.25,-15.73666728721059,True,False,False,False,True,BELOW_MA200,False,270,1.0,OK,OK,2026-07-31T15:03:25.480595+07:00,1785484801201,21800,21900,22350,21500,21848,20148605000,-300,-1.3761467889908259,23300,20300,21500.0,87100,21450,100,21400,9700,21550.0,47400,21600,52500,21650,50000,26000,398300,668843781,2026-07-30,21.8,25.51525,21800.0
2026-07-31,2026-07-31T19:31:22.749775+07:00,IDI,HOSE,4800,4800,0.0,286500,286500,306470.0,306470.0,0.9348386465233138,6548.2,-26.697413029534832,True,False,False,False,True,BELOW_MA200,False,270,1.0,OK,OK,2026-07-31T15:03:25.480595+07:00,1785484800977,4700,5000,5000,4770,4855,1390904000,100,2.127659574468085,5020,4380,4780.0,500,4770,3400,4760,3100,4800.0,24500,4830,1000,4840,1200,0,1800,-1224652,2026-07-30,4.7,6.5482,4700.0
2026-07-31,2026-07-31T19:31:22.749775+07:00,IJC,HOSE,7180,7180,0.0,2310000,2310000,2282890.0,2282890.0,1.0118752984156048,9966.65,-27.959745752083194,True,False,False,False,True,BELOW_MA200,False,270,1.0,OK,OK,2026-07-31T15:03:25.480595+07:00,1785486792172,7200,7200,7230,7020,7089,16374781000,-20,-0.2777777777777778,7700,6700,7170.0,2400,7120,2500,7110,2000,7180.0,1700,7190,10800,7200,66800,333121,244900,282027440,2026-07-30,7.2,9.96665,7200.0
2026-07-31,2026-07-31T19:31:22.749775+07:00,KBC,HOSE,27800,27800,0.0,1101100,1101100,1444640.0,1444640.0,0.7621968102779931,32796.75,-15.23550351787906,True,False,False,False,True,BELOW_MA200,False,270,1.0,OK,OK,2026-07-31T15:03:25.480595+07:00,1785484800681,28050,28000,28050,27350,27662,30458485000,-250,-0.8912655971479502,30000,26100,27750.0,20100,27650,2100,27600,85100,27800.0,60700,27850,25700,27900,17600,10900,466400,391602797,2026-07-30,28.05,32.79675,28050.0
2026-07-31,2026-07-31T19:31:22.749775+07:00,KDH,HOSE,17450,17450,0.0,4566800,4566800,5873300.0,5873300.0,0.7775526535337886,27212.5,-35.87505741846578,True,False,False,False,True,BELOW_MA200,False,270,1.0,OK,OK,2026-07-31T15:03:25.480595+07:00,1785484800519,17500,17600,17650,17400,17499,79913675000,-50,-0.2857142857142857,18700,16300,17450.0,12300,17400,163000,17350,105600,17500.0,153300,17550,45600,17600,39000,1080000,1570000,282959769,2026-07-30,17.5,27.2125,17500.0
2026-07-31,2026-07-31T19:31:22.749775+07:00,KHG,HOSE,4720,4720,0.0,1881700,1881700,3207120.0,3207120.0,0.58672578512809,6136.650000000001,-23.08507084484206,True,False,False,False,True,BELOW_MA200,False,270,1.0,OK,OK,2026-07-31T15:03:25.480595+07:00,1785484801327,4730,4740,4760,4690,4723,8886710000,-10,-0.21141649048625794,5060,4400,4710.0,75300,4700,108900,4690,120400,4720.0,6400,4730,110000,4740,89200,2600,82700,219118669,2026-07-30,4.73,6.13665,4730.0
2026-07-31,2026-07-31T19:31:22.749775+07:00,KLB,HOSE,11300,11300,0.0,272900,272900,525310.0,525310.0,0.5195027697930745,11738.950000000004,-3.7392611775329496,True,False,False,False,True,BELOW_MA200,False,270,1.0,OK,OK,2026-07-31T15:03:25.480595+07:00,1785484800366,11250,11350,11500,11300,11344,3095885000,50,0.4444444444444444,12000,10500,11250.0,26900,11200,12800,11150,6100,11300.0,2500,11350,6300,11400,13400,0,57500,211723206,2026-07-30,11.25,11.738950000000004,11250.0
2026-07-31,2026-07-31T19:31:22.749775+07:00,KSB,HOSE,13100,13100,0.0,539300,539300,742780.0,742780.0,0.726056167371227,16644.25,-21.294140619132733,True,False,False,False,True,BELOW_MA200,False,270,1.0,OK,OK,2026-07-31T15:03:25.480595+07:00,1785484801459,13400,13500,13500,13100,13236,7138215000,-300,-2.2388059701492535,14300,12500,13100.0,48700,13050,15600,13000,75100,13150.0,2500,13200,32600,13250,32900,4700,4900,55123381,2026-07-30,13.4,16.64425,13400.0
2026-07-31,2026-07-31T19:31:22.749775+07:00,LCG,HOSE,7030,7030,0.0,537100,537100,920460.0,920460.0,0.5835125915303218,9109.9,-22.83120561147762,True,False,False,False,True,BELOW_MA200,False,270,1.0,OK,OK,2026-07-31T15:03:25.480595+07:00,1785484800542,7050,7150,7150,6990,7032,3777087000,-20,-0.28368794326241137,7540,6560,7020.0,2100,7010,500,7000,8800,7030.0,1000,7040,12400,7050,8200,0,169100,100468176,2026-07-30,7.05,9.1099,7050.0
2026-07-31,2026-07-31T19:31:22.749775+07:00,LDG,HOSE,2680,2680,0.0,322200,322200,509750.0,509750.0,0.6320745463462482,3744.85,-28.435050803102925,True,False,False,False,True,BELOW_MA200,False,270,1.0,OK,OK,2026-07-31T15:03:25.480595+07:00,1785484800624,2690,2730,2730,2660,2688,866073000,-10,-0.37174721189591076,2870,2510,2670.0,2500,2660,11800,2650,38600,2680.0,4600,2690,37900,2700,23500,1100,67100,127708725,2026-07-30,2.69,3.74485,2690.0
2026-07-31,2026-07-31T19:31:22.749775+07:00,MBB,HOSE,22500,22500,0.0,12050200,12050200,14598350.0,14598350.0,0.8254494514791055,24551.400000000005,-8.355531660109015,True,False,False,False,True,BELOW_MA200,False,270,1.0,OK,OK,2026-07-31T15:03:25.480595+07:00,1785486794271,22500,22850,23150,22500,22790,274629160000,0,0.0,24050,20950,22500.0,203600,22450,66200,22400,233600,22550.0,15200,22600,12700,22650,102400,1624494,1668460,96913651,2026-07-30,22.5,24.551400000000005,22500.0
2026-07-31,2026-07-31T19:31:22.749775+07:00,MIG,HOSE,16700,16700,0.0,57900,57900,125730.0,125730.0,0.46051061799093296,17803.75,-6.199536614477287,True,False,False,False,True,BELOW_MA200,False,270,1.0,OK,OK,2026-07-31T15:03:25.480595+07:00,1785484801074,16800,17000,17000,16700,16805,972990000,-100,-0.5952380952380952,17950,15650,16650.0,100,16600,400,16550,1800,16700.0,6900,16800,59500,16900,1500,1300,0,175316719,2026-07-30,16.8,17.80375,16800.0
2026-07-31,2026-07-31T19:31:22.749775+07:00,MSN,HOSE,66100,66100,0.0,3736800,3736800,5005700.0,5005700.0,0.7465089797630701,76023.5,-13.053200655060607,True,False,False,False,True,BELOW_MA200,False,270,1.0,OK,OK,2026-07-31T15:03:25.480595+07:00,1785486794871,67900,67900,67900,66100,66813,249667620000,-1800,-2.6509572901325478,72600,63200,66100.0,34000,66000,69500,65900,24100,66200.0,17600,66300,7000,66400,500,592520,735160,1164279616,2026-07-30,67.9,76.0235,67900.0
2026-07-31,2026-07-31T19:31:22.749775+07:00,MWG,HOSE,69900,69900,0.0,4562900,4562900,6622130.0,6622130.0,0.6890381191550151,80875.75,-13.57112607920174,True,False,False,False,True,BELOW_MA200,False,270,1.0,OK,OK,2026-07-31T15:03:25.480595+07:00,1785486794872,69800,70500,70500,68500,69440,316847790000,100,0.14326647564469913,74600,65000,69800.0,1000,69100,8000,69000,24000,69900.0,34800,70000,464100,70100,14300,487600,476170,0,2026-07-30,69.8,80.87575,69800.0
2026-07-31,2026-07-31T19:31:22.749775+07:00,NKG,HOSE,10950,10950,0.0,1521500,1521500,2073780.0,2073780.0,0.7336843831071763,13309.2,-17.726084212424492,True,False,False,False,True,BELOW_MA200,False,270,1.0,OK,OK,2026-07-31T15:03:25.480595+07:00,1785484801482,11100,11150,11150,10800,10948,16657785000,-150,-1.3513513513513513,11850,10350,10900.0,111300,10850,38300,10800,170200,10950.0,3800,11000,72000,11050,27200,14500,166300,223663862,2026-07-30,11.1,13.3092,11100.0
2026-07-31,2026-07-31T19:31:22.749775+07:00,NT2,HOSE,21000,21000,0.0,577700,577700,662520.0,662520.0,0.8719736762663769,24268.75,-13.4689672933299,True,False,False,False,True,BELOW_MA200,False,270,1.0,OK,OK,2026-07-31T15:03:25.480595+07:00,1785484801170,21050,21000,21300,20950,21054,12162895000,-50,-0.23752969121140144,22500,19600,21000.0,1500,20950,9200,20900,16500,21050.0,6200,21100,13200,21200,13600,50600,98800,110986537,2026-07-30,21.05,24.26875,21050.0
2026-07-31,2026-07-31T19:31:22.749775+07:00,NTL,HOSE,13700,13700,0.0,290500,290500,282200.0,282200.0,1.0294117647058822,16510.3,-17.021495672398437,True,False,False,False,True,BELOW_MA200,False,270,1.0,OK,OK,2026-07-31T15:03:25.480595+07:00,1785484800843,13700,13800,13800,13500,13605,3952380000,0,0.0,14650,12750,13600.0,1200,13500,1300,13450,8800,13700.0,15900,13750,4600,13800,23900,0,7700,43827608,2026-07-30,13.7,16.5103,13700.0
2026-07-31,2026-07-31T19:31:22.749775+07:00,NVL,HOSE,13000,13000,0.0,23508100,23508100,16216610.0,16216610.0,1.4496309647947383,13199.15,-1.5088092793854122,True,False,False,False,True,BELOW_MA200,False,270,1.0,OK,OK,2026-07-31T15:03:25.480595+07:00,1785484800983,13000,13300,13500,13000,13222,310834335000,0,0.0,13900,12100,13000.0,275300,12950,443000,12900,278100,13050.0,2300,13100,97300,13150,126400,380500,5329600,1058196444,2026-07-30,13.0,13.19915,13000.0
2026-07-31,2026-07-31T19:31:22.749775+07:00,OCB,HOSE,10150,10150,0.0,1872400,1872400,2297080.0,2297080.0,0.8151218068156094,10358.1,-2.0090557148511827,True,False,False,False,True,BELOW_MA200,False,270,1.0,OK,OK,2026-07-31T15:03:25.480595+07:00,1785484800365,10350,10400,10450,10150,10302,19289335000,-200,-1.932367149758454,11050,9630,10150.0,229900,10100,137800,10050,78500,10200.0,11300,10250,5300,10300,67500,7900,340300,73910346,2026-07-30,10.35,10.3581,10350.0
2026-07-31,2026-07-31T19:31:22.749775+07:00,OGC,HOSE,2130,2130,0.0,74500,74500,288650.0,288650.0,0.2580980426121601,3331.8500000000004,-36.07155184056906,True,False,False,False,True,BELOW_MA200,False,270,1.0,OK,OK,2026-07-31T15:03:25.480595+07:00,1785484800370,2120,2140,2150,2120,2130,158675000,10,0.4716981132075472,2260,1980,2120.0,5300,2110,14700,2100,7700,2130.0,100,2140,1900,2150,5100,800,7400,146174584,2026-07-30,2.12,3.33185,2120.0
2026-07-31,2026-07-31T19:31:22.749775+07:00,PAC,HOSE,15700,15700,0.0,184300,184300,145710.0,145710.0,1.2648411227781209,20687.800000000003,-24.10986185094598,True,False,False,False,True,BELOW_MA200,False,270,1.0,OK,OK,2026-07-31T15:03:25.480595+07:00,1785486796971,15800,15850,15950,15450,15669,2887855000,-100,-0.6329113924050633,16900,14700,15600.0,1000,15500,300,15450,3900,15700.0,10400,15750,8300,15800,9600,300,29010,29219441,2026-07-30,15.8,20.687800000000003,15800.0
2026-07-31,2026-07-31T19:31:22.749775+07:00,PAN,HOSE,20800,20800,0.0,342000,342000,310740.0,310740.0,1.1005985711527322,22822.8,-8.863066757803598,True,False,False,False,True,BELOW_MA200,False,270,1.0,OK,OK,2026-07-31T15:03:25.480595+07:00,1785484801411,21300,21500,21500,20800,21076,7207860000,-500,-2.3474178403755865,22750,19850,20800.0,6100,20750,6000,20700,1900,20900.0,800,20950,1600,21000,1100,46900,144200,68930676,2026-07-30,21.3,22.8228,21300.0
2026-07-31,2026-07-31T19:31:22.749775+07:00,PC1,HOSE,21400,21400,0.0,1525000,1525000,2239940.0,2239940.0,0.6808218077269926,22793.3,-6.112761206143907,True,False,False,False,True,BELOW_MA200,False,270,1.0,OK,OK,2026-07-31T15:03:25.480595+07:00,1785484801391,21650,21750,21900,21150,21329,32526445000,-250,-1.1547344110854503,23150,20150,21400.0,31100,21350,5200,21300,8900,21450.0,19600,21500,44800,21550,11500,21800,270300,169938646,2026-07-30,21.65,22.7933,21650.0
2026-07-31,2026-07-31T19:31:22.749775+07:00,PDR,HOSE,11450,11450,0.0,6216700,6216700,8358550.0,8358550.0,0.7437534022049279,17651.999999999996,-35.134828914570576,True,False,False,False,True,BELOW_MA200,False,270,1.0,OK,OK,2026-07-31T15:03:25.480595+07:00,1785484800734,11850,11850,11850,11450,11584,72012835000,-400,-3.375527426160337,12650,11050,11450.0,166400,11400,152300,11350,279700,11500.0,206500,11550,100200,11600,98800,16000,1760000,430213010,2026-07-30,11.85,17.651999999999997,11850.0
2026-07-31,2026-07-31T19:31:22.749775+07:00,PHR,HOSE,56800,56800,0.0,209400,209400,387360.0,387360.0,0.5405824039653035,60633.25,-6.3220262809597045,True,False,False,False,True,BELOW_MA200,False,270,1.0,OK,OK,2026-07-31T15:03:25.480595+07:00,1785484800433,57200,57500,57500,56500,56816,11897330000,-400,-0.6993006993006993,61200,53200,56800.0,9900,56700,35700,56600,30700,57000.0,1500,57100,100,57200,7200,20700,13200,49934807,2026-07-30,57.2,60.63325,57200.0
2026-07-31,2026-07-31T19:31:22.749775+07:00,PLX,HOSE,33300,33300,0.0,3143900,3143900,1618530.0,1618530.0,1.9424415982403787,41137.75,-19.052451823446834,True,False,False,False,True,BELOW_MA200,False,270,1.0,OK,OK,2026-07-31T15:03:25.480595+07:00,1785486797572,33850,34650,34650,33300,33905,106594650000,-550,-1.6248153618906942,36200,31500,33300.0,24800,33250,19200,33200,38200,33800.0,200,33850,5600,33900,2200,632125,173300,76710205,2026-07-30,33.85,41.13775,33850.0
2026-07-31,2026-07-31T19:31:22.749775+07:00,PNJ,HOSE,31000,31000,0.0,17734700,17734700,11815150.0,11815150.0,1.501013529240001,65050.74999999999,-52.34489994350564,True,False,False,False,True,BELOW_MA200,False,270,1.0,OK,OK,2026-07-31T15:03:25.480595+07:00,1785486797873,32500,30350,31250,30250,30416,539419130000,-1500,-4.615384615384616,34750,30250,30950.0,300,30700,6700,30650,500,31000.0,161300,31050,1400,31100,3000,3563402,3340695,29003140,2026-07-30,32.5,65.05075,32500.0
2026-07-31,2026-07-31T19:31:22.749775+07:00,PPC,HOSE,8820,8820,0.0,64800,64800,131540.0,131540.0,0.49262581724190363,9911.300000000001,-11.010664594957282,True,False,False,False,True,BELOW_MA200,False,270,1.0,OK,OK,2026-07-31T15:03:25.480595+07:00,1785484801378,8840,8810,8840,8810,8825,571834000,-20,-0.22624434389140274,9450,8230,8810.0,2400,8800,10200,8790,1000,8840.0,19800,8880,6900,8900,200,0,0,145370846,2026-07-30,8.84,9.9113,8840.0
2026-07-31,2026-07-31T19:31:22.749775+07:00,PVT,HOSE,18300,18300,0.0,5173200,5173200,3215490.0,3215490.0,1.608837222320704,18924.65,-3.3007215457089107,True,False,False,False,True,BELOW_MA200,False,270,1.0,OK,OK,2026-07-31T15:03:25.480595+07:00,1785486738449,18150,18700,18900,18150,18534,95879495000,150,0.8264462809917356,19400,16900,18300.0,13000,18250,66100,18200,75900,18350.0,5700,18400,43000,18450,46200,1531600,347700,167992121,2026-07-30,18.15,18.92465,18150.0
2026-07-31,2026-07-31T19:31:22.749775+07:00,QCG,HOSE,9960,9960,0.0,103900,103900,180650.0,180650.0,0.5751453086078051,13486.25,-26.147001575678928,True,False,False,False,True,BELOW_MA200,False,270,1.0,OK,OK,2026-07-31T15:03:25.480595+07:00,1785484800959,9900,10100,10150,9950,10019,1040973000,60,0.6060606060606061,10550,9210,9960.0,200,9950,8100,9940,900,9980.0,600,10000,1300,10050,5300,0,6000,129706895,2026-07-30,9.9,13.48625,9900.0
2026-07-31,2026-07-31T19:31:22.749775+07:00,SAB,HOSE,43550,43550,0.0,518400,518400,614070.0,614070.0,0.8442034295764327,43794.55,-0.5584028149621423,True,False,False,False,True,BELOW_MA200,False,270,1.0,OK,OK,2026-07-31T15:03:25.480595+07:00,1785486739049,43400,43950,44000,43550,43785,22697995000,150,0.3456221198156682,46400,40400,43550.0,3200,43500,2500,43450,5000,43650.0,17400,43700,18900,43750,4000,296560,36700,529525643,2026-07-30,43.4,43.79455,43400.0
2026-07-31,2026-07-31T19:31:22.749775+07:00,SBT,HOSE,21250,21250,0.0,401500,401500,625140.0,625140.0,0.6422561346258439,22060.5,-3.673987443620951,True,False,False,False,True,BELOW_MA200,False,270,1.0,OK,OK,2026-07-31T15:03:25.480595+07:00,1785484801198,21300,21300,21300,21150,21242,8528480000,-50,-0.2347417840375587,22750,19850,21250.0,6700,21200,6800,21150,12200,21300.0,70800,21350,74600,21400,51100,20100,47400,745800321,2026-07-30,21.3,22.0605,21300.0
2026-07-31,2026-07-31T19:31:22.749775+07:00,SCR,HOSE,4570,4570,0.0,800800,800800,1382850.0,1382850.0,0.5790939002784106,6636.45,-31.13788245221466,True,False,False,False,True,BELOW_MA200,False,270,1.0,OK,OK,2026-07-31T15:03:25.480595+07:00,1785484800608,4680,4730,4730,4560,4598,3681972000,-110,-2.3504273504273505,5000,4360,4560.0,22400,4550,15300,4540,3300,4570.0,19800,4580,27100,4590,4500,0,42400,214248449,2026-07-30,4.68,6.63645,4680.0
2026-07-31,2026-07-31T19:31:22.749775+07:00,SCS,HOSE,43400,43400,0.0,136800,136800,141110.0,141110.0,0.9694564524130111,49509.799999999996,-12.3405871160861,True,False,False,False,True,BELOW_MA200,False,270,1.0,OK,OK,2026-07-31T15:03:25.480595+07:00,1785484801405,43400,43650,43750,43400,43566,5959780000,0,0.0,46400,40400,43400.0,9000,43350,400,43300,5600,43650.0,300,43700,3700,43750,2400,3700,47100,22308230,2026-07-30,43.4,49.5098,43400.0
2026-07-31,2026-07-31T19:31:22.749775+07:00,SHB,HOSE,11500,11500,0.0,36640700,36640700,60812130.0,60812130.0,0.6025228848257741,15020.2,-23.436438928909073,True,False,False,False,True,BELOW_MA200,False,270,1.0,OK,OK,2026-07-31T15:03:25.480595+07:00,1785484801321,11750,11750,11800,11500,11591,424700785000,-250,-2.127659574468085,12550,10950,11500.0,2810800,11450,1718200,11400,3566400,11550.0,559000,11600,1317400,11650,1126800,2751900,5171300,1385722398,2026-07-30,11.75,15.0202,11750.0
2026-07-31,2026-07-31T19:31:22.749775+07:00,SHI,HOSE,14000,14000,0.0,123200,123200,126780.0,126780.0,0.9717621075879477,14361.5,-2.517146537617937,True,False,False,False,True,BELOW_MA200,False,270,1.0,OK,OK,2026-07-31T15:03:25.480595+07:00,1785484801175,14000,14000,14200,14000,14041,1729905000,0,0.0,14950,13050,14000.0,1600,13950,2000,13850,13300,14050.0,2000,14100,1100,14250,1000,400,0,83050283,2026-07-30,14.0,14.3615,14000.0
2026-07-31,2026-07-31T19:31:22.749775+07:00,SSI,HOSE,23550,23550,0.0,17843900,17843900,24786590.0,24786590.0,0.7199013660209008,29300.100000000002,-19.624847696765546,True,False,False,False,True,BELOW_MA200,False,270,1.0,OK,OK,2026-07-31T15:03:25.480595+07:00,1785486740850,24000,24100,24100,23500,23764,424046135000,-450,-1.875,25650,22350,23550.0,206200,23500,1392100,23450,204900,23600.0,208700,23650,251700,23700,221000,1048061,1738500,1753229509,2026-07-30,24.0,29.3001,24000.0
2026-07-31,2026-07-31T19:31:22.749775+07:00,SZC,HOSE,17650,17650,0.0,383900,383900,364720.0,364720.0,1.052588286905023,28184.25,-37.37637155503517,True,False,False,False,True,BELOW_MA200,False,270,1.0,OK,OK,2026-07-31T15:03:25.480595+07:00,1785484800999,17950,18100,18150,17650,17847,6851530000,-300,-1.6713091922005572,19200,16700,17650.0,3200,17600,27100,17550,9800,17750.0,3000,17800,2800,17850,1200,22000,146800,33427868,2026-07-30,17.95,28.18425,17950.0
2026-07-31,2026-07-31T19:31:22.749775+07:00,TAL,HOSE,22250,22250,0.0,351300,351300,219900.0,219900.0,1.5975443383356072,30890.350000000002,-27.971033024876707,True,False,False,False,True,BELOW_MA200,False,270,1.0,OK,OK,2026-07-31T15:03:25.480595+07:00,1785484800725,20800,20900,22250,20750,21963,7715545000,1450,6.971153846153847,22250,19350,22250.0,41000,22200,6300,22100,2000,,0,0,0,0,0,25300,15000,197226614,2026-07-30,20.8,30.89035,20800.0
2026-07-31,2026-07-31T19:31:22.749775+07:00,TCB,HOSE,28950,28950,0.0,11594700,11594700,12728500.0,12728500.0,0.9109243037278548,32943.85,-12.123203572138651,True,False,False,False,True,BELOW_MA200,False,270,1.0,OK,OK,2026-07-31T15:03:25.480595+07:00,1785486741450,29300,29550,29550,28950,29199,338554090000,-350,-1.1945392491467577,31350,27250,28950.0,93400,28900,309100,28850,89900,29000.0,17800,29100,7200,29150,15500,923760,3378700,98894377,2026-07-30,29.3,32.94385,29300.0
2026-07-31,2026-07-31T19:31:22.749775+07:00,TCH,HOSE,11400,11400,0.0,4050300,4050300,5097580.0,5097580.0,0.7945534940108836,16853.899999999998,-32.3598692290805,True,False,False,False,True,BELOW_MA200,False,270,1.0,OK,OK,2026-07-31T15:03:25.480595+07:00,1785484800566,11550,11700,11750,11400,11572,46871715000,-150,-1.2987012987012987,12350,10750,11400.0,82800,11350,70400,11300,105500,11500.0,120000,11550,77400,11600,64000,97200,948100,376509947,2026-07-30,11.55,16.8539,11550.0
2026-07-31,2026-07-31T19:31:22.749775+07:00,TCM,HOSE,16600,16600,0.0,2260700,2260700,1483620.0,1483620.0,1.523772933770103,22966.35,-27.720338669401094,True,False,False,False,True,BELOW_MA200,False,270,1.0,OK,OK,2026-07-31T15:03:25.480595+07:00,1785484801208,16700,16600,16750,16250,16454,37197675000,-100,-0.5988023952095809,17850,15550,16300.0,9600,16250,29300,16200,38800,16600.0,46400,16650,52100,16700,72000,30800,152400,1972790,2026-07-30,16.7,22.96635,16700.0
2026-07-31,2026-07-31T19:31:22.749775+07:00,TDC,HOSE,7070,7070,0.0,523000,523000,347980.0,347980.0,1.5029599402264497,10178.2,-30.537816116798655,True,False,False,False,True,BELOW_MA200,False,270,1.0,OK,OK,2026-07-31T15:03:25.480595+07:00,1785484800652,7010,7040,7100,6900,6943,3630951000,60,0.8559201141226819,7500,6520,7000.0,1800,6970,100,6960,1300,7070.0,10000,7080,9700,7090,3900,0,0,63095160,2026-07-30,7.01,10.1782,7010.0
2026-07-31,2026-07-31T19:31:22.749775+07:00,TDP,HOSE,28000,28000,0.0,247200,247200,254630.0,254630.0,0.9708204060794093,29083.8,-3.72647315687771,True,False,False,False,True,BELOW_MA200,False,270,1.0,OK,OK,2026-07-31T15:03:25.480595+07:00,1785484800525,28000,28000,28100,28000,28014,6925170000,0,0.0,29950,26050,27850.0,600,27800,200,27650,900,28100.0,10000,28300,100,28600,100,1000,12800,47515338,2026-07-30,28.0,29.0838,28000.0
2026-07-31,2026-07-31T19:31:22.749775+07:00,TPB,HOSE,14100,14100,0.0,10522700,10522700,9357370.0,9357370.0,1.1245360608803543,16564.05,-14.875890860025171,True,False,False,False,True,BELOW_MA200,False,270,1.0,OK,OK,2026-07-31T15:03:25.480595+07:00,1785484800483,14400,14500,14700,14100,14316,150644560000,-300,-2.083333333333333,15400,13400,14100.0,1841100,14050,699300,14000,5543700,14200.0,2000,14300,16100,14350,98800,801000,1304500,218317832,2026-07-30,14.4,16.564049999999998,14400.0
2026-07-31,2026-07-31T19:31:22.749775+07:00,TTF,HOSE,1810,1810,0.0,847200,847200,428260.0,428260.0,1.9782375192639985,2707.75,-33.15483334872126,True,False,False,False,True,BELOW_MA200,False,270,1.0,OK,OK,2026-07-31T15:03:25.480595+07:00,1785484800627,1820,1820,1840,1800,1812,1535065000,-10,-0.5494505494505495,1940,1700,1810.0,900,1800,17700,1790,70900,1820.0,11000,1830,66100,1840,55300,10700,3800,183448491,2026-07-30,1.82,2.70775,1820.0
2026-07-31,2026-07-31T19:31:22.749775+07:00,TV2,HOSE,25700,25700,0.0,197300,197300,142010.0,142010.0,1.3893387789592282,33588.299999999996,-23.48526123679971,True,False,False,False,True,BELOW_MA200,False,270,1.0,OK,OK,2026-07-31T15:03:25.480595+07:00,1785484801086,25550,25600,26500,25500,25944,5118840000,150,0.5870841487279843,27300,23800,25700.0,7700,25600,1000,25550,6000,26000.0,200,26050,4600,26100,3300,33100,7300,5541361,2026-07-30,25.55,33.5883,25550.0
2026-07-31,2026-07-31T19:31:22.749775+07:00,VAB,HOSE,10100,10100,0.0,691400,691400,574880.0,574880.0,1.202685777901475,10665.699999999999,-5.3039181675839275,True,False,False,False,True,BELOW_MA200,False,270,1.0,OK,OK,2026-07-31T15:03:25.480595+07:00,1785484800443,10250,10300,10300,10000,10080,6969425000,-150,-1.4634146341463417,10950,9540,10000.0,10700,9990,36500,9980,2100,10100.0,16100,10150,700,10200,32900,169300,313500,1667999,2026-07-30,10.25,10.6657,10250.0
2026-07-31,2026-07-31T19:31:22.749775+07:00,VCG,HOSE,15500,15500,0.0,2114400,2114400,3695740.0,3695740.0,0.5721181684858784,19442.25,-20.27671694376937,True,False,False,False,True,BELOW_MA200,False,270,1.0,OK,OK,2026-07-31T15:03:25.480595+07:00,1785484800574,15650,15800,15800,15500,15621,33029665000,-150,-0.9584664536741214,16700,14600,15500.0,84700,15450,20600,15400,30000,15550.0,30600,15600,36900,15650,41600,107200,70600,302797427,2026-07-30,15.65,19.44225,15650.0
2026-07-31,2026-07-31T19:31:22.749775+07:00,VCI,HOSE,21300,21300,0.0,9945000,9945000,10471160.0,10471160.0,0.9497515079513635,25702.75,-17.129490035112973,True,False,False,False,True,BELOW_MA200,False,270,1.0,OK,OK,2026-07-31T15:03:25.480595+07:00,1785484800753,21500,21800,21800,21150,21380,212621550000,-200,-0.9302325581395349,23000,20000,21300.0,18300,21250,87900,21200,153700,21350.0,6000,21400,137900,21450,54700,1506000,533200,953130247,2026-07-30,21.5,25.70275,21500.0
2026-07-31,2026-07-31T19:31:22.749775+07:00,VDS,HOSE,11800,11800,0.0,772300,772300,1265720.0,1265720.0,0.6101665455234965,16181.750000000002,-27.07834443122654,True,False,False,False,True,BELOW_MA200,False,270,1.0,OK,OK,2026-07-31T15:03:25.480595+07:00,1785484801480,12200,12250,12250,11800,11970,9244055000,-400,-3.278688524590164,13050,11350,11800.0,4100,11750,23800,11700,27900,11850.0,3300,11900,3700,11950,5500,0,75200,269417976,2026-07-30,12.2,16.18175,12200.0
2026-07-31,2026-07-31T19:31:22.749775+07:00,VGC,HOSE,37850,37850,0.0,380800,380800,450970.0,450970.0,0.8444020666563186,42076.95,-10.045761396679174,True,False,False,False,True,BELOW_MA200,False,270,1.0,OK,OK,2026-07-31T15:03:25.480595+07:00,1785486744752,37750,37900,37900,37300,37624,14327155000,100,0.26490066225165565,40350,35150,37550.0,2600,37500,4900,37450,8500,37850.0,400,37900,14000,37950,2400,66736,26800,215672300,2026-07-30,37.75,42.07695,37750.0
2026-07-31,2026-07-31T19:31:22.749775+07:00,VHC,HOSE,52600,52600,0.0,248700,248700,204760.0,204760.0,1.2145926938855245,58454.00000000001,-10.014712423444088,True,False,False,False,True,BELOW_MA200,False,270,1.0,OK,OK,2026-07-31T15:03:25.480595+07:00,1785484800590,54100,54500,54700,52600,53559,13320200000,-1500,-2.7726432532347505,57800,50400,52600.0,3200,52500,6900,52300,3200,53700.0,200,53800,4900,53900,6500,10900,68800,169987528,2026-07-30,54.1,58.45400000000001,54100.0
2026-07-31,2026-07-31T19:31:22.749775+07:00,VIB,HOSE,14500,14500,0.0,8266600,8266600,7159330.0,7159330.0,1.154661120523848,16542.5,-12.346985038537102,True,False,False,False,True,BELOW_MA200,False,270,1.0,OK,OK,2026-07-31T15:03:25.480595+07:00,1785484800915,14750,14800,14950,14500,14690,121432545000,-250,-1.694915254237288,15750,13750,14500.0,72300,14450,209700,14400,1197100,14600.0,8700,14650,22300,14700,72900,213300,877700,51585265,2026-07-30,14.75,16.5425,14750.0
2026-07-31,2026-07-31T19:31:22.749775+07:00,VIX,HOSE,13000,13000,0.0,52038700,52038700,50384890.0,50384890.0,1.032823531022892,18949.649999999998,-31.39714981543194,True,False,False,False,True,BELOW_MA200,False,270,1.0,OK,OK,2026-07-31T15:03:25.480595+07:00,1785484801170,13050,13200,13400,12950,13146,684102475000,-50,-0.38314176245210724,13950,12150,13000.0,1045800,12950,1393000,12900,1439100,13050.0,296900,13100,497200,13150,286900,1233300,5573200,2284012973,2026-07-30,13.05,18.94965,13050.0
2026-07-31,2026-07-31T19:31:22.749775+07:00,VJC,HOSE,125000,125000,0.0,1446000,1446000,1066370.0,1066370.0,1.3560021380946576,136915.05000000002,-8.702512981589692,True,False,False,False,True,BELOW_MA200,False,270,1.0,OK,OK,2026-07-31T15:03:25.480595+07:00,1785486745953,124200,124400,126500,123600,124863,180551550000,800,0.644122383252818,132800,115600,125000.0,28800,124300,51700,124200,3900,125200.0,5400,125300,6300,125400,2200,129410,68100,183164967,2026-07-30,124.2,136.91505,124200.0
2026-07-31,2026-07-31T19:31:22.749775+07:00,VND,HOSE,16600,16600,0.0,10605700,10605700,14098650.0,14098650.0,0.7522493288364489,17785.35,-6.664754980925304,True,False,False,False,True,BELOW_MA200,False,270,1.0,OK,OK,2026-07-31T15:03:25.480595+07:00,1785486746253,17050,17100,17100,16550,16729,177426510000,-450,-2.6392961876832843,18200,15900,16600.0,178300,16550,572500,16500,418800,16650.0,70400,16700,124600,16750,125800,213850,1925900,1387077179,2026-07-30,17.05,17.785349999999998,17050.0
2026-07-31,2026-07-31T19:31:22.749775+07:00,VOS,HOSE,10850,10850,0.0,502800,502800,390820.0,390820.0,1.2865257663374443,12892.75,-15.844175990382192,True,False,False,False,True,BELOW_MA200,False,270,1.0,OK,OK,2026-07-31T15:03:25.480595+07:00,1785484801483,11100,11400,11400,10750,10942,5501435000,-250,-2.2522522522522523,11850,10350,10800.0,9600,10750,17300,10700,21400,10850.0,200,10900,200,10950,7600,65100,25300,67566495,2026-07-30,11.1,12.89275,11100.0
2026-07-31,2026-07-31T19:31:22.749775+07:00,VPB,HOSE,24800,24800,0.0,12104700,12104700,15363400.0,15363400.0,0.7878920030722366,27314.3,-9.205068407390998,True,False,False,False,True,BELOW_MA200,False,270,1.0,OK,OK,2026-07-31T15:03:25.480595+07:00,1785484800710,25000,25200,25500,24800,25005,302682350000,-200,-0.8,26750,23250,24800.0,193500,24750,223300,24700,331000,24850.0,100,24900,18800,24950,22400,248700,2985900,527301351,2026-07-30,25.0,27.3143,25000.0
2026-07-31,2026-07-31T19:31:22.749775+07:00,VPG,HOSE,1870,1870,0.0,130000,130000,239130.0,239130.0,0.5436373520679129,4550.4,-58.90471167369902,True,False,False,False,True,BELOW_MA200,False,270,1.0,OK,OK,2026-07-31T15:03:25.480595+07:00,1785484800714,1810,1870,1920,1830,1877,244043000,60,3.314917127071823,1930,1690,1850.0,1100,1840,1000,1830,1800,1870.0,700,1890,4400,1900,1800,0,0,43023824,2026-07-30,1.81,4.5504,1810.0
2026-07-31,2026-07-31T19:31:22.749775+07:00,VPL,HOSE,79600,79600,0.0,480900,480900,661940.0,661940.0,0.7265008913194549,85621.00000000001,-7.032153326870761,True,False,False,False,True,BELOW_MA200,False,270,1.0,OK,OK,2026-07-31T15:03:25.480595+07:00,1785484801369,79500,80500,80500,77400,79039,38009930000,100,0.12578616352201258,85000,74000,79000.0,1000,77900,200,77800,500,79600.0,2500,79700,8000,79800,1200,112200,47900,801586971,2026-07-30,79.5,85.62100000000001,79500.0
2026-07-31,2026-07-31T19:31:22.749775+07:00,VSC,HOSE,13800,13800,0.0,13535400,13535400,9083220.0,9083220.0,1.4901543725683182,21533.999999999996,-35.915296740039,True,False,False,False,True,BELOW_MA200,False,270,1.0,OK,OK,2026-07-31T15:03:25.480595+07:00,1785484800665,13650,14050,14300,13650,13927,188500830000,150,1.098901098901099,14600,12700,13800.0,129500,13750,103600,13700,90700,13850.0,21300,13900,82400,13950,59500,755100,1560100,167395328,2026-07-30,13.65,21.533999999999995,13650.0
2026-07-31,2026-07-31T19:31:22.749775+07:00,VTO,HOSE,10450,10450,0.0,13100,13100,98660.0,98660.0,0.13277924184066492,10715.199999999999,-2.474988800955642,True,False,False,False,True,BELOW_MA200,False,270,1.0,OK,OK,2026-07-31T15:03:25.480595+07:00,1785484800366,10550,10600,10600,10450,10516,137760000,-100,-0.9478672985781991,11250,9820,10400.0,5300,10350,8300,10300,2100,10450.0,8200,10500,500,10550,9700,0,0,-3210048,2026-07-30,10.55,10.7152,10550.0
2026-07-31,2026-07-31T19:31:22.749775+07:00,VTP,HOSE,48000,48000,0.0,673200,673200,407980.0,407980.0,1.6500808863179568,61072.25,-21.40456590349954,True,False,False,False,True,BELOW_MA200,False,270,1.0,OK,OK,2026-07-31T15:03:25.480595+07:00,1785486747454,47000,47050,48650,46500,48017,32325320000,1000,2.127659574468085,50200,43750,47950.0,700,47900,2200,47850,3100,48000.0,2700,48050,700,48100,3400,39504,90900,77741131,2026-07-30,47.0,61.07225,47000.0
2026-07-31,2026-07-31T19:31:22.749775+07:00,YEG,HOSE,7410,7410,0.0,274300,274300,628250.0,628250.0,0.43660962992439317,10339.55,-28.333438109008608,True,False,False,False,True,BELOW_MA200,False,270,1.0,OK,OK,2026-07-31T15:03:25.480595+07:00,1785484801235,7550,7480,7550,7410,7454,2044764000,-140,-1.8543046357615895,8070,7030,7410.0,3400,7400,27100,7390,1100,7420.0,11200,7440,1500,7450,7200,8600,51200,75725625,2026-07-30,7.55,10.33955,7550.0
2026-07-31,2026-07-31T19:31:22.749775+07:00,AAH,UPCOM,2000,2000,0.0,339900,339900,511530.0,511530.0,0.6644771567649991,3242.0,-38.30968537939544,True,False,False,False,True,BELOW_MA200,False,270,1.0,OK,OK,2026-07-31T15:03:25.480595+07:00,1785484803785,1900,2000,2000,1900,1901,646000000,100,5.263157894736842,2100,1700,1900.0,23800,1800,288000,1700,252600,2000.0,864800,2100,295000,0,0,0,0,0,2026-07-30,1.9,3.242,1900.0
2026-07-31,2026-07-31T19:31:22.749775+07:00,AAS,UPCOM,7200,7200,0.0,426800,426800,788120.0,788120.0,0.5415418971730194,8979.5,-19.817361768472633,True,False,False,False,True,BELOW_MA200,False,270,1.0,OK,OK,2026-07-31T15:03:25.480595+07:00,1785484803708,7300,7400,7400,7100,7207,3075810000,-100,-1.36986301369863,8300,6300,7100.0,233900,7000,174300,6900,27200,7200.0,40400,7300,122800,7400,129600,0,0,229788805,2026-07-30,7.4,8.9795,7400.0
2026-07-31,2026-07-31T19:31:22.749775+07:00,AAV,UPCOM,6600,6600,0.0,533800,533800,330020.0,330020.0,1.6174777286225077,6623.499999999999,-0.35479731259906533,True,False,False,False,True,BELOW_MA200,False,270,1.0,OK,OK,2026-07-31T15:03:25.480595+07:00,1785484803820,6400,6300,6600,6300,6453,3444540000,200,3.125,7300,5500,6500.0,100,6400,11100,6300,24800,6600.0,34800,6700,21800,6800,42000,0,0,33779977,2026-07-30,6.4,6.623499999999999,6400.0
2026-07-31,2026-07-31T19:31:22.749775+07:00,ACV,UPCOM,39200,39200,0.0,360500,360500,441930.0,441930.0,0.8157400493290793,49036.0,-20.05873235989885,True,False,False,False,True,BELOW_MA200,False,270,1.0,OK,OK,2026-07-31T15:03:25.480595+07:00,1785484803815,39200,39600,39900,39100,39383,14197660000,0,0.0,45000,33400,39100.0,6200,39000,29000,38900,1500,39200.0,800,39300,4200,39400,4900,30500,54200,1693586627,2026-07-30,39.5,49.036,39500.0
2026-07-31,2026-07-31T19:31:22.749775+07:00,BIG,UPCOM,4300,4300,0.0,593500,593500,454360.0,454360.0,1.3062329430407607,5427.099999999999,-20.767997641465968,True,False,False,False,True,BELOW_MA200,False,270,1.0,OK,OK,2026-07-31T15:03:25.480595+07:00,1785484803807,4200,4300,4500,4200,4336,2573590000,100,2.380952380952381,4800,3600,4200.0,152000,4100,80900,4000,55900,4300.0,26300,4400,97300,4500,75900,1000,0,16396091,2026-07-30,4.3,5.427099999999999,4300.0
2026-07-31,2026-07-31T19:31:22.749775+07:00,C4G,UPCOM,5600,5600,0.0,185900,185900,208150.0,208150.0,0.8931059332212347,7575.999999999999,-26.082365364308334,True,False,False,False,True,BELOW_MA200,False,270,1.0,OK,OK,2026-07-31T15:03:25.480595+07:00,1785484803862,5700,5800,5800,5500,5583,1037910000,-100,-1.7543859649122806,6500,4900,5500.0,100000,5400,53600,5300,98500,5600.0,52400,5700,67800,5800,74600,0,0,-99497,2026-07-30,5.7,7.575999999999999,5700.0
2026-07-31,2026-07-31T19:31:22.749775+07:00,DDV,UPCOM,18100,18100,0.0,163400,163400,322330.0,322330.0,0.506933887630689,25511.299999999996,-29.051047966979326,True,False,False,False,True,BELOW_MA200,False,270,1.0,OK,OK,2026-07-31T15:03:25.480595+07:00,1785484804006,18300,18700,18700,18000,18170,2968930000,-200,-1.092896174863388,21000,15600,18100.0,1000,18000,7300,17900,29400,18200.0,9600,18300,10000,18400,5200,0,0,67326251,2026-07-30,18.3,25.511299999999995,18300.0
2026-07-31,2026-07-31T19:31:22.749775+07:00,DRI,UPCOM,12900,12900,0.0,230500,230500,455000.0,455000.0,0.5065934065934066,13054.0,-1.1797150298759,True,False,False,False,True,BELOW_MA200,False,270,1.0,OK,OK,2026-07-31T15:03:25.480595+07:00,1785484804087,13000,13100,13200,12800,12917,2977330000,-100,-0.7692307692307693,14900,11100,12800.0,30900,12700,40200,12600,81400,12900.0,12000,13000,45900,13100,90100,0,0,35734521,2026-07-30,13.0,13.054,13000.0
2026-07-31,2026-07-31T19:31:22.749775+07:00,FOX,UPCOM,63400,63400,0.0,86400,86400,66160.0,66160.0,1.305925030229746,73880.5,-14.185745900474414,True,False,False,False,True,BELOW_MA200,False,270,1.0,OK,OK,2026-07-31T15:03:25.480595+07:00,1785484803976,63900,65800,65900,63000,63933,5523800000,-500,-0.7824726134585289,73400,54400,63400.0,1400,63300,1000,63100,100,63600.0,300,63700,4000,63800,1000,0,0,-11957,2026-07-30,64.5,73.8805,64500.0
2026-07-31,2026-07-31T19:31:22.749775+07:00,HBC,UPCOM,4200,4200,0.0,433400,433400,717590.0,717590.0,0.6039660530386433,5678.0,-26.03029235646354,True,False,False,False,True,BELOW_MA200,False,270,1.0,OK,OK,2026-07-31T15:03:25.480595+07:00,1785484804284,4100,4100,4200,4100,4160,1802950000,100,2.4390243902439024,4700,3500,4100.0,476800,4000,308900,3900,62400,4200.0,490200,4300,211500,4400,125700,0,0,142319042,2026-07-30,4.1,5.678,4100.0
2026-07-31,2026-07-31T19:31:22.749775+07:00,HNM,UPCOM,7900,7900,0.0,209100,209100,273720.0,273720.0,0.7639193336256028,8018.499999999999,-1.4778325123152598,True,False,False,False,True,BELOW_MA200,False,270,1.0,OK,OK,2026-07-31T15:03:25.480595+07:00,1785484804331,7800,7800,7900,7800,7890,1649840000,100,1.282051282051282,8900,6700,7800.0,2100,7700,3100,7600,5900,7900.0,300,8000,2300,8100,1900,0,0,-67950,2026-07-30,7.8,8.0185,7800.0
2026-07-31,2026-07-31T19:31:22.749775+07:00,OIL,UPCOM,13000,13000,0.0,1189500,1189500,1145000.0,1145000.0,1.0388646288209606,13855.0,-6.171057380007217,True,False,False,False,True,BELOW_MA200,False,270,1.0,OK,OK,2026-07-31T15:03:25.480595+07:00,1785484804749,13300,13400,13600,12800,13076,15554080000,-300,-2.2556390977443606,15200,11400,12900.0,94100,12800,59300,12700,73100,13000.0,27800,13100,33500,13200,23000,0,0,66629654,2026-07-30,13.4,13.855,13400.0
2026-07-31,2026-07-31T19:31:22.749775+07:00,PAS,UPCOM,2400,2400,0.0,84000,84000,114370.0,114370.0,0.7344583369764799,2870.5000000000005,-16.390872670266518,True,False,False,False,True,BELOW_MA200,False,270,1.0,OK,OK,2026-07-31T15:03:25.480595+07:00,1785484804581,2400,2400,2400,2300,2394,201100000,0,0.0,2700,2100,2300.0,81600,2200,45400,2100,59200,2400.0,40200,2500,600,2600,52200,0,0,13247362,2026-07-30,2.4,2.8705000000000003,2400.0
2026-07-31,2026-07-31T19:31:22.749775+07:00,QTP,UPCOM,11100,11100,0.0,102900,102900,183570.0,183570.0,0.5605491093315901,12175.599999999999,-8.83406156575445,True,False,False,False,True,BELOW_MA200,False,270,1.0,OK,OK,2026-07-31T15:03:25.480595+07:00,1785484804643,11200,11200,11200,11000,11100,1142170000,-100,-0.8928571428571428,12800,9600,11100.0,16900,11000,75000,10900,61400,11200.0,60700,11300,55600,11400,41200,0,0,-3887500,2026-07-30,11.2,12.1756,11200.0
2026-07-31,2026-07-31T19:31:22.749775+07:00,SBS,UPCOM,4500,4500,0.0,911800,911800,588290.0,588290.0,1.5499158578252223,5403.000000000001,-16.712937257079414,True,False,False,False,True,BELOW_MA200,False,270,1.0,OK,OK,2026-07-31T15:03:25.480595+07:00,1785484805107,4600,4800,4800,4500,4630,4221670000,-100,-2.1739130434782608,5200,4000,4500.0,1208600,4400,993300,4300,1025200,4600.0,98100,4700,196800,4800,281700,100,79400,145031978,2026-07-30,4.8,5.4030000000000005,4800.0
2026-07-31,2026-07-31T19:31:22.749775+07:00,TOS,UPCOM,91700,91700,0.0,60100,60100,64600.0,64600.0,0.9303405572755418,96819.05,-5.287234278791212,True,False,False,False,True,BELOW_MA200,False,270,1.0,OK,OK,2026-07-31T15:03:25.480595+07:00,1785484804857,92300,92300,93000,89500,91544,5501810000,-600,-0.6500541711809318,106100,78500,91000.0,1600,90100,100,90000,2400,91700.0,200,91800,500,91900,100,0,0,0,2026-07-30,92.6,96.81905,92600.0
2026-07-31,2026-07-31T19:31:22.749775+07:00,TVN,UPCOM,8700,8700,0.0,393300,393300,435150.0,435150.0,0.9038262668045501,8920.499999999998,-2.4718345384227143,True,False,False,False,True,BELOW_MA200,False,270,1.0,OK,OK,2026-07-31T15:03:25.480595+07:00,1785484804953,8600,8800,8900,8500,8677,3412580000,100,1.1627906976744187,9800,7400,8600.0,400,8500,35100,8400,70600,8700.0,25000,8800,40600,8900,53200,0,0,329618000,2026-07-30,8.7,8.920499999999999,8700.0
2026-07-31,2026-07-31T19:31:22.749775+07:00,VEA,UPCOM,34400,34400,0.0,218600,218600,231860.0,231860.0,0.9428103165703442,34803.3,-1.158798159944611,True,False,False,False,True,BELOW_MA200,False,270,1.0,OK,OK,2026-07-31T15:03:25.480595+07:00,1785484805274,34000,34300,34700,34300,34429,7526210000,400,1.1764705882352942,39100,28900,34300.0,2200,34200,13600,34100,10800,34400.0,42900,34500,34500,34600,23100,1000,1000,632500115,2026-07-30,34.2,34.8033,34200.0
2026-07-31,2026-07-31T19:31:22.749775+07:00,VGT,UPCOM,10800,10800,0.0,295000,295000,190990.0,190990.0,1.5445834860463898,12228.9,-11.684615950739639,True,False,False,False,True,BELOW_MA200,False,270,1.0,OK,OK,2026-07-31T15:03:25.480595+07:00,1785484805255,10600,10600,11100,10600,10842,3198440000,200,1.8867924528301887,12100,9100,10700.0,11500,10600,68300,10500,19900,10800.0,12800,10900,53300,11000,111300,0,0,174809530,2026-07-30,10.8,12.2289,10800.0
2026-07-31,2026-07-31T19:31:22.749775+07:00,VHG,UPCOM,1700,1700,0.0,81400,81400,260480.0,260480.0,0.3125,1837.5,-7.482993197278912,True,False,False,False,True,BELOW_MA200,False,270,1.0,OK,OK,2026-07-31T15:03:25.480595+07:00,1785484805260,1700,1700,1700,1600,1602,130390000,0,0.0,1900,1500,1600.0,67400,1500,368300,0,0,1700.0,167600,1800,247300,1900,394900,0,0,73272325,2026-07-30,1.6,1.8375,1600.0
2026-07-31,2026-07-31T19:31:22.749775+07:00,VNE,UPCOM,2000,2000,0.0,459400,459400,667690.0,667690.0,0.6880438526861268,4851.35,-58.77436177558825,True,False,False,False,True,BELOW_MA200,False,270,1.0,OK,OK,2026-07-31T15:03:25.480595+07:00,1785484805250,2000,2000,2100,1900,1996,916880000,0,0.0,2300,1700,1900.0,473100,1800,173800,1700,190700,2000.0,141200,2100,264800,2200,204800,0,0,43919654,2026-07-30,2.1,4.85135,2100.0
